Name,Team,W,L,SV,ERA,GS,G,IP,H,ER,HR,SO,BB,WHIP,K/9,BB/9,FIP,ADP,playerid
Kirby Yates,Padres,3,3,34,2.62,0,63,62,47,18,7,91,18,1.03,13.16,2.54,2.71,72.4,9073
Josh Hader,Brewers,4,3,35,2.84,0,70,76,48,24,10,132,27,0.98,15.59,3.2,2.74,56.8,14212
Liam Hendriks,Athletics,4,3,31,2.91,0,68,68,54,22,7,91,20,1.09,12.09,2.61,2.78,92.8,3548
Nick Anderson,Rays,4,3,22,3.19,0,66,63,48,22,8,93,18,1.05,13.29,2.6,2.85,156.9,18337
Jacob deGrom,Mets,14,8,0,2.77,32,32,203,164,62,21,249,47,1.04,11.07,2.09,2.86,7.3,10954
Edwin Diaz,Mets,3,3,32,3.24,0,65,65,48,23,8,101,22,1.07,14.06,3.04,2.86,109.3,14710
Aroldis Chapman,Yankees,4,2,36,2.76,0,60,59,40,18,5,88,26,1.13,13.43,4.02,2.89,76.7,10233
Isaac Mattson,Orioles,0,0,0,3.75,0,4,7,6,3,1,8,2,1.22,11.01,2.92,2.94,999,sa915667
Chris Sale,Red Sox,10,5,0,3.35,22,22,130,103,48,16,178,31,1.03,12.37,2.13,2.96,35.2,10603
Chris Martin,Braves,2,2,1,3.42,0,56,54,51,21,6,60,8,1.1,9.89,1.4,2.99,594.4,11847
Austin Adams,Mariners,1,1,0,3.63,0,23,23,17,9,2,34,11,1.23,13.34,4.49,3,999,13801
Jose Castillo,Padres,2,1,0,3.57,0,29,28,22,11,3,39,11,1.17,12.56,3.5,3.01,999,17169
Taylor Rogers,Twins,3,3,30,3.11,0,66,67,57,23,7,80,16,1.09,10.68,2.12,3.01,101,13449
Ken Giles,Blue Jays,2,3,33,3.12,0,63,63,51,22,8,86,19,1.11,12.18,2.78,3.06,115.8,12910
Ryan Pressly,Astros,3,2,5,3.06,0,63,60,48,20,7,77,16,1.07,11.55,2.44,3.08,401.5,7005
Max Scherzer,Nationals,14,8,0,3.1,29,30,188,147,65,24,251,44,1.02,11.99,2.11,3.1,15.4,3137
Gerrit Cole,Yankees,16,8,0,3.14,32,32,203,154,71,28,280,56,1.03,12.4,2.48,3.13,5.9,13125
Will Smith,Braves,4,2,15,3.18,0,62,61,49,22,8,83,20,1.12,12.14,2.96,3.15,149.4,8048
Walker Buehler,Dodgers,15,7,0,3.24,32,32,189,159,68,23,217,43,1.06,10.31,2.03,3.2,15.4,19374
Matt Barnes,Red Sox,4,3,5,3.56,0,67,66,51,26,7,96,32,1.26,13.03,4.39,3.22,489.1,12863
Dellin Betances,Mets,3,3,3,3.05,0,53,52,36,18,5,81,24,1.16,14.05,4.2,3.22,384.6,6216
Seth Lugo,Mets,4,3,5,3.14,0,63,72,60,25,9,83,17,1.07,10.38,2.12,3.24,309.9,12447
Corey Knebel,Brewers,2,2,4,3.4,0,49,48,37,18,6,69,21,1.21,12.9,4,3.31,508.1,15010
Roberto Osuna,Astros,3,2,37,3.11,0,63,63,52,22,8,71,12,1.02,10.17,1.74,3.31,81.6,13764
Diego Castillo,Rays,4,3,7,3.31,0,63,64,53,24,7,76,22,1.16,10.59,3.04,3.31,383.3,17496
Chad Green,Yankees,4,3,1,3.62,0,62,67,56,27,10,90,18,1.11,12.02,2.43,3.31,569.5,15552
Giovanny Gallegos,Cardinals,3,3,16,3.27,0,63,68,55,25,9,83,18,1.07,10.92,2.32,3.31,191.1,14986
Will Harris,Nationals,3,2,3,3.12,0,61,58,51,20,6,61,15,1.15,9.39,2.36,3.33,530.2,3192
Andres Munoz,Padres,3,2,4,3.39,0,51,53,40,20,5,69,26,1.24,11.87,4.38,3.33,548,20373
Zac Grotz,Mariners,1,0,0,3.65,1,18,21,21,9,2,21,6,1.26,8.95,2.49,3.34,999,18256
Shane Bieber,Indians,14,8,0,3.6,31,32,196,182,78,27,219,38,1.12,10.08,1.73,3.35,26.7,19427
Justin Verlander,Astros,16,8,0,3.24,32,32,199,154,72,30,257,45,1,11.64,2.04,3.36,12.8,8700
Blake Snell,Rays,13,9,0,3.35,30,30,167,133,62,20,212,65,1.18,11.42,3.47,3.36,32.2,13543
Emmanuel Clase,Indians,2,2,2,3.27,0,30,33,30,12,3,32,10,1.24,8.86,2.8,3.36,504.5,21032
Stephen Strasburg,Nationals,14,8,0,3.41,30,30,188,161,71,22,218,53,1.14,10.44,2.53,3.36,27.4,10131
Colin Poche,Rays,4,3,2,3.79,0,57,57,42,24,8,79,21,1.12,12.54,3.3,3.36,587.8,19403
Andrew Kittredge,Rays,2,1,4,3.8,0,38,39,35,17,5,43,11,1.18,9.93,2.5,3.39,600.2,12828
Mark Melancon,Braves,3,3,20,3.76,0,64,62,64,26,6,58,17,1.28,8.4,2.38,3.39,199.7,4264
Jose Alvarado,Rays,2,3,4,3.51,0,51,49,39,19,4,60,26,1.33,11.03,4.78,3.41,496.9,17780
Charlie Morton,Rays,13,8,0,3.41,30,31,177,149,67,18,206,58,1.17,10.51,2.95,3.41,58.7,4676
Tyler Glasnow,Rays,10,7,0,3.51,27,27,146,116,57,17,175,48,1.13,10.85,2.97,3.42,64.7,14374
Nick Burdi,Pirates,3,2,0,4.55,0,39,37,32,19,4,50,17,1.33,12.05,4.07,3.42,999,16074
Noah Syndergaard,Mets,12,9,0,3.75,31,31,187,177,78,21,191,48,1.2,9.21,2.3,3.44,65.4,11762
Tommy Kahnle,Yankees,3,2,0,3.58,0,63,60,48,24,8,81,22,1.16,12.07,3.22,3.45,587.6,11384
Andrew Chafin,Diamondbacks,2,3,1,3.51,0,65,54,48,21,5,64,22,1.29,10.66,3.61,3.46,999,12988
Oliver Drake,Rays,3,2,1,3.69,0,50,51,43,21,6,60,19,1.21,10.71,3.28,3.46,600.7,8823
Daniel Zamora,Mets,1,0,0,4.36,0,13,12,11,6,1,13,4,1.25,9.85,3.02,3.46,999,17811
Mike Clevinger,Indians,12,7,0,3.34,26,26,156,128,58,19,190,53,1.16,10.98,3.05,3.47,32.5,12808
Jake Diekman,Athletics,2,2,1,3.89,0,61,55,44,24,5,67,28,1.31,11.08,4.56,3.48,600.7,5003
Joe Kelly,Dodgers,4,3,4,4.04,0,61,59,52,26,6,66,24,1.29,10.02,3.69,3.49,597.6,9761
James Karinchak,Indians,2,1,2,3.43,0,47,48,35,18,5,68,27,1.28,12.73,5.05,3.5,478.2,20151
Seranthony Dominguez,Phillies,3,3,2,3.59,0,49,51,42,20,6,61,21,1.24,10.81,3.71,3.5,556.3,19249
Luke Jackson,Braves,4,2,1,3.84,0,59,60,57,26,7,76,24,1.34,11.31,3.62,3.5,591.5,11752
Jack Flaherty,Cardinals,13,8,0,3.33,32,32,188,151,70,24,219,57,1.11,10.47,2.72,3.51,22.5,17479
Emilio Pagan,Padres,3,3,5,3.33,0,62,64,51,24,10,81,17,1.05,11.36,2.33,3.51,284.3,14771
Keone Kela,Pirates,3,3,24,3.22,0,59,59,47,21,7,72,21,1.14,10.84,3.16,3.51,190.9,14696
Jordan Hicks,Cardinals,1,1,5,3.62,0,18,19,16,8,1,20,9,1.29,9.44,4.25,3.52,577.6,19618
Ty Buttrey,Angels,3,3,4,3.7,0,63,64,57,26,8,74,23,1.25,10.4,3.24,3.54,555.8,14719
Brandon Workman,Red Sox,4,3,28,3.26,0,67,67,52,24,7,85,32,1.23,11.42,4.22,3.56,145.8,11428
Patrick Corbin,Nationals,13,9,0,3.54,32,32,192,174,75,24,219,61,1.23,10.26,2.88,3.56,44.1,9323
Aaron Bummer,White Sox,2,2,2,3.2,0,62,62,54,22,5,60,24,1.26,8.76,3.47,3.56,531.9,16258
Wyatt Mills,Mariners,0,0,0,4.52,0,5,6,6,3,0,6,2,1.41,9.28,3.63,3.56,999,sa918372
David Bednar,Padres,0,1,0,4.09,0,11,11,10,5,1,13,5,1.29,10.65,3.76,3.56,999,19569
Tyler Duffey,Twins,4,3,1,3.6,0,60,63,56,25,9,74,16,1.15,10.6,2.32,3.57,590.7,13758
Kenley Jansen,Dodgers,3,3,35,3.64,0,64,63,52,25,9,76,16,1.07,10.9,2.23,3.57,109.5,3096
Jose Leclerc,Rangers,3,3,26,3.66,0,65,65,48,27,7,92,36,1.29,12.69,4.98,3.58,156.7,14524
Gerardo Reyes,Padres,1,0,0,4.39,0,14,15,13,7,2,18,6,1.3,11.16,3.94,3.59,999,16306
Drew Pomeranz,Padres,2,3,5,3.5,0,56,61,50,24,8,75,23,1.19,11.01,3.36,3.6,519.7,11426
Zack Britton,Yankees,3,2,2,2.98,0,61,60,51,20,4,54,27,1.3,8.13,4.09,3.6,531.9,3240
Joakim Soria,Athletics,3,3,2,3.96,0,61,60,53,26,7,67,19,1.21,10.06,2.91,3.61,594.5,6941
Brad Hand,Indians,4,3,31,3.45,0,63,64,52,24,9,84,21,1.15,11.91,3,3.61,104,9111
A.J. Minter,Braves,1,1,0,4.09,0,20,19,18,9,2,22,7,1.32,10.32,3.4,3.62,999,18655
Josh Taylor,Red Sox,3,2,1,3.7,0,58,56,51,23,7,66,23,1.31,10.51,3.66,3.62,600.5,17359
Archie Bradley,Diamondbacks,3,3,31,3.69,0,67,66,60,27,7,74,25,1.28,9.96,3.44,3.62,160.4,12918
Luis Castillo,Reds,13,9,0,3.43,32,32,189,159,72,24,222,65,1.19,10.58,3.11,3.63,38.9,15689
Tanner Scott,Orioles,2,2,0,4.16,0,35,36,31,17,4,44,18,1.37,11.11,4.59,3.63,999,17586
Caleb Ferguson,Dodgers,2,1,0,3.84,0,40,38,32,16,5,46,16,1.25,10.76,3.71,3.63,999,19349
Clayton Kershaw,Dodgers,13,6,0,3.4,28,28,171,153,65,24,177,39,1.12,9.29,2.07,3.65,51,2036
Lance McCullers Jr.,Astros,9,6,0,3.83,22,23,130,117,55,14,143,51,1.29,9.9,3.5,3.66,184.9,14120
Adam Kolarek,Dodgers,3,1,0,3.51,0,43,38,37,15,3,32,12,1.28,7.5,2.74,3.67,999,10843
Trevor Gott,Giants,3,3,3,4.18,0,54,54,50,25,6,54,19,1.29,9.03,3.27,3.67,599.9,15046
Chris Paddack,Padres,11,9,0,3.57,30,30,169,147,67,25,184,39,1.1,9.79,2.09,3.68,53.5,20099
Brandon Woodruff,Brewers,12,8,0,3.75,29,30,165,150,69,21,182,50,1.2,9.88,2.71,3.68,82.9,16162
Kevin Ginkel,Diamondbacks,4,3,2,3.4,0,57,57,47,21,7,67,22,1.21,10.7,3.42,3.69,533.3,19876
Aaron Nola,Phillies,13,9,0,3.69,31,32,192,170,79,24,211,65,1.22,9.88,3.05,3.71,52.2,16149
Mike Soroka,Braves,12,8,0,3.57,30,30,177,173,70,19,151,45,1.23,7.7,2.28,3.71,106.7,18383
Darwinzon Hernandez,Red Sox,2,2,0,4.12,1,48,52,41,24,5,74,37,1.5,12.9,6.4,3.71,596.3,19848
Scott Alexander,Dodgers,1,1,0,3.63,0,28,27,26,11,2,22,10,1.34,7.33,3.49,3.71,999,10591
Yu Darvish,Cubs,12,8,0,3.73,31,31,180,151,75,25,219,57,1.15,10.94,2.83,3.72,58.8,13074
Brusdar Graterol,Dodgers,3,2,0,3.71,1,44,46,40,19,5,47,17,1.23,9.12,3.24,3.72,558.8,20367
Ross Stripling,Dodgers,6,5,0,3.77,11,43,93,90,39,13,93,21,1.2,9.02,2.08,3.72,287.9,13273
Max Fried,Braves,13,9,0,3.59,31,31,172,162,69,18,180,61,1.3,9.42,3.2,3.72,131.7,13743
Justin Wilson,Mets,3,3,1,3.37,0,61,55,44,21,6,66,25,1.27,10.8,4.14,3.72,599.5,4301
Trevor May,Twins,3,3,2,3.78,0,61,59,50,25,8,72,22,1.22,10.93,3.3,3.73,535.5,6398
Brendan McKay,Rays,6,5,0,3.82,18,22,100,89,42,14,111,31,1.2,10.01,2.78,3.74,279.9,20186
Brandon Morrow,,1,0,0,3.42,0,15,16,15,6,2,16,5,1.24,9.01,2.71,3.74,599.5,9346
Jeurys Familia,Mets,3,3,1,4.15,0,56,55,50,25,5,58,27,1.4,9.52,4.43,3.74,597.3,5114
Craig Stammen,Padres,3,3,1,3.66,0,62,63,60,25,8,59,16,1.22,8.51,2.28,3.75,598.1,7274
Rowan Wick,Cubs,3,2,2,3.72,0,63,61,54,25,6,64,27,1.32,9.4,4,3.75,560.9,14646
Brad Brach,Mets,2,2,1,4.25,0,45,44,40,21,5,46,18,1.34,9.59,3.77,3.75,999,6627
Sean Doolittle,Nationals,3,2,23,3.77,0,59,58,52,24,9,66,14,1.13,10.11,2.19,3.75,184.7,1581
Peter Fairbanks,Rays,2,2,1,4.28,0,36,37,33,18,5,45,14,1.28,10.95,3.51,3.76,601,17998
Jeffrey Springs,Rangers,2,1,0,4.5,0,20,24,22,12,3,27,10,1.33,10.25,3.6,3.76,999,17677
Joshua James,Astros,7,5,0,3.94,13,38,106,87,46,15,137,47,1.27,11.63,4,3.77,283.9,16794
Joe Jimenez,Tigers,3,4,26,4.02,0,65,64,56,29,9,81,23,1.23,11.32,3.2,3.78,190.1,15761
Jesus Luzardo,Athletics,9,7,0,3.79,23,29,137,126,58,18,140,41,1.22,9.19,2.69,3.79,119.7,19959
James Paxton,Yankees,8,4,0,3.85,18,18,97,86,42,15,116,30,1.19,10.75,2.79,3.79,172.8,11828
Scott Oberg,Rockies,4,3,9,3.73,0,63,65,61,27,7,65,23,1.29,8.92,3.24,3.79,260.7,13911
Wander Suero,Nationals,3,3,0,4.17,0,51,51,47,23,6,53,18,1.29,9.52,3.17,3.79,999,15855
Dustin May,Dodgers,6,4,0,3.86,14,25,81,79,35,10,71,20,1.23,7.89,2.27,3.79,249,19716
Shohei Ohtani,Angels,6,4,0,3.61,16,20,89,74,36,12,107,37,1.25,10.81,3.78,3.8,128.5,19755
Brad Wieck,Cubs,2,2,0,4.13,0,45,43,34,20,6,58,18,1.24,12.14,3.9,3.8,999,16390
Brett Martin,Rangers,2,3,1,4.22,0,53,57,58,27,7,56,20,1.34,8.85,3.06,3.8,999,17369
Richard Lovelady,Royals,1,1,1,4.44,0,30,30,31,15,3,27,10,1.35,7.85,2.99,3.8,600.7,19337
Raisel Iglesias,Reds,3,4,31,3.73,0,67,68,58,28,10,82,22,1.18,10.95,2.94,3.81,136.6,17130
Nick Vincent,,0,1,0,4.49,0,24,24,24,12,3,22,6,1.23,8.29,2.2,3.81,999,7555
Jeremy Walker,Braves,0,0,0,3.79,0,11,14,14,6,2,11,3,1.23,7.27,1.74,3.82,999,19981
Jose Alvarez,Phillies,2,2,0,3.76,0,57,54,53,22,6,50,17,1.31,8.33,2.83,3.82,999,5358
Reyes Moronta,Giants,1,0,0,3.61,0,13,13,10,5,1,15,7,1.32,10.56,4.67,3.82,596.1,14966
David Robertson,Phillies,0,0,0,3.58,0,6,6,5,2,1,7,3,1.2,10.71,3.71,3.83,999,8241
Trey Wingenter,Padres,1,1,0,4.1,0,24,24,19,11,3,32,12,1.29,11.78,4.49,3.83,999,17793
Trevor Bauer,Reds,12,10,0,3.9,31,31,194,170,84,27,228,71,1.24,10.58,3.29,3.84,82.2,12703
Mitch Keller,Pirates,8,10,0,4.17,27,28,148,145,68,19,156,52,1.33,9.5,3.2,3.84,232.8,17594
Sonny Gray,Reds,12,9,0,3.73,32,32,176,154,73,21,189,69,1.26,9.67,3.51,3.84,101.8,12768
Ryne Stanek,Marlins,2,3,7,3.64,0,69,65,54,26,9,78,29,1.28,10.89,4.01,3.85,519.2,15947
Blake Treinen,Dodgers,4,4,7,3.54,0,64,66,58,26,7,69,27,1.29,9.49,3.64,3.86,338.5,12572
Brian Moran,,1,0,0,3.99,0,14,10,9,5,1,13,5,1.33,11.23,3.99,3.86,999,9646
Ryan Hendrix,Reds,1,0,0,4.2,0,6,6,5,3,1,6,3,1.34,9.44,4.35,3.86,999,sa738145
Matt Strahm,Padres,3,5,0,3.92,2,55,67,62,29,10,72,18,1.18,9.67,2.35,3.86,583.2,13799
Framber Valdez,Astros,4,4,0,4.05,5,39,66,59,30,7,69,31,1.37,9.48,4.3,3.86,593.9,17295
Jace Fry,White Sox,2,2,0,4.18,0,55,51,43,24,6,60,27,1.37,10.59,4.67,3.87,999,16159
Dillon Maples,Cubs,1,1,0,4.47,0,17,15,11,8,1,22,12,1.51,13.12,7.22,3.87,999,14672
Zack Wheeler,Phillies,12,9,0,3.96,31,31,189,182,83,26,188,54,1.25,8.96,2.56,3.88,113.5,10310
Carlos Carrasco,Indians,11,8,0,3.78,26,26,154,144,65,23,175,37,1.17,10.22,2.18,3.88,108.3,6632
Victor Arano,Phillies,2,2,0,3.91,0,31,32,30,14,5,38,12,1.32,10.49,3.47,3.89,999,15915
Cody Reed,Reds,2,2,0,3.94,1,39,46,41,20,5,48,19,1.32,9.44,3.83,3.89,999,15232
Chaz Roe,Rays,2,2,2,4.07,0,57,49,43,22,6,55,22,1.32,10.14,3.97,3.89,999,9866
Lou Trivino,Athletics,4,3,0,4.14,0,59,60,55,28,7,61,26,1.34,9.09,3.8,3.89,597.7,15043
Dinelson Lamet,Padres,9,8,0,3.8,27,27,148,124,63,20,185,58,1.23,11.23,3.55,3.9,133.2,17186
Stefan Crichton,Diamondbacks,2,2,0,4.04,0,45,46,45,21,6,44,16,1.32,8.61,3.01,3.9,999,16058
Junior Fernandez,Cardinals,1,1,0,4.13,0,40,39,35,18,4,44,18,1.35,10,4.21,3.9,999,18496
Marcus Stroman,Mets,11,10,0,3.79,31,31,175,175,74,18,152,58,1.33,7.82,3,3.9,210.2,13431
Marcus Walden,Red Sox,4,3,1,4.07,0,60,64,61,29,7,60,26,1.36,8.38,3.64,3.91,999,8004
David Price,Dodgers,12,7,0,3.79,28,28,150,137,63,22,162,44,1.2,9.7,2.64,3.91,170.4,3184
Joe Musgrove,Pirates,10,11,0,4.12,31,31,172,173,79,23,156,39,1.24,8.2,2.05,3.92,214.3,12970
Adam Ottavino,Yankees,4,3,3,3.57,0,66,64,50,25,8,82,33,1.29,11.55,4.58,3.92,530.2,1247
Tim Hill,Royals,2,2,1,4.05,0,58,52,51,23,6,47,18,1.32,8.12,3.06,3.92,999,16814
Hector Neris,Phillies,3,3,32,3.54,0,67,66,53,26,10,87,23,1.15,11.8,3.14,3.92,130.8,11804
Zac Gallen,Diamondbacks,10,9,0,3.81,30,30,163,147,69,22,174,58,1.26,9.58,3.2,3.92,127.8,19291
German Marquez,Rockies,12,10,0,4.22,30,31,183,179,86,27,190,47,1.24,9.33,2.31,3.92,183.2,15038
Stephen Tarpley,Marlins,2,2,0,4.27,0,36,37,34,18,4,40,17,1.38,9.58,4.15,3.93,999,15859
Lance Lynn,Rangers,12,10,0,4.06,31,31,184,172,83,24,201,64,1.28,9.83,3.11,3.93,124.1,2520
Dylan Floro,Dodgers,2,1,0,3.88,0,31,32,32,14,4,28,9,1.3,7.93,2.65,3.94,999,13394
Zack Greinke,Astros,15,8,0,3.78,31,31,194,185,81,30,182,39,1.16,8.44,1.83,3.94,66.2,1943
Kyle Hendricks,Cubs,12,10,0,3.88,31,31,177,175,76,24,150,38,1.2,7.63,1.93,3.94,159.2,12049
Scott Barlow,Royals,3,4,2,4.04,0,64,73,64,33,9,85,34,1.35,10.42,4.21,3.94,598.4,14993
Frankie Montas,Athletics,10,8,0,3.81,28,28,159,153,68,20,157,49,1.27,8.84,2.78,3.95,116.1,14309
Ryne Harper,Nationals,2,0,0,4.36,0,28,27,27,13,4,26,8,1.29,8.64,2.52,3.95,999,12680
A.J. Puk,Athletics,8,6,0,4.1,19,31,119,106,54,15,130,48,1.29,9.84,3.66,3.96,230.4,19343
John Brebbia,Cardinals,3,3,2,3.78,0,64,66,58,28,9,74,21,1.2,10.12,2.89,3.96,597.8,12777
Jeremy Jeffress,Cubs,3,2,3,3.95,0,50,50,49,22,5,45,18,1.35,8.19,3.32,3.96,600.1,9490
Tyler Rogers,Giants,3,2,4,3.47,0,53,54,54,21,4,43,23,1.42,7.23,3.82,3.97,600.7,15541
Lucas Giolito,White Sox,12,10,0,4.05,30,31,181,152,81,27,211,65,1.2,10.53,3.21,3.98,48.2,15474
Brandon Kintzler,Marlins,3,3,16,3.8,0,63,62,62,26,7,49,17,1.27,7.16,2.47,3.98,295,9939
Michael Feliz,Pirates,3,3,2,4.1,0,57,58,50,27,9,72,25,1.28,11.04,3.79,3.98,597.7,11903
Freddy Peralta,Brewers,7,5,0,4.3,14,37,103,87,49,16,135,48,1.32,11.82,4.22,3.99,465.2,18679
Ryan Brasier,Red Sox,2,2,0,4.18,0,48,48,45,22,7,49,17,1.29,9.28,3.11,3.99,600.2,5615
Adam Morgan,Phillies,2,2,1,4.23,0,51,46,42,22,6,47,16,1.26,9.29,3.06,3.99,999,12580
Luke Weaver,Diamondbacks,9,8,0,4.16,25,26,139,136,64,20,141,43,1.28,9.11,2.78,4,191.7,16918
Joe Smith,Astros,3,2,0,3.86,0,55,51,49,22,7,49,13,1.22,8.62,2.36,4,599.8,3281
Jairo Diaz,Rockies,3,4,4,4.31,0,65,66,64,32,8,68,27,1.37,9.36,3.65,4,523.8,12774
Corey Kluber,Rangers,11,9,0,3.99,29,29,172,164,76,24,178,44,1.21,9.31,2.29,4,98,2429
Adrian Morejon,Padres,0,0,0,4.19,0,13,17,15,8,2,19,7,1.29,9.96,3.7,4,999,20039
Cam Bedrosian,Angels,3,3,1,3.84,0,60,60,55,26,8,60,22,1.29,9.07,3.28,4,599.2,13360
Kevin Gausman,Giants,7,9,0,4.22,26,28,145,145,68,19,140,44,1.31,8.69,2.76,4,330.4,14107
Jon Duplantier,Diamondbacks,2,2,0,4.07,1,33,43,39,19,4,43,21,1.39,9,4.34,4,595.5,19546
Jon Gray,Rockies,11,10,0,4.34,30,30,177,176,85,24,179,58,1.32,9.11,2.97,4.01,257,14916
Miles Mikolas,Cardinals,7,7,0,4.05,20,20,116,121,52,16,91,22,1.22,7.05,1.67,4.01,297.9,9803
Collin McHugh,Red Sox,3,2,0,3.98,1,44,50,45,22,7,54,17,1.24,9.76,3.02,4.01,600.8,7531
Eduardo Rodriguez,Red Sox,14,9,0,3.94,32,32,187,176,82,25,196,67,1.3,9.43,3.23,4.01,140.2,13164
Pedro Strop,Reds,3,3,1,3.98,0,57,55,48,25,7,61,23,1.28,9.83,3.71,4.01,594.3,4070
Hyun-Jin Ryu,Blue Jays,11,9,0,3.78,28,28,166,165,70,24,150,35,1.21,8.11,1.91,4.01,147.4,14444
Andrew Heaney,Angels,10,8,0,4.15,28,28,155,144,71,26,173,44,1.21,10.08,2.57,4.01,205,15423
Sam Selman,Giants,1,0,0,3.74,0,24,24,19,10,3,29,12,1.27,10.75,4.33,4.01,999,13397
Andrew Miller,Cardinals,3,4,5,3.98,0,65,59,50,26,8,71,25,1.27,10.94,3.79,4.02,494.1,6785
Pablo Lopez,Marlins,7,10,0,4.21,27,27,146,147,68,19,126,39,1.27,7.74,2.4,4.02,413.9,17085
Oliver Perez,Indians,2,2,0,3.99,0,58,47,42,21,7,54,16,1.22,10.29,2.96,4.02,999,1514
Alex Claudio,Brewers,3,2,1,4.06,0,57,55,58,25,5,38,16,1.36,6.25,2.69,4.03,999,12890
Kyle Finnegan,Nationals,1,0,0,4.28,0,10,10,9,5,1,10,4,1.34,9.23,3.78,4.04,999,sa708446
Tony Watson,Giants,3,3,16,3.83,0,64,59,58,25,7,53,16,1.24,8.04,2.47,4.04,381.6,3132
Adrian Houser,Brewers,8,8,0,4.06,26,33,146,143,66,19,138,50,1.32,8.53,3.09,4.05,245.9,12718
Alex Vesia,Marlins,0,0,0,3.91,0,9,9,8,4,1,10,4,1.31,9.79,3.84,4.05,999,sa3008070
Sterling Sharp,Marlins,2,2,0,4.18,0,35,37,40,17,4,29,13,1.42,7.12,3.07,4.06,999,sa738458
Chris Archer,Pirates,8,10,0,4.35,28,28,158,151,76,23,178,58,1.33,10.16,3.32,4.06,262.6,6345
Mychal Givens,Orioles,3,4,16,4.09,0,66,68,57,31,10,83,27,1.22,10.88,3.52,4.07,264.8,10430
Carlos Estevez,Rockies,3,3,6,4.26,0,63,64,62,30,9,70,24,1.32,9.81,3.29,4.07,999,14542
Craig Kimbrel,Cubs,3,3,25,3.89,0,55,55,41,24,8,75,24,1.19,12.43,3.98,4.07,135.8,6655
Julio Urias,Dodgers,8,6,0,3.58,23,28,130,115,52,17,138,48,1.26,9.54,3.32,4.07,151.5,14765
Garrett Richards,Padres,6,6,0,4.21,20,21,109,100,51,14,112,46,1.34,9.23,3.78,4.08,274.7,9784
Logan Webb,Giants,4,5,0,4.35,14,17,75,76,36,9,66,28,1.39,7.94,3.41,4.08,592.1,17995
Phil Maton,Indians,1,1,0,4.54,0,28,29,27,15,4,31,10,1.29,9.68,3.15,4.08,999,18064
Josh Sborz,Dodgers,0,0,0,4.23,0,6,7,6,3,1,7,2,1.28,8.93,3.28,4.09,999,18323
Shane Greene,Braves,3,3,4,3.76,0,66,65,60,27,9,66,21,1.25,9.13,2.93,4.09,549,10756
Edgar Santana,Pirates,1,1,0,4.11,0,22,22,22,10,3,19,6,1.32,7.86,2.62,4.09,999,17355
Hector Rondon,Diamondbacks,2,3,1,4.02,0,60,58,56,26,8,54,19,1.3,8.43,3.01,4.09,593.2,2391
Michael Lorenzen,Reds,3,3,8,3.77,0,69,74,69,31,9,71,27,1.3,8.67,3.31,4.09,507.8,14843
Nate Jones,,1,0,0,4.35,0,17,16,14,8,2,17,6,1.3,9.42,3.66,4.1,999,4696
Cole Sulser,Orioles,1,1,0,4.22,0,14,15,13,7,2,16,6,1.32,9.88,3.57,4.1,999,15256
Brent Honeywell,Rays,3,2,0,4.14,8,10,43,43,20,7,45,13,1.28,9.32,2.72,4.1,999,sa828706
Richard Rodriguez,Pirates,3,4,2,3.94,0,66,66,63,29,10,69,21,1.28,9.41,2.88,4.11,596.4,13549
Evan Marshall,White Sox,2,2,0,3.93,0,54,52,51,22,6,44,17,1.32,7.74,2.97,4.11,999,12297
Brandon Brennan,Mariners,3,5,3,4.18,0,57,60,54,28,7,59,27,1.35,8.89,4,4.11,600.8,13527
Jonathan Loaisiga,Yankees,5,4,0,4.37,9,38,81,75,39,13,90,29,1.28,10.07,3.22,4.11,579.4,19753
Cody Stashak,Twins,2,1,0,4.39,0,26,28,28,14,5,29,6,1.22,9.21,2.05,4.11,999,18088
Fernando Abad,Nationals,1,0,0,4.3,0,19,18,19,8,2,16,5,1.33,7.95,2.38,4.11,999,4994
Grant Dayton,Braves,1,1,0,3.92,0,33,32,29,14,6,36,9,1.19,10.22,2.64,4.12,999,11203
Michel Baez,Padres,1,1,0,3.73,0,19,23,21,10,3,25,10,1.33,9.7,4.02,4.12,999,20100
Drew Steckenrider,Marlins,1,2,2,4.27,0,37,37,32,17,5,41,15,1.28,10.04,3.6,4.12,598.2,18806
Corbin Burnes,Brewers,4,5,0,4.68,6,42,78,75,40,12,86,28,1.33,9.91,3.24,4.12,477.6,19361
Lewis Thorpe,Twins,2,2,0,4.62,4,20,30,30,16,5,32,10,1.31,9.42,2.82,4.12,598.5,15906
Ryan Helsley,Cardinals,2,2,1,3.89,0,38,45,41,20,6,45,19,1.32,8.94,3.77,4.12,496.8,18138
Matthew Boyd,Tigers,10,12,0,4.34,31,31,180,165,87,31,203,53,1.21,10.19,2.64,4.12,166.3,15440
Matt Grace,,0,0,0,4.71,0,20,20,20,10,2,16,6,1.31,7.09,2.53,4.13,999,11449
Alex Colome,White Sox,3,3,29,3.79,0,64,65,59,27,9,64,23,1.26,8.88,3.14,4.13,145.3,6661
Conner Menez,Giants,1,2,0,4.24,4,19,31,28,15,4,34,14,1.36,9.99,4.2,4.13,999,19199
Kyle Ryan,Cubs,3,3,0,4.07,0,62,59,57,27,6,53,26,1.41,8.02,3.99,4.13,999,11753
Yusmeiro Petit,Athletics,4,3,1,3.91,0,71,73,69,32,12,65,15,1.14,7.96,1.8,4.14,584.2,4020
Ryan Yarbrough,Rays,9,7,0,4.11,22,24,133,131,61,19,114,32,1.23,7.71,2.14,4.14,252.8,16502
Chad Sobotka,Braves,1,1,0,4.54,0,22,21,20,11,3,26,11,1.42,10.97,4.54,4.14,999,17470
Yoshihisa Hirano,Mariners,3,3,18,4.3,0,57,55,51,26,7,55,21,1.32,9.01,3.47,4.14,460,19756
Randy Dobnak,Twins,3,3,0,4.18,6,25,52,56,24,7,39,13,1.32,6.65,2.3,4.14,570.7,23798
Jake Jewell,,0,1,0,5.36,0,6,8,8,5,1,6,3,1.44,7.24,3.66,4.15,999,16958
Jeff Brigham,Marlins,1,2,0,4.38,0,41,45,41,22,6,45,18,1.31,9.08,3.58,4.15,999,16631
Noe Ramirez,Angels,3,2,0,4.26,0,56,60,55,28,10,65,20,1.25,9.9,2.95,4.15,600.4,12800
Nick Wittgren,Indians,4,2,2,3.79,0,61,62,58,26,10,61,18,1.23,8.94,2.61,4.15,590.6,15594
Pierce Johnson,Padres,1,2,0,4.59,0,28,30,27,15,4,32,14,1.37,9.82,4.18,4.15,600.2,13435
Amir Garrett,Reds,3,2,1,3.8,0,64,62,54,26,9,78,31,1.36,11.2,4.5,4.15,598.1,14375
Kyle Crick,Pirates,2,4,5,4.08,0,62,62,54,28,8,70,32,1.39,10.16,4.61,4.16,543.6,13182
Robbie Erlin,Pirates,1,1,0,4.63,2,15,30,33,16,4,25,7,1.33,7.42,2.21,4.16,999,10354
Jose Urquidy,Astros,9,7,0,4.08,25,26,141,136,64,24,140,32,1.2,8.96,2.07,4.16,215.5,18413
Robbie Ray,Diamondbacks,11,8,0,4.12,30,30,166,140,76,25,212,79,1.32,11.48,4.3,4.16,155.6,11486
Bud Norris,,0,0,2,4.42,0,17,14,13,7,2,16,6,1.35,10.28,3.71,4.16,999,9492
Jimmie Sherfy,Diamondbacks,1,1,0,4.39,0,18,18,17,9,2,20,8,1.37,9.93,4.08,4.16,999,15118
Sam Dyson,,2,1,0,4.01,0,31,31,31,14,4,26,10,1.31,7.61,2.84,4.16,999,11710
Pedro Baez,Dodgers,4,2,1,3.75,0,63,61,52,25,9,64,22,1.22,9.41,3.28,4.16,590.3,5420
Ian Kennedy,Royals,3,3,28,3.97,0,63,66,63,29,10,69,20,1.26,9.28,2.76,4.16,180,6986
Hansel Robles,Angels,3,3,27,3.66,0,66,67,60,27,9,72,24,1.25,9.7,3.23,4.16,149.6,11801
Jose Berrios,Twins,14,9,0,4.01,31,32,193,185,86,28,189,55,1.24,8.82,2.58,4.16,81.1,14168
Ricardo Sanchez,Cardinals,1,1,0,4.71,2,5,10,11,5,1,9,4,1.47,8.54,3.31,4.16,999,sa830302
Adam Cimber,Indians,3,3,0,4.3,0,54,53,56,25,7,40,14,1.32,6.78,2.43,4.17,999,15288
Eric Yardley,Brewers,0,0,0,4.17,0,15,16,17,7,2,11,4,1.35,6.24,2.41,4.17,999,15538
Kwang-hyun Kim,Cardinals,5,4,0,3.97,12,26,79,79,35,11,71,22,1.28,8.02,2.55,4.17,496.7,27458
Luke Gregerson,,1,1,0,4.51,0,27,26,27,13,3,22,9,1.38,7.59,3.06,4.17,999,4090
Anthony Bass,Blue Jays,2,3,2,4.09,0,56,59,57,27,8,53,20,1.31,8.14,3.12,4.17,594.9,7982
Robert Stephenson,Reds,3,2,4,3.94,0,57,61,50,27,9,76,26,1.24,11.14,3.85,4.18,585.1,13594
Kenta Maeda,Twins,12,8,0,4.29,28,35,160,145,76,24,172,55,1.25,9.67,3.1,4.18,173.8,18498
Darren O'Day,Braves,2,2,0,3.78,0,41,39,34,16,5,45,14,1.25,10.51,3.26,4.18,999,3321
John Schreiber,Tigers,3,3,0,4.64,0,44,45,43,23,7,47,17,1.35,9.4,3.47,4.18,999,20020
Zack Littell,Twins,3,2,0,4.3,0,39,45,43,21,6,42,15,1.3,8.33,3,4.19,999,15823
Logan Gilbert,Mariners,2,2,0,4.34,5,7,25,23,12,4,25,8,1.27,8.85,3.03,4.19,600,sa3008598
Yonny Chirinos,Rays,8,7,0,4.08,20,35,128,126,58,19,111,30,1.22,7.75,2.14,4.19,278.9,16401
Brad Peacock,Astros,4,4,0,4.14,4,37,59,53,27,9,67,22,1.26,10.18,3.31,4.19,514.8,5401
Chris Bassitt,Athletics,6,5,0,4.23,16,31,96,91,45,13,89,33,1.29,8.34,3.07,4.2,385.1,12304
Colten Brewer,Red Sox,1,1,0,4.57,0,35,34,34,17,4,32,16,1.47,8.52,4.18,4.2,999,12997
Joey Lucchesi,Padres,10,10,0,4.18,30,30,168,161,78,24,162,59,1.31,8.68,3.17,4.2,227.3,19320
MacKenzie Gore,,3,3,0,4,8,11,43,38,19,6,44,16,1.28,9.29,3.41,4.2,999,sa3005068
Tanner Rainey,Nationals,3,3,1,4.24,0,59,56,43,26,7,77,39,1.46,12.33,6.25,4.21,598.4,17610
Fernando Romero,Twins,1,1,0,4.76,0,22,23,22,12,3,21,10,1.42,8.37,3.94,4.21,999,15885
Shaun Anderson,Giants,2,4,7,4.36,1,51,59,61,29,8,49,20,1.35,7.48,2.98,4.21,414,19453
Ray Black,Brewers,2,2,0,4.36,0,53,52,41,25,8,68,26,1.3,11.72,4.56,4.21,600.6,14244
Austin Davis,Phillies,1,1,0,4.41,0,16,18,16,9,3,20,8,1.36,10.04,3.95,4.21,999,17117
Bryan Abreu,Astros,2,1,0,4.24,0,30,33,29,16,4,40,20,1.45,10.9,5.27,4.21,600.3,16609
Dan Altavilla,Mariners,3,2,1,4.25,0,37,37,31,18,5,46,19,1.32,11.01,4.47,4.21,600.8,16507
Jason Adam,,0,0,0,5.25,0,9,10,8,6,1,10,4,1.26,9.79,3.81,4.21,999,11861
Trevor Megill,Cubs,1,1,0,4.14,0,20,19,18,9,3,22,8,1.32,10.2,3.53,4.21,999,sa828803
Drew Smith,Mets,0,0,0,4.14,0,6,6,6,3,1,6,2,1.37,7.82,3.36,4.22,999,17755
Carlos Martinez,Cardinals,7,6,13,3.81,17,30,114,103,48,12,112,48,1.32,8.83,3.76,4.22,180.4,11682
Juan Nicasio,,1,1,2,4.75,0,20,20,20,11,3,19,7,1.35,8.72,3.13,4.22,999,7731
Luis Patino,Padres,2,2,0,3.65,6,6,32,32,13,4,31,13,1.38,8.7,3.56,4.22,592.2,sa3002792
Aaron Loup,,1,0,0,3.82,0,15,14,13,6,2,14,5,1.31,9.18,3.32,4.22,999,10343
Griffin Canning,Angels,5,5,0,4.28,16,16,89,82,42,14,92,31,1.28,9.4,3.19,4.22,241.5,19867
John Gant,Cardinals,4,3,1,3.91,0,55,61,56,27,7,56,27,1.36,8.31,4.02,4.22,599.2,13684
Bryse Wilson,Braves,4,3,0,4.32,8,15,50,51,24,7,46,16,1.32,8.18,2.8,4.23,594.6,19990
Sam Tuivailala,Mariners,3,3,2,3.9,0,58,60,56,26,7,59,23,1.33,8.85,3.53,4.23,572.9,13485
Deolis Guerra,Phillies,1,0,0,3.97,0,13,12,11,5,2,12,4,1.22,9.2,2.63,4.23,999,8410
Ian Hamilton,White Sox,1,1,0,4.11,0,17,18,17,8,3,18,6,1.31,9.15,3.12,4.24,999,19261
Pat Neshek,,2,1,0,3.75,0,22,23,22,10,4,18,3,1.14,7.25,1.38,4.24,999,4682
Spencer Howard,Phillies,1,1,0,3.99,4,6,19,17,8,3,20,7,1.28,9.36,3.43,4.24,499.6,sa3004923
Casey Sadler,Cubs,2,1,0,3.87,0,24,29,29,12,4,24,9,1.34,7.47,2.93,4.24,999,11209
Spencer Turnbull,Tigers,7,12,0,4.51,28,29,154,156,77,21,145,57,1.38,8.49,3.33,4.25,508.5,16207
Chris Devenski,Astros,3,2,0,4.43,0,58,58,53,29,10,62,17,1.21,9.66,2.67,4.25,999,12763
Michael Pineda,Twins,8,6,0,4.39,21,21,116,119,57,20,111,27,1.26,8.64,2.11,4.25,311.4,5372
Parker Markel,Angels,1,1,0,4.41,0,12,12,10,6,1,14,8,1.5,10.95,5.8,4.25,999,12106
Jake Odorizzi,Twins,11,9,0,4.3,30,31,165,153,79,26,174,60,1.29,9.44,3.27,4.26,185.4,6397
Trevor Richards,Rays,3,4,0,4.19,5,40,62,58,29,9,62,21,1.29,9.01,3.11,4.26,583.8,19309
Joel Payamps,Diamondbacks,0,0,0,4.04,0,12,13,13,6,2,12,3,1.27,8.15,2.31,4.26,999,14332
Buck Farmer,Tigers,3,4,2,4.14,0,67,68,66,31,9,69,26,1.35,9.1,3.48,4.26,596.6,14814
Ian Anderson,Braves,3,2,0,4.07,8,8,44,40,20,5,47,23,1.43,9.73,4.63,4.27,999,sa917921
Ranger Suarez,Phillies,3,2,0,4.1,2,37,52,54,24,7,44,17,1.36,7.66,2.93,4.27,999,17277
Geoff Hartlieb,Pirates,1,0,0,4.52,0,20,22,22,11,3,23,9,1.42,9.13,3.73,4.27,999,19558
Adam Warren,,1,0,0,4.03,0,6,7,7,3,1,7,3,1.28,8.56,3.43,4.28,999,9029
Sam Coonrod,Giants,3,2,1,4.2,0,45,43,41,20,5,40,22,1.48,8.48,4.63,4.28,999,17264
Taylor Guilbeau,Mariners,1,1,0,3.98,0,23,22,22,10,3,18,9,1.37,7.41,3.53,4.28,999,18306
Tyler Webb,Cardinals,2,2,0,4.3,0,49,46,44,22,6,42,17,1.32,8.21,3.35,4.28,600.6,14974
Matt Magill,Mariners,3,3,9,4.16,0,55,59,55,27,9,65,23,1.32,9.92,3.54,4.28,329,3950
Dany Jimenez,Giants,1,1,0,4.11,0,18,18,16,8,2,19,8,1.35,9.51,4.01,4.29,999,sa885967
David Phelps,Brewers,3,2,1,4.27,0,58,57,54,27,8,58,25,1.38,9.18,3.91,4.29,999,6316
Madison Bumgarner,Diamondbacks,11,9,0,4.2,31,31,186,181,87,31,176,47,1.23,8.51,2.26,4.29,121.4,5524
Jonny Venters,,1,1,0,4.35,0,19,17,16,8,2,16,10,1.53,8.55,5.11,4.3,999,7175
Dennis Santana,Dodgers,1,0,0,4.38,0,9,12,11,6,2,13,5,1.37,9.83,4.04,4.3,999,17878
Tommy Hunter,Phillies,1,1,0,4.07,0,21,20,19,9,3,18,5,1.23,8.24,2.37,4.3,999,1157
Blake Wood,,1,1,0,4.31,0,12,12,12,6,1,12,6,1.41,8.97,4.06,4.31,999,1345
J.B. Wendelken,Athletics,3,2,0,4.11,0,37,39,38,18,6,39,16,1.38,9.07,3.7,4.31,999,14506
Alex Wood,Dodgers,7,6,0,3.89,19,30,115,112,50,15,102,30,1.24,8.01,2.36,4.31,377.3,13781
Steven Matz,Mets,9,9,0,4.16,26,33,151,147,70,23,144,50,1.31,8.63,3,4.31,293,13361
Robert Gsellman,Mets,2,2,0,4.25,0,46,50,49,23,6,45,17,1.32,8.06,3.08,4.31,999,13696
Jose Quintana,Cubs,11,10,0,4.28,31,31,172,176,82,24,156,54,1.33,8.13,2.82,4.32,337,11423
Ben Heller,Yankees,1,1,0,4.19,0,21,23,20,11,4,25,10,1.31,9.91,3.84,4.32,999,15100
Patrick Sandoval,Angels,5,6,0,4.42,16,21,87,84,43,12,84,38,1.41,8.74,3.95,4.33,564.9,19447
Zac Houston,Tigers,1,0,0,5.45,0,9,13,13,8,1,12,7,1.49,8.15,4.71,4.33,999,sa874155
Wandy Peralta,Giants,1,1,0,4.52,0,31,28,29,14,3,22,12,1.45,7.11,3.89,4.33,999,14295
Rich Hill,Twins,4,3,0,4.08,11,14,60,54,27,9,67,20,1.24,9.98,3.02,4.34,491.6,4806
Brent Suter,Brewers,5,4,1,4.01,3,57,81,80,36,12,72,18,1.21,7.96,2.03,4.34,594.1,13942
Jake Petricka,Blue Jays,0,0,0,4.51,0,9,10,10,5,1,8,4,1.4,7.33,3.28,4.34,999,10534
Joely Rodriguez,Rangers,2,2,1,4.52,0,47,49,49,24,6,46,21,1.44,8.49,3.89,4.34,586.5,11487
Corey Oswalt,Mets,1,1,0,4.04,2,12,18,18,8,3,16,5,1.3,7.96,2.33,4.34,999,13677
Fernando Rodney,,1,1,1,4.47,0,24,24,22,12,3,25,12,1.43,9.32,4.57,4.35,999,494
Taylor Williams,Mariners,1,1,0,4.75,0,10,10,10,5,1,10,4,1.35,8.77,3.57,4.35,999,14899
Dallas Keuchel,White Sox,10,10,0,4.15,30,30,177,182,82,23,139,58,1.36,7.09,2.97,4.35,267.8,9434
Hunter Wood,Indians,2,2,0,4.15,0,43,47,45,22,7,46,16,1.3,8.76,3.03,4.36,999,15091
Steve Cishek,White Sox,3,3,2,3.89,0,63,59,53,26,8,57,24,1.29,8.7,3.63,4.36,565.1,6483
Devin Williams,Brewers,2,1,0,4.42,1,27,28,25,14,4,31,15,1.45,10.1,4.97,4.36,999,15816
Josh A. Smith,Marlins,1,0,0,5.51,0,19,19,21,12,3,18,7,1.49,8.29,3.49,4.36,999,10946
Grant Holmes,,1,1,0,4.21,0,11,12,12,6,2,11,5,1.35,8.2,3.44,4.36,999,sa828669
D.J. Johnson,,1,0,0,4.97,0,11,10,12,6,2,10,4,1.59,9.15,3.72,4.37,999,12578
Michael Kopech,White Sox,5,5,0,4.46,15,21,89,81,44,13,99,41,1.37,10.04,4.16,4.37,284.5,17282
Josh Lindblom,Brewers,9,10,0,4.38,27,27,153,154,75,25,147,46,1.31,8.61,2.72,4.37,352.5,7882
Cal Quantrill,Padres,4,5,0,4.68,13,24,76,81,40,11,65,23,1.36,7.66,2.75,4.37,579.7,19312
Kevin McCarthy,Royals,3,3,1,4.32,0,58,61,67,29,7,39,20,1.42,5.82,2.91,4.37,999,15240
Luis Avilan,Yankees,1,0,0,4.52,0,25,20,20,10,3,20,8,1.36,8.94,3.5,4.37,999,2882
Jandel Gustave,Giants,2,3,1,4.11,0,53,53,52,24,6,42,23,1.41,7.22,3.84,4.37,999,14665
Jonathan Holder,Yankees,2,1,0,4.59,0,37,38,37,19,6,39,11,1.25,9.19,2.56,4.37,999,16588
Tarik Skubal,Tigers,2,2,0,4.64,6,6,33,31,17,5,36,13,1.35,9.99,3.64,4.37,579.4,sa3007593
Chris Mazza,Red Sox,1,1,0,4.09,1,15,21,22,9,3,15,6,1.36,6.65,2.63,4.38,999,14151
Mike Minor,Rangers,11,10,0,4.24,30,30,184,179,87,30,174,58,1.28,8.51,2.81,4.38,178.9,10021
Keynan Middleton,Angels,3,2,5,3.69,0,48,48,45,20,7,49,20,1.36,9.14,3.74,4.38,584.6,15264
Clay Holmes,Pirates,2,2,0,4.56,1,34,41,41,21,3,37,26,1.65,8.28,5.84,4.38,999,13649
Cole Hamels,Braves,8,7,0,4.21,23,23,127,124,60,18,124,47,1.34,8.76,3.33,4.39,319.6,4972
Yimi Garcia,Marlins,2,3,2,4.25,0,54,52,50,25,10,53,14,1.2,9.08,2.33,4.39,599,12095
David Carpenter,,0,0,0,3.82,0,9,7,7,3,1,6,3,1.39,6.95,3.88,4.39,999,3959
Tyler Mahle,Reds,6,7,0,4.3,14,47,100,99,48,16,99,31,1.3,8.92,2.8,4.39,512.9,16358
Trevor Cahill,Giants,1,1,0,4.56,3,16,24,23,12,3,22,9,1.35,8.27,3.49,4.39,999,6249
Joel Kuhnel,Reds,1,2,0,4.38,0,28,27,27,13,4,25,10,1.35,8.29,3.25,4.39,999,19995
Luis Perdomo,Padres,1,1,0,4.32,0,27,30,31,14,4,24,9,1.31,7.29,2.68,4.39,999,14682
Art Warren,Mariners,0,1,0,3.96,0,15,15,14,7,2,15,8,1.44,9.02,4.71,4.39,999,18251
Chris Stratton,Pirates,2,3,0,4.6,1,39,51,53,26,7,45,19,1.41,7.95,3.28,4.39,999,13761
Nathan Eovaldi,Red Sox,8,6,0,4.53,25,25,133,133,67,21,127,45,1.34,8.64,3.02,4.4,441.8,9132
Touki Toussaint,Braves,3,2,0,4.49,2,34,50,47,25,7,53,26,1.45,9.58,4.65,4.4,597.3,16929
Xavier Cedeno,,0,0,0,4.41,0,12,11,11,5,1,9,4,1.42,7.55,3.76,4.4,999,36
Kyle Wright,Braves,4,5,0,4.47,12,17,71,71,35,10,64,28,1.4,8.12,3.57,4.4,548.8,19665
Rafael Montero,Rangers,3,3,3,3.66,0,60,66,60,27,10,72,23,1.27,9.8,3.13,4.41,568.1,12760
Nate Pearson,Blue Jays,3,3,0,4.37,9,13,51,48,25,8,49,17,1.27,8.62,2.96,4.41,999,sa3005097
Jimmy Nelson,Dodgers,2,2,0,4.27,3,32,43,40,20,6,45,16,1.3,9.45,3.39,4.41,573.5,10547
Kelvin Herrera,White Sox,2,3,2,4.6,0,50,49,49,25,8,48,17,1.34,8.87,3.09,4.41,999,6033
Felix Pena,Angels,3,2,0,4.49,3,35,59,54,30,10,60,20,1.26,9.13,3.06,4.41,600.6,13403
Dylan Cease,White Sox,8,10,0,4.53,24,24,133,126,67,19,138,60,1.4,9.36,4.05,4.41,282.5,18525
Merrill Kelly,Diamondbacks,8,9,0,4.49,19,47,139,143,69,22,125,44,1.35,8.08,2.85,4.41,490.7,11156
Anthony DeSclafani,Reds,9,9,0,4.34,27,27,150,148,72,26,147,43,1.27,8.82,2.56,4.41,259.8,13050
Bernardo Flores,White Sox,1,1,0,4.61,3,9,18,20,9,3,14,5,1.38,7.08,2.49,4.42,999,sa874080
J.P. Feyereisen,Brewers,1,0,0,4.39,0,12,13,11,6,2,15,7,1.37,10.53,4.64,4.42,999,sa829227
Daniel Hudson,Nationals,3,3,10,3.96,0,62,63,58,28,9,63,25,1.32,8.96,3.6,4.42,292.8,7146
Justin Anderson,Angels,2,1,0,4.55,0,36,36,32,18,5,41,20,1.44,10.22,5.09,4.42,999,16201
Drew VerHagen,,2,2,0,4.68,0,24,40,42,21,5,34,15,1.44,7.68,3.31,4.42,999,13424
Brad Keller,Royals,9,12,0,4.41,30,30,170,174,83,19,127,68,1.42,6.7,3.6,4.42,568.7,15734
Luis Garcia,,1,1,1,4.62,0,22,22,22,11,3,21,10,1.44,8.55,4.04,4.42,999,6984
Kyle Gibson,Rangers,10,11,0,4.52,30,30,169,175,85,24,156,62,1.41,8.3,3.3,4.42,405.6,10123
Tyler Anderson,Giants,4,5,0,4.37,13,19,69,66,33,10,66,23,1.29,8.72,2.97,4.43,601,12880
Tyler Olson,,1,0,0,3.83,0,21,17,17,7,3,17,7,1.38,8.83,3.61,4.43,999,14741
Junior Guerra,Diamondbacks,3,3,1,4.34,0,53,58,55,28,8,55,24,1.36,8.51,3.77,4.43,600.3,5702
JT Brubaker,Pirates,0,1,0,4.74,3,4,15,16,8,2,12,5,1.44,7.21,3.08,4.43,999,sa875176
Austin Gomber,Cardinals,2,2,0,4.39,5,9,30,29,15,4,27,11,1.36,8.22,3.4,4.43,600.6,16561
Alex Reyes,Cardinals,2,2,1,4.58,1,31,39,33,20,5,41,23,1.45,9.66,5.31,4.44,428.3,15015
Hunter Harvey,Orioles,2,3,5,4.29,0,55,57,55,27,9,62,23,1.37,9.78,3.67,4.44,520.4,15507
Marco Gonzales,Mariners,12,13,0,4.39,32,32,188,200,92,28,143,51,1.33,6.85,2.45,4.44,444.6,15467
James Marvel,Pirates,1,1,0,4.69,3,4,18,19,9,2,11,6,1.41,5.59,3.08,4.44,999,19675
Rick Porcello,Mets,11,11,0,4.58,28,29,162,167,82,27,144,41,1.29,7.99,2.28,4.44,426.3,2717
Dakota Hudson,Cardinals,10,10,0,4.22,29,29,161,162,76,17,122,72,1.45,6.83,4.04,4.45,329.7,19206
Demarcus Evans,Rangers,1,1,0,4.74,0,17,17,14,9,2,22,12,1.52,11.33,6.32,4.45,600.8,sa875783
Tyler Beede,Giants,2,4,0,4.58,8,16,51,50,26,7,50,22,1.42,8.8,3.93,4.45,481.5,16981
Heath Hembree,Red Sox,2,2,0,4.4,0,49,48,45,23,8,54,18,1.33,10.06,3.46,4.46,999,11632
Nick Pivetta,Phillies,4,4,0,4.49,9,34,72,69,36,12,76,27,1.33,9.41,3.38,4.46,536.5,15454
Michael Fulmer,Tigers,2,4,0,4.61,9,11,49,50,25,7,41,14,1.32,7.59,2.66,4.46,599.6,13218
Masahiro Tanaka,Yankees,12,8,0,4.34,30,30,172,176,83,29,153,40,1.25,8,2.09,4.46,224.7,15764
Sixto Sanchez,Marlins,3,3,0,4.18,9,9,54,55,25,8,44,16,1.3,7.35,2.58,4.46,999,sa873550
Domingo German,Yankees,5,4,0,4.47,13,19,76,72,38,14,82,24,1.26,9.66,2.83,4.46,425.3,17149
Jimmy Cordero,White Sox,2,2,0,4.16,0,40,41,40,19,5,36,19,1.45,7.95,4.27,4.46,999,15690
Cionel Perez,Astros,1,1,0,4.7,0,11,15,15,8,2,15,6,1.37,8.73,3.68,4.46,999,19614
Chad Kuhl,Pirates,4,5,0,4.65,12,16,68,70,35,10,64,26,1.41,8.45,3.45,4.47,999,14975
Brett Anderson,Brewers,8,9,0,4.51,25,25,136,153,68,17,84,38,1.41,5.6,2.49,4.47,587.9,8223
Adam Wainwright,Cardinals,9,9,0,4.46,25,25,137,144,68,18,118,51,1.42,7.75,3.34,4.47,561,2233
Jose De Leon,Reds,2,2,0,4.53,2,21,35,33,18,6,41,18,1.44,10.62,4.63,4.48,595.7,15463
Matt Wisler,Twins,2,2,0,4.77,0,36,40,41,21,7,40,11,1.3,8.84,2.52,4.48,999,12804
Daniel Ponce de Leon,Cardinals,3,4,0,4.26,7,22,63,56,30,8,61,31,1.38,8.72,4.42,4.48,583.1,16110
Chasen Shreve,Mets,0,0,0,4.18,0,10,9,8,4,1,9,4,1.34,8.99,4.26,4.48,999,10855
Drew Smyly,Giants,5,8,0,4.49,21,22,116,110,58,19,118,44,1.33,9.22,3.43,4.49,558.9,11760
Taylor Cole,Angels,2,2,0,4.45,0,32,38,38,19,5,38,16,1.4,8.89,3.67,4.49,999,11964
Jordan Yamamoto,Marlins,6,10,0,4.51,25,25,135,126,67,20,128,56,1.35,8.58,3.72,4.49,500.1,17585
Richard Bleier,Orioles,3,3,2,4.35,0,61,64,71,31,7,36,14,1.34,5.03,2.01,4.49,601,7803
Tony Cingrani,,1,1,0,4.24,0,25,24,21,11,4,25,10,1.34,9.63,3.9,4.5,999,12555
Ben Bowden,Rockies,0,0,0,4.78,0,7,7,7,4,1,8,4,1.46,10.38,4.79,4.5,999,sa873701
Trevor Oaks,,1,1,0,4.48,1,6,15,17,8,1,9,6,1.47,5.02,3.38,4.5,999,16468
Sergio Romo,Twins,2,2,7,4.41,0,62,59,57,29,10,58,19,1.29,8.91,2.85,4.5,543.9,9817
Sam Gaviglio,Blue Jays,3,3,0,4.67,0,53,66,68,34,11,58,17,1.29,7.92,2.37,4.5,999,12778
Corbin Martin,Diamondbacks,1,0,0,5.22,2,5,9,9,5,1,9,4,1.49,8.59,4.28,4.5,999,19884
Jacob Webb,Braves,1,1,0,3.96,0,29,28,26,12,4,27,12,1.37,8.78,3.92,4.5,999,19274
Ryan Burr,,0,0,0,4.7,0,11,13,12,7,2,13,6,1.42,9.2,4.54,4.5,999,17536
Jalen Beeks,Rays,3,3,0,4.3,4,31,55,54,26,8,51,21,1.38,8.31,3.52,4.5,999,17192
Evan Phillips,Orioles,1,1,0,5.15,0,23,24,23,14,3,26,12,1.46,9.67,4.53,4.51,999,17734
Aaron Civale,Indians,8,8,0,4.27,24,24,137,144,65,22,110,35,1.3,7.18,2.28,4.51,261.2,19479
T.J. McFarland,Athletics,2,1,0,4.32,0,41,44,49,21,5,27,15,1.45,5.5,3.01,4.51,999,3237
Caleb Smith,Marlins,10,12,0,4.51,29,30,162,147,81,28,172,62,1.29,9.53,3.46,4.51,234.2,14875
Alex Young,Diamondbacks,4,4,0,4.35,7,33,65,66,32,10,57,24,1.38,7.83,3.26,4.52,581.2,18333
Devin Smeltzer,Twins,2,2,0,4.51,3,24,41,43,21,7,35,11,1.31,7.55,2.39,4.52,597.1,19487
Edubray Ramos,,0,0,3,4.69,0,16,13,12,7,2,12,4,1.32,8.25,3.1,4.53,999,16086
Austin Voth,Nationals,4,5,0,4.33,12,31,79,78,38,13,74,26,1.32,8.39,3.01,4.53,511.2,15047
Jesse Chavez,Rangers,3,3,1,4.55,0,63,72,76,37,12,66,21,1.33,8.22,2.57,4.53,999,5448
Matt Hall,Red Sox,3,3,0,5.22,7,20,51,54,30,8,50,21,1.48,8.84,3.77,4.53,999,18076
David Hernandez,Nationals,0,0,0,4.05,0,9,10,10,4,2,10,3,1.36,9.32,3.26,4.54,999,4259
Anthony Swarzak,Phillies,2,2,0,4.8,0,34,34,33,18,6,34,12,1.33,9.13,3.26,4.54,999,7466
Tony Gonsolin,Dodgers,4,3,0,4.08,8,21,59,55,27,10,58,22,1.31,8.84,3.44,4.54,519.9,19388
Matt Andriese,Angels,4,4,0,4.59,6,36,72,73,37,12,71,24,1.33,8.8,2.94,4.54,600.8,12022
Eric Lauer,Brewers,8,9,0,4.62,25,25,137,142,70,22,127,48,1.39,8.34,3.18,4.54,566.6,19316
Dereck Rodriguez,Giants,3,5,0,4.46,5,47,69,70,34,10,55,23,1.35,7.18,3.01,4.55,999,14509
Trevor Rosenthal,,1,1,1,4.84,0,23,22,19,12,2,25,14,1.5,10.17,5.67,4.55,600.3,10745
Jarlin Garcia,Giants,2,2,0,4.26,0,32,34,34,16,4,28,12,1.33,7.23,3.21,4.55,999,18282
Sean Manaea,Athletics,12,8,0,4.05,27,27,156,152,70,22,137,41,1.23,7.88,2.37,4.55,177.4,15873
Sean Newcomb,Braves,5,5,0,4.08,10,41,90,84,41,12,88,41,1.39,8.76,4.09,4.55,554.4,16943
Dylan Bundy,Angels,10,10,0,4.45,30,31,170,164,84,30,174,55,1.29,9.22,2.92,4.55,262.4,12917
Sam McWilliams,Rays,1,1,0,5.21,2,2,10,13,6,1,7,4,1.61,6.35,3.5,4.55,999,sa829124
Dan Otero,Yankees,0,0,0,5.13,0,16,17,20,10,3,10,3,1.32,5.49,1.49,4.56,999,7385
Bo Takahashi,Diamondbacks,0,0,0,2.65,0,10,9,9,3,1,4,3,1.24,3.39,2.82,4.56,999,sa830370
James Hoyt,Indians,1,1,0,4.14,0,32,30,28,14,4,32,12,1.34,9.58,3.66,4.56,999,14605
Pat Venditte,Marlins,1,0,0,5.12,0,9,10,8,6,1,8,4,1.27,7.08,3.72,4.56,999,7108
Yoan Lopez,Diamondbacks,2,3,1,4.03,0,50,48,46,22,7,42,17,1.3,7.77,3.15,4.56,600.6,17181
Josh Osich,Red Sox,1,1,0,4.81,0,20,21,22,11,3,18,8,1.42,7.76,3.29,4.56,999,11528
Jon Lester,Cubs,11,11,0,4.62,31,31,170,182,87,27,154,59,1.42,8.12,3.14,4.56,499.6,4930
Eduardo Jimenez,,0,0,0,4.32,0,6,8,8,4,1,5,3,1.36,6.43,3.33,4.56,999,19642
Mike Foltynewicz,Braves,11,9,0,4.33,29,29,164,159,79,25,154,57,1.32,8.42,3.12,4.56,205.3,10811
Shawn Armstrong,Orioles,2,2,3,4.69,0,53,56,53,29,9,59,26,1.41,9.45,4.13,4.56,999,12857
Brady Singer,Royals,2,2,0,4.7,6,7,31,34,16,4,24,10,1.41,6.76,2.9,4.57,999,sa3008613
James Norwood,Cubs,0,1,0,4.46,0,14,14,12,7,2,15,8,1.46,10.03,5.09,4.57,999,16440
Jose Quijada,Angels,1,1,0,4.55,0,17,17,15,8,3,20,8,1.38,10.59,4.44,4.57,999,19200
Bobby Wahl,Brewers,1,1,0,4.58,0,16,15,13,8,2,19,7,1.33,11.73,4.22,4.57,999,14832
Sandy Alcantara,Marlins,8,12,0,4.3,30,30,177,171,84,23,142,72,1.38,7.23,3.67,4.58,255.2,18684
Blake Parker,Phillies,1,1,1,4.4,0,41,41,37,20,8,44,15,1.26,9.59,3.18,4.58,999,5224
Tony Sipp,,1,1,0,4.44,0,22,20,19,10,3,20,9,1.36,8.84,3.79,4.58,999,8280
Mike Mayers,Angels,1,1,0,4.78,0,27,28,28,15,5,27,10,1.37,8.69,3.35,4.58,999,15451
Tyler Chatwood,Cubs,6,6,0,4.47,16,28,110,104,55,12,103,63,1.51,8.4,5.16,4.58,589,4338
J.A. Happ,Yankees,10,8,0,4.58,27,27,148,147,75,26,139,48,1.31,8.43,2.9,4.58,436.9,7410
Alec Mills,Cubs,3,4,0,4.5,8,30,69,73,35,11,63,24,1.4,8.21,3.13,4.58,598.8,13834
Zach Duke,,1,1,0,4.47,0,26,23,23,12,3,20,11,1.43,7.75,4.12,4.59,999,3840
Wilmer Font,Blue Jays,3,3,0,4.44,0,53,62,58,31,12,67,20,1.25,9.67,2.91,4.59,599.5,5257
Michael Wacha,Mets,5,6,0,4.47,10,40,90,91,45,13,79,35,1.4,7.94,3.51,4.59,586,14078
Dominic Leone,Indians,1,1,0,4.69,0,19,18,17,10,3,20,7,1.32,9.88,3.48,4.59,999,13763
Vince Velasquez,Phillies,7,7,0,4.61,19,43,121,116,62,22,130,46,1.34,9.73,3.41,4.59,561.2,11189
Duane Underwood Jr.,Cubs,1,1,0,4.64,0,20,21,20,11,3,20,9,1.43,8.78,4,4.59,999,14677
Melvin Adon,Giants,0,1,0,4.04,0,12,13,13,6,1,14,8,1.56,9.2,5.55,4.6,999,sa873314
Trent Thornton,Blue Jays,6,8,0,4.8,18,38,125,129,67,22,115,40,1.35,8.25,2.88,4.6,591.2,17948
Joe Biagini,Astros,2,2,0,4.84,0,36,37,39,20,5,32,14,1.42,7.77,3.32,4.6,999,13194
Derek Law,Rangers,1,1,0,4.79,0,19,20,21,11,3,19,10,1.49,8.59,4.32,4.61,999,13133
Tayler Scott,,1,0,0,6.45,0,10,14,15,10,2,13,7,1.57,8.43,4.53,4.61,999,13652
Aaron Sanchez,,2,2,0,4.79,6,20,43,43,23,6,37,20,1.46,7.8,4.11,4.61,999,11490
Jacob Nix,Padres,0,0,0,4.66,1,1,7,7,4,1,4,2,1.34,5.64,2.48,4.61,999,17775
Matt Manning,Tigers,3,2,0,4.85,8,8,49,48,26,7,45,19,1.38,8.3,3.56,4.61,999,sa917924
Martin Perez,Red Sox,9,9,0,4.63,28,28,155,170,80,21,122,56,1.46,7.1,3.26,4.61,594.8,6902
Daniel Norris,Tigers,5,10,0,4.8,25,26,135,142,72,22,121,46,1.39,8.08,3.04,4.62,589.9,13475
Carl Edwards Jr.,Mariners,3,2,1,4.39,0,47,46,38,22,6,51,24,1.34,10.03,4.62,4.62,597.7,13607
Roenis Elias,Nationals,3,3,1,4.27,0,47,53,52,25,8,47,20,1.37,8,3.37,4.62,999,12673
Ryan Weber,Red Sox,3,4,0,4.84,8,17,65,76,35,9,43,19,1.47,6.03,2.67,4.63,999,10160
Matt Carasiti,,0,0,0,4.39,0,9,9,9,4,1,8,4,1.48,7.79,4.03,4.64,999,13276
Jakob Junis,Royals,9,12,0,4.73,30,30,174,180,91,29,155,50,1.32,8.04,2.57,4.64,576.6,13619
Tyler Alexander,Tigers,3,4,0,4.81,6,31,63,72,34,12,53,13,1.35,7.48,1.87,4.64,999,17735
Trevor Williams,Pirates,8,11,0,4.75,29,29,161,170,85,23,126,51,1.37,7.05,2.83,4.65,596.2,16977
Ryan Buchter,,3,2,0,4.2,0,40,38,34,18,6,40,16,1.31,9.53,3.82,4.65,999,9456
Jorge Alcala,Twins,0,0,0,5.12,0,10,9,9,5,1,9,4,1.44,8.62,3.91,4.65,999,19459
Ryan Eades,,0,1,0,5.64,0,5,8,9,5,1,7,3,1.52,7.86,3.26,4.65,999,14808
Jacob Rhame,Mets,0,0,0,4.5,0,6,6,6,3,1,6,2,1.33,8.96,3.16,4.65,999,15267
Tyler Bashlor,Mets,1,1,0,4.93,0,13,13,12,7,2,13,6,1.41,8.72,4.35,4.65,999,15203
Jacob Waguespack,Blue Jays,3,4,0,4.62,2,41,55,56,28,8,48,22,1.41,7.82,3.55,4.65,999,18318
Kyle Keller,Angels,1,0,0,4.68,0,15,16,14,8,3,17,7,1.32,9.73,3.81,4.66,999,18890
Blaine Hardy,Twins,1,0,0,4.98,0,19,20,20,11,3,16,7,1.34,7.17,3.02,4.66,999,6499
Walker Lockett,Mets,1,1,0,5.01,1,11,18,20,10,3,14,5,1.36,6.69,2.28,4.66,999,13804
Bryan Shaw,Rockies,2,2,0,5,0,52,51,55,29,8,44,21,1.47,7.71,3.69,4.66,999,8110
Nick Ramirez,Tigers,2,2,0,4.43,0,32,36,36,18,5,30,16,1.44,7.66,3.91,4.66,999,12575
Deivi Garcia,Yankees,2,2,0,4.69,4,8,26,24,13,4,27,12,1.4,9.36,4.24,4.66,999,sa916944
David Hale,Yankees,2,1,0,4.25,0,13,25,30,12,3,16,8,1.53,5.65,2.95,4.67,999,9756
Mike Leake,Diamondbacks,8,10,0,4.6,22,31,139,159,71,22,90,25,1.33,5.83,1.63,4.67,584.4,10130
Elieser Hernandez,Marlins,5,7,0,4.6,17,36,106,102,54,19,104,36,1.29,8.81,3.04,4.67,581.5,16933
Edgar Garcia,,3,2,0,5.14,0,40,42,38,24,9,49,15,1.27,10.41,3.27,4.67,999,sa282907
Cole Irvin,Phillies,2,2,0,4.23,3,23,37,39,17,6,28,8,1.3,6.79,2.09,4.67,999,19244
Ronald Bolanos,Padres,1,1,0,5.01,3,5,19,19,11,3,17,9,1.48,8.23,4.26,4.68,999,20041
Jose Urena,Marlins,5,7,6,4.35,14,35,108,111,52,15,89,34,1.34,7.38,2.82,4.68,589.4,11589
Manny Banuelos,,1,2,0,4.88,1,18,22,22,12,3,22,10,1.44,8.64,4.13,4.68,999,5365
Addison Reed,,1,1,0,4.94,0,13,13,14,7,2,11,4,1.31,7.72,2.44,4.68,999,10586
Joseph Palumbo,Rangers,1,1,0,4.67,3,8,21,19,11,4,23,9,1.39,9.91,4.01,4.68,600,17035
Wade Miley,Reds,9,9,0,4.37,26,27,141,147,68,20,116,56,1.44,7.43,3.58,4.69,523.2,8779
Dovydas Neverauskas,Pirates,1,1,0,4.75,0,23,23,22,12,3,24,10,1.43,9.53,4.17,4.69,999,11604
Justus Sheffield,Mariners,6,9,0,4.55,24,24,132,132,67,19,118,60,1.45,8.03,4.11,4.69,454.3,17285
Rogelio Armenteros,Astros,3,1,0,4.73,4,26,40,39,21,7,40,15,1.35,9.1,3.3,4.69,600.8,17679
Kyle Barraclough,,1,1,0,4.17,0,18,18,14,8,2,18,11,1.46,9.32,5.76,4.69,600.9,13713
Carlos Rodon,White Sox,3,3,0,4.59,6,16,42,40,21,7,43,18,1.38,9.2,3.87,4.69,600,16137
Sean Poppen,Twins,0,0,0,5.28,1,2,6,6,3,1,5,3,1.53,8.54,4.36,4.69,999,19583
Josh D. Smith,Reds,1,0,0,3.95,0,16,16,14,7,3,18,8,1.35,10.09,4.61,4.7,999,13629
Kolby Allard,Rangers,3,4,0,4.81,9,14,53,57,28,8,41,20,1.46,7,3.4,4.7,599.3,18694
Tyler Clippard,Twins,2,2,2,4.44,0,55,54,50,27,10,58,19,1.26,9.64,3.19,4.7,598.6,5640
Daniel Stumpf,,0,0,0,4.49,0,9,6,6,3,1,6,3,1.43,8.78,3.9,4.71,999,13780
Luis Cessa,Yankees,2,2,0,4.58,0,41,51,51,26,9,47,18,1.34,8.33,3.11,4.71,600.3,13345
Jake Arrieta,Phillies,9,10,0,4.53,27,27,153,157,77,22,127,54,1.38,7.44,3.2,4.71,513.1,4153
Aaron Barrett,Nationals,1,1,0,4.96,0,19,18,18,10,3,16,8,1.45,8.06,3.91,4.71,999,11243
Andrew Suarez,Giants,2,4,0,4.66,5,17,50,56,26,7,36,18,1.47,6.47,3.24,4.71,999,18300
Erik Swanson,Mariners,3,5,0,4.73,8,43,75,73,39,15,72,21,1.26,8.61,2.56,4.71,999,16587
Steven Brault,Pirates,5,7,0,4.67,18,30,112,113,58,15,97,55,1.49,7.77,4.38,4.71,599.6,15291
Zach Plesac,Indians,8,8,0,4.49,23,23,128,129,64,21,106,41,1.33,7.42,2.9,4.72,444.7,19979
Austin Brice,Red Sox,1,0,0,4.55,0,17,18,18,9,3,17,6,1.32,8.31,3.03,4.72,999,17237
Joe Ross,Nationals,5,6,0,4.69,17,23,97,104,50,15,80,34,1.42,7.42,3.12,4.72,594.1,12972
Jonathan Hernandez,Rangers,1,1,0,4.8,0,19,22,23,12,3,21,11,1.52,8.71,4.4,4.72,999,17464
Danny Duffy,Royals,8,11,0,4.66,27,27,152,154,79,24,134,56,1.38,7.93,3.3,4.72,574,3542
Lucas Sims,Reds,3,3,0,4.42,1,45,58,49,28,10,71,27,1.32,11.09,4.19,4.73,600.8,13470
Genesis Cabrera,Cardinals,1,2,0,4.6,4,21,30,30,16,5,29,13,1.42,8.7,3.98,4.73,999,17490
Forrest Whitley,Astros,3,3,0,4.89,10,10,56,52,30,9,61,26,1.4,9.81,4.18,4.73,999,sa917930
David McKay,Tigers,1,1,0,4.97,0,36,38,35,21,6,44,22,1.49,10.46,5.15,4.73,999,19814
Jordan Romano,Blue Jays,2,2,0,5.12,0,38,39,38,22,7,42,16,1.39,9.81,3.63,4.74,999,16122
Elvis Luciano,Blue Jays,1,1,0,4.92,0,23,30,30,16,4,24,14,1.49,7.28,4.17,4.74,999,20632
Sam Howard,Pirates,1,0,0,5.55,0,11,11,11,7,2,11,6,1.51,9.62,4.68,4.74,999,16265
Zack Godley,Tigers,2,2,0,4.67,1,27,35,35,18,5,31,15,1.44,7.91,3.77,4.74,999,14862
Daniel Gossett,,1,1,0,4.91,3,3,17,18,9,3,14,6,1.41,7.17,3.37,4.75,999,16164
Julian Merryweather,Blue Jays,1,1,0,4.36,0,15,16,16,8,3,15,5,1.32,8.77,2.87,4.75,999,sa829363
Zach Eflin,Phillies,10,10,0,4.49,26,28,152,161,76,26,123,42,1.34,7.32,2.51,4.75,501.9,13774
Enderson Franco,Giants,0,0,0,4.14,0,10,10,10,4,2,8,4,1.44,7.91,3.32,4.75,999,11896
Miguel Castro,Orioles,2,4,1,4.6,0,62,68,64,35,9,59,34,1.45,7.9,4.58,4.75,999,15684
Dillon Tate,Orioles,1,2,0,5,0,30,35,37,19,5,28,13,1.42,7.16,3.23,4.75,999,17796
Jorge Lopez,Royals,5,8,0,5.13,13,38,105,112,60,17,87,39,1.43,7.45,3.3,4.76,600.2,14527
Casey Mize,Tigers,2,2,0,4.84,6,6,38,40,20,6,31,11,1.35,7.25,2.58,4.76,999,sa3008444
Randy Rosario,Royals,1,1,0,4.66,0,22,22,25,12,3,16,9,1.51,6.61,3.64,4.76,999,14508
Bryan Garcia,Tigers,2,2,0,5.25,0,46,47,45,27,8,44,21,1.42,8.57,4.01,4.77,999,19457
Shun Yamaguchi,Blue Jays,4,5,0,4.46,9,50,84,80,42,14,82,36,1.39,8.73,3.86,4.77,580.4,27460
Garrett Cleavinger,Phillies,0,0,0,3.79,0,6,6,5,3,1,7,4,1.42,10.72,5.53,4.77,999,sa827423
Cy Sneed,Astros,1,1,0,4.87,0,14,20,20,11,4,18,7,1.35,8.09,3.03,4.77,999,16106
Jeff Samardzija,Giants,8,13,0,4.44,30,30,173,173,85,28,138,52,1.3,7.17,2.72,4.78,363.5,3254
Arodys Vizcaino,,2,1,1,4.06,0,28,28,25,13,4,31,12,1.33,10.03,3.87,4.78,599,5498
Jerry Blevins,,1,0,0,4.34,0,31,21,20,10,4,23,9,1.38,9.81,3.79,4.78,999,7841
Tanner Roark,Blue Jays,8,11,0,4.88,28,28,162,171,88,28,141,51,1.37,7.81,2.82,4.78,552.6,8753
Matt Bowman,Reds,1,1,0,4.32,0,23,24,24,11,3,21,10,1.43,7.91,3.95,4.78,999,13528
Reynaldo Lopez,White Sox,10,11,0,4.62,30,30,170,168,88,30,155,60,1.33,8.2,3.16,4.78,307.1,16400
AJ Ramos,,1,1,0,5,0,12,12,11,7,2,12,6,1.45,9.38,4.64,4.79,999,8350
Brett Cecil,Cardinals,1,1,0,5.05,0,29,26,27,15,4,21,10,1.43,7.3,3.62,4.79,599.8,2660
Anibal Sanchez,Nationals,9,9,0,4.45,29,29,159,164,79,27,139,54,1.37,7.84,3.05,4.8,425.7,3284
Jared Hughes,,2,1,0,4.46,0,32,31,31,15,4,24,12,1.35,6.78,3.36,4.8,999,9325
Justin Dunn,Mariners,4,5,0,4.71,15,19,81,80,42,13,76,35,1.42,8.42,3.85,4.8,588.9,19268
Yusei Kikuchi,Mariners,8,11,0,4.74,30,30,163,172,86,27,128,52,1.37,7.05,2.88,4.8,553,20633
Dan Winkler,Cubs,1,1,0,4.5,0,23,22,21,11,3,21,12,1.52,8.72,5.15,4.8,999,12237
Drew Gagnon,,1,0,0,5.36,0,5,8,9,5,1,5,2,1.33,6.16,2.37,4.8,999,12545
Damon Jones,Phillies,1,1,0,4.67,2,2,10,9,5,1,10,5,1.5,8.97,5.1,4.8,999,sa3004862
Jacob Barnes,,0,0,0,4.13,0,13,13,13,6,2,13,5,1.39,8.62,3.57,4.81,999,12323
Nick Neidert,Marlins,1,2,0,4.71,5,9,31,33,16,5,27,10,1.38,7.65,3.01,4.81,999,sa874797
Trevor Hildenberger,,1,1,0,5.25,0,18,17,19,10,3,15,5,1.36,7.93,2.61,4.82,999,17002
Gabe Speier,Royals,0,0,0,5.34,0,7,7,7,4,1,6,3,1.43,8.56,3.67,4.82,999,17170
Anthony Banda,Rays,1,2,0,4.46,0,20,27,26,13,4,25,10,1.35,8.39,3.51,4.82,999,14706
Jeanmar Gomez,,1,1,0,4.75,0,19,19,21,10,3,15,7,1.43,7.24,3.18,4.82,999,9033
Yacksel Rios,Pirates,1,1,0,5.29,0,22,22,24,13,3,21,11,1.53,8.27,4.36,4.82,999,15007
Greg Holland,,2,2,1,4.86,0,40,39,36,21,5,38,22,1.5,8.92,5.09,4.82,598.3,7196
Matt Albers,,2,2,0,4.74,0,38,38,37,20,6,35,15,1.39,8.29,3.56,4.82,999,4300
Gregory Soto,Tigers,1,4,0,4.93,1,44,54,55,30,8,48,28,1.52,7.94,4.59,4.82,999,19677
Huascar Ynoa,Braves,0,1,0,5.6,0,10,14,15,8,2,13,6,1.59,8.76,4.19,4.83,999,20468
Austin Pruitt,Astros,3,3,0,4.7,5,22,57,62,30,10,46,15,1.34,7.24,2.34,4.83,599.7,15290
Hunter Strickland,Nationals,2,2,0,4.76,0,37,36,36,19,6,32,14,1.37,7.96,3.42,4.83,999,7836
Phillip Diehl,Rockies,0,0,0,5.2,0,12,11,11,6,2,11,4,1.42,8.84,3.49,4.83,999,20030
Nick Margevicius,Mariners,2,3,0,5.1,6,8,35,39,20,6,25,9,1.37,6.49,2.39,4.84,999,20395
Brian Flynn,Rangers,1,1,0,4.99,0,8,16,18,9,2,11,8,1.62,6.28,4.38,4.84,999,12027
Zach Davies,Padres,8,9,0,4.51,27,27,147,158,74,20,100,49,1.41,6.12,2.98,4.84,494.7,13183
Jose Ruiz,White Sox,1,1,0,4.94,0,17,16,16,9,3,15,8,1.48,8.66,4.47,4.84,999,14552
Francisco Liriano,,1,1,0,4.03,0,32,36,35,16,5,34,17,1.48,8.59,4.35,4.84,999,3201
Paul Sewald,Mets,1,2,0,4.82,0,20,21,21,11,4,20,7,1.33,8.87,2.95,4.84,999,13892
Dylan Covey,Rays,1,1,0,5.24,1,6,14,15,8,2,10,6,1.49,6.68,3.65,4.85,999,14825
Wade Davis,Rockies,2,3,14,5.43,0,55,54,52,33,8,55,28,1.47,9.2,4.59,4.85,304.7,7441
James Kaprielian,,0,0,0,4.8,1,16,19,19,10,3,18,7,1.37,8.5,3.39,4.85,999,sa658943
Scott Moss,Indians,0,0,0,5.13,0,9,8,8,5,2,9,4,1.4,9.09,3.72,4.85,999,sa738902
Ryan Borucki,Blue Jays,2,4,0,4.89,9,11,51,55,28,8,40,19,1.45,7.09,3.41,4.86,599.8,16350
Gio Gonzalez,White Sox,8,8,0,4.72,25,26,138,138,73,20,120,60,1.43,7.82,3.9,4.86,565.3,7448
Johnny Cueto,Giants,7,9,0,4.27,25,25,137,138,65,20,114,46,1.34,7.48,3,4.86,309.3,6893
Homer Bailey,Twins,8,8,0,4.85,24,24,131,140,71,22,110,44,1.41,7.6,3.01,4.86,509.6,8362
Paul Blackburn,Athletics,2,2,0,4.93,2,19,36,39,20,5,24,11,1.39,6.02,2.62,4.87,999,14739
Kyle McGowin,Nationals,1,1,0,5.09,3,11,20,21,12,4,20,7,1.39,8.63,3.09,4.87,999,15071
Adam Conley,Marlins,2,4,1,4.68,0,51,52,53,27,8,46,21,1.43,7.98,3.67,4.87,999,14457
J. D. Hammer,Phillies,1,0,0,4.73,0,11,11,10,6,2,10,5,1.41,8.24,4.35,4.88,999,19548
Cory Gearrin,,1,1,0,4.64,0,26,25,25,13,4,22,10,1.42,7.94,3.65,4.88,999,7947
Jordan Montgomery,Yankees,8,6,0,4.38,20,31,123,122,60,20,116,42,1.34,8.51,3.1,4.88,449.4,16511
Daniel Mengden,Athletics,3,3,0,4.97,5,23,50,52,28,8,37,16,1.37,6.57,2.91,4.88,999,16980
Matt Shoemaker,Blue Jays,8,9,0,4.48,24,24,131,130,65,22,120,42,1.32,8.26,2.92,4.88,520.4,4776
Robert Dugger,Marlins,2,3,0,4.94,4,16,42,44,23,7,34,15,1.4,7.3,3.26,4.88,999,19191
Jose Suarez,Angels,2,2,0,4.81,6,10,39,39,21,7,34,15,1.42,7.83,3.62,4.89,999,19911
Jake McGee,Rockies,2,2,0,5.26,0,50,49,52,28,9,42,16,1.39,7.88,2.9,4.89,999,7550
Wily Peralta,,1,1,0,5.16,0,29,29,30,17,4,24,14,1.53,7.56,4.37,4.89,999,7738
Mike Montgomery,Royals,6,9,0,4.74,25,27,137,149,72,19,100,52,1.47,6.57,3.39,4.9,999,4869
Yefry Ramirez,,0,1,0,4.78,0,4,9,9,5,1,10,5,1.55,9.38,5.28,4.9,999,15655
Dillon Peters,Angels,2,2,0,4.89,4,15,31,34,17,5,24,11,1.43,6.96,3.13,4.9,999,18790
Nestor Cortes,Mariners,1,1,0,4.57,0,22,27,26,14,5,26,10,1.35,8.83,3.34,4.91,999,17874
Mike Morin,Brewers,1,2,0,5.15,0,23,23,25,13,4,17,6,1.35,6.79,2.46,4.91,999,13442
Josh Staumont,Royals,1,2,0,4.39,2,28,31,27,15,4,33,22,1.6,9.59,6.45,4.92,999,18335
Shawn Kelley,,2,1,1,4.81,0,33,32,33,17,7,32,9,1.29,8.74,2.56,4.92,600.1,7773
Jake Newberry,Royals,2,2,0,4.94,0,32,34,35,19,5,30,16,1.49,8.03,4.19,4.92,999,15136
Luke Bard,Angels,2,2,0,4.82,0,26,30,30,16,6,29,12,1.41,8.9,3.56,4.92,999,14288
Tayron Guerrero,White Sox,1,2,0,5.05,0,26,27,26,15,4,28,16,1.54,9.17,5.32,4.92,999,11691
Derek Holland,Pirates,2,3,0,4.87,5,24,46,47,25,8,44,20,1.45,8.6,3.83,4.92,999,4141
Ryan Tepera,Cubs,3,3,0,4.39,0,50,49,46,24,7,45,20,1.36,8.37,3.68,4.93,999,10291
Jordan Lyles,Rangers,7,10,0,4.89,24,27,132,137,72,23,122,51,1.42,8.28,3.47,4.93,480.9,7593
Yohan Ramirez,Mariners,1,1,0,4.74,0,13,15,13,8,2,16,10,1.57,9.98,6.27,4.93,999,sa922200
Javy Guerra,Nationals,1,0,0,4.84,0,14,14,15,8,3,12,5,1.38,7.4,3.27,4.93,999,7407
Tyson Ross,,2,3,0,4.73,8,10,43,44,23,5,33,19,1.47,6.91,3.98,4.93,999,7872
Sean Reid-Foley,Blue Jays,2,2,0,4.95,2,27,40,38,22,7,41,21,1.49,9.29,4.84,4.93,999,17034
Brad Boxberger,Marlins,2,2,1,4.74,0,31,32,30,17,5,32,17,1.49,9.24,4.77,4.93,597.3,10133
Kyle Zimmer,Royals,1,2,0,5.71,0,24,27,27,17,4,24,16,1.59,8.1,5.35,4.94,999,14169
Kendall Graveman,Mariners,5,8,0,4.95,21,21,113,132,62,18,82,37,1.49,6.51,2.92,4.94,999,15514
Wes Parsons,,0,1,0,4.4,0,4,10,11,5,1,7,4,1.53,6.46,3.88,4.95,999,14764
Reggie McClain,Phillies,1,0,0,3.96,0,15,17,17,7,3,13,7,1.41,6.77,3.64,4.95,999,19311
Andrew Cashner,,4,5,0,4.61,6,45,74,76,38,11,57,28,1.42,6.94,3.45,4.95,999,8782
Kyle Freeland,Rockies,8,10,0,4.91,28,28,152,166,83,24,119,56,1.46,7.06,3.31,4.95,584.7,16256
Cody Anderson,Mariners,0,1,0,4.39,1,13,18,19,9,3,16,6,1.43,7.93,3.27,4.95,999,12799
Matthew Festa,Mariners,0,0,0,4.42,0,9,10,9,5,2,9,4,1.38,8.03,3.83,4.96,999,19330
Erick Fedde,Nationals,2,3,0,4.91,6,18,47,52,26,7,34,18,1.48,6.46,3.44,4.96,999,17425
Adbert Alzolay,Cubs,2,3,0,4.97,7,15,44,44,24,8,44,20,1.44,8.92,4.02,4.96,601,17859
Cristian Javier,Astros,1,1,0,4.9,4,5,22,19,12,4,26,12,1.41,10.51,4.9,4.97,594.7,sa874816
Anthony Kay,Blue Jays,3,4,0,5.04,8,12,50,51,28,8,44,23,1.47,7.9,4.09,4.97,598.5,20387
T.J. Zeuch,Blue Jays,1,1,0,5.13,2,17,26,28,15,4,19,10,1.44,6.44,3.56,4.97,999,19269
Victor Alcantara,,1,1,0,4.77,0,10,11,12,6,1,7,4,1.47,6.12,3.53,4.97,999,15028
Jose Mujica,Athletics,0,0,0,5.08,1,6,9,10,5,2,7,3,1.54,7.15,3.27,4.97,999,sa3006525
A.J. Cole,Blue Jays,1,1,0,4.88,0,13,15,15,8,3,16,6,1.38,9.63,3.44,4.98,999,11467
John Means,Orioles,9,12,0,4.76,30,30,166,177,88,32,129,43,1.33,6.97,2.35,4.98,429.2,16269
Patrick Weigel,Braves,0,0,0,4.52,0,6,6,6,3,1,6,3,1.37,8.34,4.16,4.98,999,sa829466
Burch Smith,Athletics,1,1,0,4.88,0,18,22,22,12,4,22,12,1.5,8.74,4.66,4.99,999,12784
Michael Rucker,Orioles,1,2,0,4.99,0,23,26,27,15,5,25,9,1.38,8.36,3.12,4.99,999,sa919117
Sal Romano,Reds,1,1,0,4.25,0,16,18,19,9,3,17,7,1.43,8.21,3.45,5.01,999,13690
Clay Buchholz,,2,2,0,5.16,6,6,33,36,19,6,24,10,1.39,6.6,2.65,5.01,999,3543
Brian Duensing,,0,0,0,4.98,0,6,6,7,3,1,5,3,1.49,6.79,3.92,5.02,999,4064
Jesse Hahn,Royals,2,4,0,4.98,4,33,53,55,29,7,46,23,1.47,7.84,3.87,5.02,999,13287
Thomas Pannone,Blue Jays,2,2,0,4.93,0,41,49,48,27,10,47,17,1.34,8.64,3.2,5.02,999,17281
Justin Shafer,Reds,1,0,0,4.95,0,18,20,20,11,3,19,9,1.46,8.52,4.18,5.02,999,16132
Kyle Bird,Rangers,1,0,0,4.79,0,11,11,12,6,2,10,6,1.54,7.83,4.42,5.04,999,16618
Jerad Eickhoff,,1,1,0,4.17,2,21,27,27,13,5,25,8,1.29,8.14,2.62,5.05,999,12664
Jefry Rodriguez,Indians,2,3,0,5.2,5,16,38,40,22,6,30,19,1.54,7.05,4.46,5.05,999,17018
Ariel Jurado,Rangers,1,2,0,5.23,4,13,28,33,16,5,18,8,1.46,5.62,2.5,5.06,999,17030
Cody Allen,,1,2,2,5.02,0,31,30,29,17,6,34,14,1.4,9.93,4.1,5.06,600.4,12183
James Bourque,Nationals,1,0,0,4.07,0,13,12,12,5,2,11,7,1.64,8.4,5.55,5.06,999,16668
Travis Lakins,Orioles,0,1,0,5.36,0,20,21,22,12,3,17,10,1.52,7.28,4.22,5.08,999,18600
Gerson Bautista,Mariners,0,1,0,5.26,0,25,25,24,15,4,26,15,1.58,9.4,5.57,5.08,999,19256
Antonio Senzatela,Rockies,7,10,0,5.37,23,28,127,147,76,19,82,48,1.54,5.85,3.43,5.08,999,15488
Travis Bergen,Blue Jays,0,0,0,4.86,0,10,8,8,4,1,7,4,1.49,7.4,4.67,5.08,999,18581
Logan Allen,Indians,5,5,0,4.91,12,26,85,88,46,15,72,35,1.45,7.64,3.69,5.09,600.3,18555
Wei-Yin Chen,,2,2,0,5.14,4,22,37,40,21,7,32,12,1.39,7.78,2.82,5.09,999,13071
Taylor Guerrieri,Rangers,0,0,0,4.81,0,4,5,6,3,1,4,2,1.56,7.93,4.2,5.09,999,13616
Dario Agrazal,Tigers,1,3,0,4.89,2,11,30,33,16,5,17,7,1.36,5.23,2.12,5.09,999,15821
Brandon Bielak,Astros,1,0,0,5.02,2,2,9,10,5,2,8,4,1.44,7.71,3.79,5.1,999,sa915815
Alex Cobb,Orioles,7,11,0,5.11,26,26,143,162,81,26,100,41,1.42,6.3,2.59,5.11,593.7,6562
Tyler Lyons,Yankees,0,0,0,4.62,0,12,12,11,6,2,12,4,1.33,9.54,3.32,5.11,999,11334
Taylor Clarke,Diamondbacks,2,2,0,4.95,3,19,33,34,18,6,27,11,1.38,7.42,3.11,5.11,999,17611
Taijuan Walker,Mariners,5,7,0,4.7,21,22,108,110,56,18,96,39,1.38,7.99,3.21,5.11,538.9,11836
Luke Farrell,Rangers,2,2,0,4.87,0,28,34,33,18,6,34,16,1.47,8.98,4.4,5.11,999,15101
Yency Almonte,Rockies,1,1,0,5.23,0,28,30,31,17,4,27,17,1.63,8.08,5.21,5.12,999,15068
Ivan Nova,Tigers,6,10,0,5.14,22,32,126,149,72,23,80,31,1.43,5.74,2.22,5.12,598,1994
Thomas Hatch,Blue Jays,0,0,0,5.33,0,10,11,11,6,2,10,4,1.44,8.3,3.58,5.12,999,sa738514
Jaime Barria,Angels,2,3,0,4.93,6,19,45,47,25,9,39,14,1.36,7.83,2.81,5.12,601,18356
Adalberto Mejia,White Sox,0,1,0,4.62,0,6,11,11,6,2,10,5,1.44,8.32,4.05,5.12,999,13188
Rony Garcia,Tigers,1,2,0,5.24,0,34,38,40,22,7,33,14,1.44,7.74,3.44,5.13,999,sa918036
Gabriel Ynoa,,1,2,0,5.28,6,7,31,38,18,6,19,8,1.46,5.43,2.38,5.13,999,12938
Donnie Hart,,0,0,0,4.92,0,9,9,10,5,1,6,3,1.43,5.67,3.15,5.14,999,15306
Felix Hernandez,,2,3,0,5.12,7,9,40,43,23,7,32,14,1.45,7.21,3.25,5.14,597.3,4772
Phillips Valdez,Red Sox,0,0,0,5.08,0,7,9,9,5,1,7,4,1.51,7.45,4.1,5.14,999,15605
Nick Goody,Rangers,2,2,0,4.71,0,35,36,33,19,7,41,17,1.39,10.32,4.2,5.14,999,13685
Jharel Cotton,Cubs,1,2,0,4.21,3,22,29,31,14,6,29,13,1.5,8.81,3.88,5.14,600.8,13654
Chad Bettis,,1,1,0,5.32,2,17,26,30,16,5,18,9,1.44,6.28,2.93,5.15,999,10587
Anthony Misiewicz,Mariners,0,1,0,5.03,1,1,6,6,3,1,4,2,1.42,7.1,2.78,5.15,999,sa874099
Jake Faria,Brewers,0,0,0,4.13,0,12,16,16,7,3,17,7,1.43,9.69,3.99,5.15,999,13699
Glenn Sparkman,Royals,3,5,0,5.43,9,33,72,84,43,13,45,20,1.46,5.7,2.55,5.16,999,15200
Julio Teheran,Angels,9,10,0,4.64,29,29,160,152,83,29,146,71,1.39,8.21,3.97,5.16,371,6797
Aaron Brooks,,1,2,0,5.19,4,9,28,32,16,5,19,9,1.47,6.01,2.77,5.17,999,12272
Ashton Goudeau,Rockies,1,1,0,5.04,3,10,21,23,11,4,18,7,1.45,7.92,3.11,5.17,999,sa658634
Edinson Volquez,Rangers,0,1,0,4.73,1,11,14,14,7,2,11,6,1.47,7.52,3.94,5.17,999,3990
Michael Shawaryn,Red Sox,1,0,0,5.3,2,18,24,25,14,5,23,11,1.51,8.73,4.21,5.17,999,19495
Josh Tomlin,,1,1,0,4.88,0,21,24,28,13,5,17,3,1.28,6.41,1.24,5.17,999,9388
Mike Fiers,Athletics,11,9,0,4.61,30,30,168,175,86,31,128,50,1.33,6.85,2.66,5.18,442,7754
Mike Dunn,,0,0,0,5.71,0,10,7,7,4,1,6,4,1.55,8.21,4.89,5.18,999,9948
Brock Burke,Rangers,1,1,0,5.14,2,2,11,12,6,2,9,4,1.48,6.84,3.54,5.18,999,17968
Wei-Chung Wang,,0,0,0,4.65,0,7,6,7,3,1,4,2,1.46,6.03,2.96,5.18,999,14382
Chi Chi Gonzalez,Rockies,2,4,0,5.5,9,17,57,63,35,9,43,26,1.55,6.75,4.03,5.18,999,14663
Tyler Kinley,Rockies,1,1,0,5.21,0,25,25,25,14,4,24,14,1.57,8.83,5.21,5.18,999,18297
Peter Lambert,Rockies,5,7,0,5.52,19,20,105,123,64,19,71,33,1.49,6.1,2.84,5.19,999,17969
Michael Baumann,Orioles,0,1,0,4.68,2,2,9,9,5,1,7,4,1.42,6.89,3.81,5.19,999,sa829681
Ubaldo Jimenez,Rockies,0,0,0,5.56,1,1,8,9,5,1,7,4,1.57,7.77,4.15,5.19,999,3374
Cody Carroll,Orioles,1,0,0,5.55,0,12,13,12,8,2,13,7,1.49,9.01,4.88,5.19,999,17664
Enyel De Los Santos,Phillies,1,1,0,5.09,4,7,23,24,13,4,20,9,1.42,7.78,3.53,5.2,999,18403
Bobby Poyner,,1,1,0,5,0,13,14,14,8,3,13,7,1.49,8.59,4.33,5.2,999,17987
Rico Garcia,,1,2,0,5.11,4,10,22,22,12,4,16,10,1.46,6.77,4.04,5.21,999,20023
Alex Faedo,Tigers,1,2,0,5.47,3,7,22,24,13,5,19,7,1.4,7.98,2.75,5.21,999,sa829855
Jhoulys Chacin,Twins,3,4,0,5.04,10,13,53,56,30,9,44,21,1.44,7.46,3.54,5.22,599.1,2608
Dean Kremer,Orioles,5,6,0,5.3,14,19,78,83,46,15,69,31,1.46,7.98,3.54,5.22,999,sa876350
Trevor Kelley,,0,1,0,5.25,0,9,8,9,5,1,6,3,1.43,6.68,3.28,5.22,999,18454
Jordan Zimmermann,Tigers,5,9,0,5.36,21,22,116,135,69,23,85,28,1.41,6.57,2.18,5.23,999,4505
Hector Velazquez,Red Sox,2,3,0,4.92,6,19,48,51,26,8,36,23,1.54,6.76,4.37,5.23,999,19341
Chase Anderson,Blue Jays,7,9,0,4.67,26,26,140,137,72,27,121,50,1.34,7.79,3.21,5.23,562.8,6895
Philip Pfeifer,Braves,0,0,0,4.49,0,7,6,6,3,1,7,3,1.49,9.18,4.59,5.24,999,sa602699
Eric Hanhold,,0,0,0,5.34,0,7,6,6,4,1,5,3,1.44,7.06,3.72,5.25,999,18332
Colin Rea,Cubs,1,1,0,5.09,1,8,16,17,9,3,13,7,1.51,7.34,3.95,5.25,999,12317
Ty Blach,Orioles,2,4,0,5.99,7,16,48,60,32,8,30,18,1.62,5.54,3.29,5.26,999,14361
Trey Supak,Brewers,1,1,0,5.43,3,3,17,19,11,3,13,6,1.4,6.65,2.86,5.26,999,sa828707
Yohander Mendez,Rangers,1,2,0,4.77,0,17,23,24,12,4,24,11,1.46,9.12,4.09,5.28,999,14391
Yennsy Diaz,Blue Jays,0,0,0,5.31,0,16,13,14,8,2,10,6,1.5,6.69,4.29,5.28,999,20218
Tom Eshelman,Orioles,0,1,0,5.29,1,4,10,12,6,2,7,2,1.46,6.02,2.02,5.28,999,18361
Tanner Houck,Red Sox,1,2,0,5.26,4,6,24,26,14,4,20,11,1.55,7.42,4.19,5.28,999,sa829037
Branden Kline,,1,1,0,5.54,0,20,22,23,13,4,20,11,1.59,8.42,4.58,5.28,999,14101
Caleb Frare,,0,0,0,5.03,0,8,7,6,4,1,9,6,1.65,10.56,6.9,5.28,999,14353
Chance Adams,Royals,2,4,0,4.94,0,37,47,49,26,8,40,23,1.53,7.67,4.41,5.28,999,18135
Shelby Miller,Brewers,1,2,0,5.95,5,7,30,32,20,5,24,15,1.56,7.37,4.39,5.29,999,10197
Hector Noesi,Pirates,1,1,0,5.49,1,9,13,14,8,3,11,4,1.38,7.52,2.74,5.31,999,3292
Stephen Woods Jr.,Royals,1,1,0,5.36,0,18,20,21,12,3,16,11,1.62,7.08,5.12,5.31,999,sa737853
Alex Wilson,,1,2,0,4.97,0,22,23,25,13,4,17,6,1.37,6.69,2.51,5.32,999,9239
Adam Plutko,Indians,5,6,0,5.23,12,37,92,99,54,20,72,27,1.36,7.04,2.59,5.32,593.6,15846
Joey Wentz,Tigers,1,1,0,5.84,4,4,25,27,16,4,21,11,1.54,7.58,4.12,5.33,999,sa917946
Kohl Stewart,Orioles,3,5,0,5.32,9,22,63,70,37,10,41,28,1.56,5.93,4.05,5.34,999,15502
Danny Salazar,,3,4,0,5.05,7,27,57,59,32,10,54,25,1.47,8.45,3.94,5.34,588.9,5867
Taylor Hearn,Rangers,1,3,0,5.64,5,16,28,30,18,5,26,16,1.63,8.3,5.1,5.36,999,18325
Matt Harvey,,1,1,0,5.27,3,3,16,18,10,3,13,5,1.42,6.92,2.98,5.37,999,11713
Jeff Hoffman,Rockies,4,6,0,5.47,15,20,82,88,50,15,74,35,1.49,8.06,3.81,5.37,999,17432
James Pazos,Rockies,1,1,0,4.69,0,31,29,32,15,4,25,14,1.59,7.78,4.38,5.38,999,13323
Clayton Richard,,2,2,0,4.91,6,6,34,39,19,5,23,13,1.52,6.02,3.48,5.38,999,3551
Kyle Hart,Red Sox,2,1,0,5.2,4,8,27,30,16,5,21,11,1.49,6.97,3.53,5.38,999,sa918414
Parker Dunshee,Athletics,0,0,0,5.78,1,1,6,6,4,1,4,2,1.41,7.06,2.94,5.38,999,sa873274
Odrisamer Despaigne,,0,0,0,5.13,0,3,7,8,4,1,5,3,1.57,6.33,3.69,5.42,999,16017
Brian Johnson,Red Sox,2,2,0,5.39,6,9,34,40,21,6,27,16,1.62,7.2,4.17,5.42,999,14272
Tyler Thornburg,,0,1,0,5.92,0,11,11,11,7,2,12,6,1.47,9.56,4.61,5.42,999,10688
Zac Lowther,Orioles,1,2,0,5.46,6,6,31,32,19,6,27,15,1.49,7.68,4.2,5.43,999,sa915645
Ljay Newsome,Mariners,1,2,0,5.27,4,5,23,26,14,6,19,5,1.33,7.39,1.9,5.44,999,sa875837
Zac Rosscup,Rockies,0,1,0,4.75,0,19,13,12,7,2,15,12,1.93,10.53,8.75,5.45,999,9419
Nick Tropeano,Yankees,0,0,0,5.81,1,1,6,7,4,1,5,2,1.53,7.36,3.56,5.47,999,12385
Heath Fillmyer,,1,1,0,5.49,2,7,14,16,9,2,11,7,1.63,6.89,4.66,5.47,999,17466
Carson Fulmer,White Sox,1,2,0,5.5,0,22,25,24,15,4,25,15,1.59,9.16,5.47,5.53,999,18311
David Hess,Orioles,3,4,0,5.42,6,29,53,57,32,12,45,21,1.46,7.65,3.49,5.54,999,16130
Ben Lively,Diamondbacks,0,0,0,5.37,0,5,7,8,4,1,6,3,1.49,7.28,3.41,5.55,999,14932
Jason Vargas,,3,4,0,5.21,10,10,53,57,31,11,42,21,1.46,7.11,3.47,5.56,999,8044
Wade LeBlanc,,4,6,0,5.5,15,16,85,97,52,19,60,25,1.45,6.35,2.64,5.56,999,5221
Hector Santiago,,1,2,0,4.87,0,16,20,21,11,4,18,9,1.49,8.15,4.1,5.59,999,4026
Alex McRae,,1,2,0,6.02,1,9,19,22,12,4,14,8,1.62,6.56,3.85,5.6,999,16317
Foster Griffin,Royals,0,1,0,5.01,3,4,13,15,7,3,10,5,1.53,6.53,3.67,5.65,999,sa828674
Stephen Nogosek,Mets,0,0,0,5.28,0,8,8,8,5,2,8,5,1.59,8.58,5.41,5.66,999,19545
Brandon Bailey,Orioles,3,6,0,5.63,12,24,79,83,50,16,69,39,1.54,7.88,4.39,5.67,999,sa873692
Jesus Tinoco,Rockies,1,2,0,5.45,0,21,26,28,16,5,19,12,1.55,6.8,4.07,5.68,999,16300
Ryan Carpenter,,1,2,0,6.62,4,4,19,24,14,4,14,7,1.62,6.25,3.34,5.7,999,12699
Sean Gilmartin,,0,1,0,5.93,0,4,8,9,5,2,6,3,1.51,6.37,3.76,5.7,999,12781
Brock Stewart,Cubs,0,0,0,6.35,0,4,7,7,5,1,5,3,1.53,6.84,3.96,5.71,999,16727
Eric Skoglund,Royals,1,3,0,5.79,4,12,36,43,23,7,20,12,1.55,5.04,3.01,5.75,999,16155
Tommy Milone,,2,2,0,5.39,6,8,38,43,23,10,29,10,1.4,6.86,2.26,5.77,999,7608
Miguel Diaz,,0,0,0,4.85,0,4,7,7,4,2,7,3,1.32,8.7,3.23,5.77,999,18815
Jon Edwards,,1,0,0,5.37,0,11,11,11,7,2,10,7,1.65,8.35,5.71,5.78,999,1483
Bruce Zimmermann,Orioles,1,1,0,5.88,2,2,14,15,9,3,10,6,1.54,6.81,3.82,5.79,999,sa3004810
Chris Rusin,,1,0,0,4.47,0,11,12,14,6,2,8,4,1.51,5.89,3.37,5.79,999,9895
Keegan Akin,Orioles,1,3,0,5.48,5,9,38,39,23,8,36,20,1.53,8.4,4.6,5.83,999,sa873980
Joe Harvey,Rockies,0,1,0,5.29,0,10,11,10,6,2,10,6,1.52,8.48,4.93,5.84,999,16459
Asher Wojciechowski,Orioles,7,11,0,5.33,26,27,143,150,85,35,128,53,1.41,8.06,3.3,5.85,600.4,10836
Dan Straily,,0,1,0,5.62,2,2,8,9,5,2,6,2,1.43,7.02,2.75,5.85,999,9460
Marco Estrada,,2,4,0,5.78,9,9,50,54,32,11,37,18,1.44,6.64,3.3,5.91,999,1118
JC Ramirez,,0,0,0,4.89,1,9,11,13,6,2,7,4,1.49,5.82,3.17,5.92,999,8302
Jimmy Herget,Rangers,0,0,0,4.98,0,7,8,8,4,1,5,5,1.64,5.52,5.81,5.94,999,17556
Ross Detwiler,,1,2,0,5.65,4,6,25,29,16,6,16,9,1.51,5.76,3.15,5.96,999,2859
Ervin Santana,,2,3,0,5.7,7,7,38,42,24,8,24,13,1.46,5.76,3.16,6.04,999,3200
A.J. Schugel,,1,0,0,3.75,0,5,7,7,3,2,6,3,1.41,7.16,3.68,6.08,999,11432
Edwin Jackson,Diamondbacks,1,2,0,5.58,5,5,22,24,14,5,16,11,1.59,6.39,4.62,6.19,999,1841
Harrison Musgrave,Rockies,0,1,0,6.95,0,8,9,14,7,2,7,5,2.07,7.04,4.95,6.19,999,16532
Sam Freeman,Nationals,0,0,0,5.07,0,6,8,10,5,1,5,5,1.78,5.87,4.9,6.27,999,6832
Mark Appel,Phillies,0,0,0,5.9,0,1,7,8,5,1,5,5,1.97,6.52,6.83,6.28,999,sa501726
Ryan Castellani,Rockies,0,1,0,6.5,1,1,7,8,5,2,6,4,1.74,7.12,5.09,6.42,999,sa828689
