Name,Team,G,GS,W,L,SV,IP,ERA,WHIP,AVG,K/9,BB/9,HR/9,K%,BB%,K-BB%,SwStr%,BABIP,LOB%,FIP,xFIP,SIERA,Soft%,Med%,Hard%,WAR,playerid
Kirby Yates,Padres,60,0,0,5,41,60.2,1.19,0.89,0.184,14.98,1.93,0.3,41.6 %,5.4 %,36.2 %,15.7 %,0.325,80.8 %,1.3,2.25,2.05,18.9 %,38.5 %,42.6 %,3.4,9073
Sean Manaea,Athletics,5,5,4,0,0,29.2,1.21,0.78,0.16,9.1,2.12,0.91,27.5 %,6.4 %,21.1 %,11.9 %,0.194,100.0 %,3.42,3.98,3.86,11.4 %,41.4 %,47.1 %,0.8,15873
Jacob Webb,Braves,36,0,4,0,2,32.1,1.39,1.11,0.203,7.79,3.34,1.11,21.4 %,9.2 %,12.2 %,13.1 %,0.233,86.0 %,4.3,5.15,4.56,11.1 %,50.0 %,38.9 %,0.2,19274
Kevin Ginkel,Diamondbacks,25,0,3,0,2,24.1,1.48,0.99,0.172,10.36,3.33,0.74,29.2 %,9.4 %,19.8 %,14.1 %,0.228,80.2 %,3.09,3.98,3.68,12.1 %,48.3 %,39.7 %,0.5,19876
Will Harris,Astros,68,0,4,1,4,60,1.5,0.93,0.195,9.3,2.1,0.9,27.1 %,6.1 %,21.0 %,12.2 %,0.245,88.2 %,3.15,3.04,3.18,17.7 %,41.2 %,41.2 %,1.1,3192
Matt Shoemaker,Blue Jays,5,5,3,0,0,28.2,1.57,0.87,0.163,7.53,2.83,0.94,22.2 %,8.3 %,13.9 %,13.4 %,0.183,87.2 %,3.95,4.46,4.54,16.2 %,44.6 %,39.2 %,0.6,4776
Randy Dobnak,Twins,9,5,2,1,1,28.1,1.59,1.13,0.245,7.31,1.59,0.32,19.5 %,4.2 %,15.3 %,12.9 %,0.302,77.4 %,2.9,3.77,3.92,20.7 %,36.8 %,42.5 %,0.8,23798
Felipe Vazquez,Pirates,56,0,5,1,28,60,1.65,0.93,0.196,13.5,1.95,0.75,38.1 %,5.5 %,32.6 %,14.3 %,0.306,90.6 %,2.15,2.62,2.36,19.4 %,44.2 %,36.4 %,2.1,12076
Tyler Glasnow,Rays,12,12,6,1,0,60.2,1.78,0.89,0.185,11.27,2.08,0.59,33.0 %,6.1 %,27.0 %,12.0 %,0.265,84.7 %,2.26,2.94,3.18,22.3 %,48.9 %,28.8 %,2.3,14374
Joe Smith,Astros,28,0,1,0,0,25,1.8,0.96,0.209,7.92,1.8,0.72,22.9 %,5.2 %,17.7 %,9.6 %,0.254,84.9 %,3.09,3.72,3.67,21.7 %,31.9 %,46.4 %,0.4,3281
Liam Hendriks,Athletics,75,2,4,4,25,85,1.8,0.96,0.197,13.13,2.22,0.53,37.4 %,6.3 %,31.0 %,17.2 %,0.311,85.7 %,1.87,3.21,2.58,18.4 %,44.3 %,37.3 %,3.9,3548
Ken Giles,Blue Jays,53,0,2,3,23,53,1.87,1,0.188,14.09,2.89,0.85,39.9 %,8.2 %,31.7 %,18.8 %,0.301,91.3 %,2.27,2.73,2.49,20.4 %,41.7 %,38.0 %,1.8,12910
Brandon Workman,Red Sox,73,0,10,1,16,71.2,1.88,1.03,0.121,13.06,5.65,0.13,36.4 %,15.7 %,20.6 %,12.8 %,0.209,77.8 %,2.46,3.33,3.78,14.8 %,47.4 %,37.8 %,2.1,11428
Adam Ottavino,Yankees,73,0,6,5,2,66.1,1.9,1.31,0.195,11.94,5.43,0.68,31.1 %,14.1 %,17.0 %,11.3 %,0.284,87.8 %,3.44,4.32,4.09,20.4 %,45.4 %,34.2 %,1.3,1247
Zack Britton,Yankees,66,0,3,1,3,61.1,1.91,1.14,0.179,7.78,4.7,0.44,21.6 %,13.1 %,8.6 %,10.7 %,0.224,86.8 %,3.74,3.59,3.81,22.0 %,50.3 %,27.7 %,0.9,3240
Keone Kela,Pirates,32,0,2,0,1,29.2,2.12,1.01,0.178,10.01,3.34,0.91,27.7 %,9.2 %,18.5 %,10.7 %,0.225,89.6 %,3.52,4.28,3.81,13.5 %,59.5 %,27.0 %,0.4,14696
Aaron Bummer,White Sox,58,0,0,0,1,67.2,2.13,0.99,0.183,7.98,3.19,0.53,22.9 %,9.2 %,13.7 %,10.7 %,0.228,82.3 %,3.41,3.49,3.43,22.9 %,52.0 %,25.1 %,1.3,16258
Casey Sadler,- - -,33,1,4,0,1,46.1,2.14,1.17,0.232,6.02,2.53,0.97,16.0 %,6.7 %,9.3 %,9.2 %,0.255,86.3 %,4.38,4.78,4.58,15.8 %,47.3 %,37.0 %,0.1,11209
Aroldis Chapman,Yankees,60,0,3,2,37,57,2.21,1.11,0.182,13.42,3.95,0.47,36.2 %,10.6 %,25.5 %,14.1 %,0.289,76.9 %,2.28,2.86,3.1,18.7 %,47.2 %,34.2 %,2.1,10233
Scott Oberg,Rockies,49,0,6,1,5,56,2.25,1.11,0.195,9.32,3.7,0.8,26.0 %,10.3 %,15.7 %,12.3 %,0.248,80.0 %,3.54,3.9,4,20.4 %,47.9 %,31.7 %,1.1,13911
Shane Greene,- - -,65,0,0,3,23,62.2,2.3,1.01,0.198,9.19,2.44,1.15,25.4 %,6.8 %,18.7 %,11.5 %,0.238,80.3 %,3.79,3.97,3.68,13.7 %,49.4 %,36.9 %,0.9,10756
Giovanny Gallegos,Cardinals,66,0,3,2,1,74,2.31,0.81,0.169,11.31,1.95,1.09,33.3 %,5.7 %,27.6 %,16.4 %,0.222,87.3 %,3.05,3.59,2.89,18.0 %,45.5 %,36.5 %,1.6,14986
Emilio Pagan,Rays,66,0,4,2,20,70,2.31,0.83,0.178,12.34,1.67,1.54,36.0 %,4.9 %,31.1 %,17.7 %,0.228,94.8 %,3.3,3.15,2.54,18.6 %,44.2 %,37.2 %,1.5,14771
Emmanuel Clase,Rangers,21,1,2,3,1,23.1,2.31,1.11,0.23,8.1,2.31,0.77,22.3 %,6.4 %,16.0 %,10.4 %,0.281,78.5 %,3.43,3.42,3.44,15.2 %,48.5 %,36.4 %,0.4,21032
Hyun-Jin Ryu,Dodgers,29,29,14,5,0,182.2,2.32,1.01,0.23,8.03,1.18,0.84,22.5 %,3.3 %,19.2 %,11.4 %,0.278,82.2 %,3.1,3.32,3.77,20.3 %,45.5 %,34.2 %,4.8,14444
Ryan Pressly,Astros,55,0,2,3,3,54.1,2.32,0.9,0.186,11.93,1.99,0.99,34.1 %,5.7 %,28.4 %,17.7 %,0.256,83.7 %,2.66,2.21,2.55,20.6 %,42.9 %,36.5 %,1.5,7005
Aaron Civale,Indians,10,10,3,4,0,57.2,2.34,1.04,0.21,7.18,2.5,0.62,20.3 %,7.1 %,13.2 %,8.8 %,0.25,77.6 %,3.4,4.61,4.74,17.1 %,44.5 %,38.4 %,1.5,19479
Sam Tuivailala,Mariners,23,2,1,0,0,23,2.35,1.04,0.16,10.57,4.3,0.39,28.7 %,11.7 %,17.0 %,10.5 %,0.226,81.3 %,3.13,5.07,4.14,14.8 %,59.3 %,25.9 %,0.5,13485
Jacob deGrom,Mets,32,32,11,8,0,204,2.43,0.97,0.205,11.25,1.94,0.84,31.7 %,5.5 %,26.2 %,15.4 %,0.282,81.8 %,2.67,3.11,3.29,21.9 %,48.4 %,29.7 %,7,10954
Rowan Wick,Cubs,31,0,2,0,2,33.1,2.43,1.14,0.182,9.45,4.32,0,25.0 %,11.4 %,13.6 %,11.6 %,0.256,68.3 %,2.82,4.38,4.21,16.3 %,54.7 %,29.1 %,0.8,14646
Rich Hill,Dodgers,13,13,4,1,0,58.2,2.45,1.13,0.218,11.05,2.76,1.53,29.8 %,7.4 %,22.3 %,10.8 %,0.275,89.3 %,4.1,3.41,3.64,17.6 %,45.3 %,37.2 %,0.9,4806
Daniel Hudson,- - -,69,1,9,3,8,73,2.47,1.14,0.205,8.75,3.33,0.99,23.4 %,8.9 %,14.5 %,9.9 %,0.247,81.8 %,3.97,5.08,4.31,18.3 %,43.1 %,38.6 %,0.9,7146
Hansel Robles,Angels,71,1,5,1,23,72.2,2.48,1.02,0.217,9.29,1.98,0.74,26.5 %,5.7 %,20.9 %,12.3 %,0.28,82.3 %,2.88,3.89,3.54,13.0 %,47.4 %,39.6 %,1.8,11801
Rafael Montero,Rangers,22,0,2,0,0,29,2.48,0.97,0.217,10.55,1.55,1.55,30.1 %,4.4 %,25.7 %,12.4 %,0.269,95.7 %,3.83,3.45,3.01,18.1 %,40.3 %,41.7 %,0.4,12760
Julio Urias,Dodgers,37,8,4,3,4,79.2,2.49,1.08,0.201,9.6,3.05,0.79,26.1 %,8.3 %,17.8 %,13.8 %,0.257,77.6 %,3.43,4.28,4,23.4 %,41.2 %,35.4 %,1.4,14765
Evan Marshall,White Sox,55,0,4,2,0,50.2,2.49,1.3,0.227,7.28,4.26,0.89,19.6 %,11.5 %,8.1 %,11.4 %,0.266,84.8 %,4.3,4.67,4.81,20.8 %,53.5 %,25.7 %,0.5,12297
Tyler Duffey,Twins,58,0,5,1,0,57.2,2.5,1.01,0.199,12.8,2.18,1.25,34.5 %,5.9 %,28.6 %,15.4 %,0.275,76.3 %,3.06,2.94,2.74,15.9 %,40.6 %,43.5 %,1.2,13758
Gerrit Cole,Astros,33,33,20,5,0,212.1,2.5,0.89,0.185,13.82,2.03,1.23,39.9 %,5.9 %,34.0 %,16.8 %,0.275,83.3 %,2.64,2.48,2.62,19.3 %,46.8 %,33.9 %,7.4,13125
Justin Wilson,Mets,45,0,4,2,4,39,2.54,1.33,0.228,10.15,4.38,0.92,26.5 %,11.5 %,15.1 %,11.9 %,0.299,86.8 %,3.91,3.95,4.06,23.8 %,45.5 %,30.7 %,0.3,4301
Justin Verlander,Astros,34,34,21,6,0,223,2.58,0.8,0.171,12.11,1.7,1.45,35.4 %,5.0 %,30.5 %,16.1 %,0.218,88.4 %,3.27,3.18,2.95,17.1 %,41.2 %,41.8 %,6.4,8700
Taylor Rogers,Twins,60,0,2,4,30,69,2.61,1,0.222,11.74,1.43,1.04,32.4 %,4.0 %,28.4 %,11.0 %,0.307,86.2 %,2.85,2.84,2.63,19.3 %,49.1 %,31.6 %,2.1,13449
Josh Hader,Brewers,61,0,3,5,37,75.2,2.62,0.81,0.155,16.41,2.38,1.78,47.8 %,6.9 %,40.8 %,22.9 %,0.232,93.2 %,3.1,2.36,1.78,21.3 %,42.5 %,36.2 %,2.3,14212
Frankie Montas,Athletics,16,16,9,2,0,96,2.63,1.11,0.229,9.66,2.16,0.75,26.1 %,5.8 %,20.3 %,11.5 %,0.297,76.2 %,3,3.47,3.76,14.8 %,47.4 %,37.9 %,3,14309
Roberto Osuna,Astros,66,0,4,3,38,65,2.63,0.88,0.188,10.11,1.66,1.11,28.9 %,4.7 %,24.1 %,16.9 %,0.234,81.6 %,3.21,3.6,3.18,20.5 %,43.4 %,36.1 %,1.6,13764
Connor Sadzeck,Mariners,20,0,0,1,1,23.2,2.66,1.39,0.2,10.27,5.7,1.14,25.2 %,14.0 %,11.2 %,9.9 %,0.25,81.2 %,4.74,5.02,4.68,20.6 %,41.3 %,38.1 %,0.1,13483
Zack Littell,Twins,29,0,6,0,0,37,2.68,1.16,0.248,7.78,2.19,0.97,21.9 %,6.2 %,15.8 %,12.9 %,0.297,82.9 %,3.62,4.1,4.06,16.2 %,33.3 %,50.5 %,0.6,15823
Mike Soroka,Braves,29,29,13,4,0,174.2,2.68,1.11,0.234,7.32,2.11,0.72,20.3 %,5.9 %,14.4 %,10.3 %,0.28,79.9 %,3.45,3.85,4.28,19.0 %,44.7 %,36.3 %,4,18383
Brandon Kintzler,Cubs,62,0,3,3,1,57,2.68,1.02,0.214,7.58,2.05,0.79,21.2 %,5.7 %,15.4 %,8.0 %,0.255,80.0 %,3.56,4.06,3.81,18.5 %,43.8 %,37.7 %,0.9,9939
Seth Lugo,Mets,61,0,7,4,6,80,2.7,0.9,0.191,11.7,1.8,0.9,33.1 %,5.1 %,28.0 %,11.3 %,0.265,74.5 %,2.7,3.24,2.78,12.2 %,55.0 %,32.8 %,2.3,12447
Yusmeiro Petit,Athletics,80,0,5,3,0,83,2.71,0.81,0.191,7.7,1.08,1.19,23.1 %,3.3 %,19.8 %,11.4 %,0.213,81.4 %,3.59,4.48,3.9,15.9 %,49.3 %,34.8 %,1.4,4020
Mike Clevinger,Indians,21,21,13,4,0,126,2.71,1.06,0.209,12.07,2.64,0.71,33.9 %,7.4 %,26.5 %,15.2 %,0.306,80.2 %,2.49,3.09,3.31,19.9 %,47.1 %,33.0 %,4.5,12808
Alec Mills,Cubs,9,4,1,0,1,36,2.75,1.17,0.231,10.5,2.75,1.25,27.6 %,7.2 %,20.4 %,12.5 %,0.299,90.5 %,4.19,3.98,3.67,16.3 %,40.2 %,43.5 %,0.4,13834
Jack Flaherty,Cardinals,33,33,11,8,0,196.1,2.75,0.97,0.19,10.59,2.52,1.15,29.9 %,7.1 %,22.8 %,13.8 %,0.242,83.3 %,3.46,3.64,3.68,23.6 %,38.8 %,37.6 %,4.7,17479
Will Smith,Giants,63,0,6,0,34,65.1,2.76,1.03,0.195,13.22,2.89,1.38,37.4 %,8.2 %,29.2 %,15.6 %,0.277,88.7 %,3.23,2.73,2.71,15.7 %,45.0 %,39.3 %,1.2,8048
Alex Colome,White Sox,62,0,4,5,30,61,2.8,1.07,0.187,8.11,3.39,1.03,22.1 %,9.2 %,12.9 %,13.1 %,0.215,67.6 %,4.08,4.61,4.38,8.8 %,53.5 %,37.7 %,0.6,6661
Nick Wittgren,Indians,55,0,5,1,4,57.2,2.81,1.08,0.218,9.36,2.34,1.56,26.0 %,6.5 %,19.5 %,9.0 %,0.253,83.3 %,4.17,3.98,3.67,11.5 %,39.1 %,49.4 %,0.4,15594
Zac Gallen,- - -,15,15,3,6,0,80,2.81,1.23,0.211,10.8,4.05,0.9,28.7 %,10.8 %,18.0 %,12.8 %,0.284,83.7 %,3.61,4.15,4.24,20.2 %,39.9 %,39.9 %,1.6,19291
Reyes Moronta,Giants,56,0,3,7,0,56.2,2.86,1.31,0.195,11.12,5.24,0.64,28.5 %,13.4 %,15.0 %,12.0 %,0.272,81.2 %,3.57,4.83,4.29,19.3 %,45.0 %,35.7 %,0.7,14966
Sonny Gray,Reds,31,31,11,8,0,175.1,2.87,1.08,0.193,10.52,3.49,0.87,29.0 %,9.6 %,19.4 %,11.3 %,0.255,79.7 %,3.42,3.65,3.97,16.6 %,45.3 %,38.1 %,4.4,12768
Jimmy Cordero,- - -,31,0,1,1,0,37.1,2.89,0.99,0.197,7.47,2.65,0.96,21.2 %,7.5 %,13.7 %,14.6 %,0.227,81.4 %,4.07,3.69,3.7,24.8 %,47.5 %,27.7 %,0.3,15690
Tyler Clippard,Indians,53,3,1,0,0,62,2.9,0.85,0.174,9.29,2.18,1.16,26.6 %,6.2 %,20.3 %,13.9 %,0.204,82.0 %,3.89,4.94,3.82,24.5 %,44.5 %,31.0 %,0.7,5640
Jason Adam,Blue Jays,23,0,3,0,0,21.2,2.91,1.15,0.192,7.48,4.15,0.42,19.8 %,11.0 %,8.8 %,10.8 %,0.237,75.2 %,3.95,6.2,5.23,21.7 %,45.0 %,33.3 %,0.3,11861
Michael Lorenzen,Reds,73,0,1,4,7,83.1,2.92,1.15,0.217,9.18,3.02,0.97,24.8 %,8.2 %,16.6 %,13.9 %,0.269,80.8 %,3.66,3.97,3.91,17.1 %,50.0 %,32.9 %,1.2,14843
Max Scherzer,Nationals,27,27,11,7,0,172.1,2.92,1.03,0.221,12.69,1.72,0.94,35.1 %,4.8 %,30.3 %,16.4 %,0.321,78.7 %,2.45,2.88,2.93,18.8 %,45.5 %,35.7 %,6.5,3137
Tony Gonsolin,Dodgers,11,6,4,2,1,40,2.93,1.03,0.177,8.33,3.38,0.9,22.7 %,9.2 %,13.5 %,12.0 %,0.208,74.2 %,3.86,4.9,4.63,14.6 %,38.2 %,47.3 %,0.6,19388
Hector Neris,Phillies,68,0,3,6,28,67.2,2.93,1.02,0.184,11.84,3.19,1.33,32.4 %,8.7 %,23.6 %,17.7 %,0.24,83.6 %,3.83,3.53,3.23,19.9 %,38.5 %,41.7 %,1,11804
Zack Greinke,- - -,33,33,18,5,0,208.2,2.93,0.98,0.226,8.07,1.29,0.91,23.1 %,3.7 %,19.4 %,10.5 %,0.271,75.7 %,3.22,3.74,3.96,17.5 %,46.4 %,36.2 %,5.4,1943
Luke Weaver,Diamondbacks,12,12,4,3,0,64.1,2.94,1.07,0.226,9.65,1.96,0.84,26.5 %,5.4 %,21.2 %,10.5 %,0.292,78.6 %,3.07,3.87,3.84,14.4 %,42.0 %,43.7 %,1.8,16918
Trevor May,Twins,65,0,5,3,2,64.1,2.94,1.07,0.181,11.05,3.64,1.12,29.7 %,9.8 %,19.9 %,13.2 %,0.233,79.0 %,3.73,4.15,3.68,18.4 %,46.8 %,34.8 %,0.9,6398
Ryan Helsley,Cardinals,24,0,2,0,0,36.2,2.95,1.25,0.241,7.85,2.95,1.23,20.9 %,7.8 %,13.1 %,10.2 %,0.279,84.6 %,4.22,5.11,4.52,16.5 %,44.0 %,39.5 %,0.1,18138
Steve Cishek,Cubs,70,0,4,6,7,64,2.95,1.2,0.208,8.02,4.08,0.98,21.4 %,10.9 %,10.5 %,9.4 %,0.246,83.6 %,4.54,4.95,4.61,25.3 %,47.7 %,27.0 %,0.2,6483
Jandel Gustave,Giants,23,0,0,0,1,24.1,2.96,1.11,0.2,5.18,3.33,0.37,14.1 %,9.1 %,5.1 %,8.6 %,0.227,62.5 %,3.71,4.89,5.23,7.9 %,50.0 %,42.1 %,0.2,14665
Hunter Wood,- - -,36,2,1,1,1,45.1,2.98,1.28,0.253,7.74,2.38,1.39,20.0 %,6.2 %,13.9 %,12.4 %,0.287,79.3 %,4.36,5.12,4.49,18.3 %,48.6 %,33.1 %,0.2,15091
Ryan Buchter,Athletics,64,0,1,1,0,45.1,2.98,1.43,0.243,9.93,4.57,1.59,25.3 %,11.6 %,13.6 %,11.6 %,0.296,91.4 %,4.96,5.08,4.51,14.6 %,44.7 %,40.7 %,-0.1,9456
Jarlin Garcia,Marlins,53,0,4,2,0,50.2,3.02,1.11,0.213,6.93,2.84,0.71,18.9 %,7.8 %,11.2 %,8.8 %,0.248,78.2 %,3.77,4.74,4.53,16.8 %,48.3 %,34.9 %,0.5,18282
Clayton Kershaw,Dodgers,29,28,16,5,0,178.1,3.03,1.04,0.219,9.54,2.07,1.41,26.8 %,5.8 %,21.0 %,12.9 %,0.262,84.0 %,3.86,3.5,3.77,20.3 %,37.7 %,42.0 %,3.4,2036
Michel Baez,Padres,24,1,1,1,0,29.2,3.03,1.31,0.219,8.49,4.25,0.91,21.4 %,10.7 %,10.7 %,11.7 %,0.265,84.7 %,4.36,5.19,4.73,22.1 %,39.5 %,38.4 %,0.1,20100
Josh Taylor,Red Sox,52,1,2,2,0,47.1,3.04,1.18,0.227,11.79,3.04,0.95,32.0 %,8.3 %,23.7 %,15.2 %,0.321,80.4 %,3.11,3.37,3.22,19.3 %,50.0 %,30.7 %,0.9,17359
Charlie Morton,Rays,33,33,16,6,0,194.2,3.05,1.08,0.214,11.1,2.64,0.69,30.4 %,7.2 %,23.2 %,12.9 %,0.298,75.3 %,2.81,3.28,3.54,16.4 %,49.7 %,33.9 %,6.1,4676
Pedro Baez,Dodgers,71,0,7,2,1,69.2,3.1,0.95,0.173,8.91,2.97,0.78,25.0 %,8.3 %,16.7 %,15.0 %,0.213,64.9 %,3.52,4.82,4.08,20.0 %,42.2 %,37.8 %,1.3,5420
David Hale,Yankees,20,0,3,0,2,37.2,3.11,1.22,0.262,5.5,1.67,0.48,14.7 %,4.5 %,10.2 %,8.1 %,0.298,76.9 %,3.32,4.58,4.46,27.8 %,45.2 %,27.0 %,0.7,9756
Jordan Hicks,Cardinals,29,0,2,2,14,28.2,3.14,0.94,0.163,9.73,3.45,0.63,28.2 %,10.0 %,18.2 %,11.9 %,0.215,71.4 %,3.21,3.07,3.25,22.4 %,55.2 %,22.4 %,0.5,19618
Ranger Suarez,Phillies,37,0,6,1,0,48.2,3.14,1.32,0.271,7.77,2.22,1.11,20.5 %,5.9 %,14.6 %,9.4 %,0.319,83.0 %,3.89,3.64,3.74,14.7 %,46.7 %,38.7 %,0.4,17277
Sean Newcomb,Braves,55,4,6,3,1,68.1,3.16,1.32,0.234,8.56,3.82,1.05,22.2 %,9.9 %,12.3 %,9.2 %,0.282,79.5 %,4.24,4.61,4.46,14.8 %,49.5 %,35.7 %,0.4,16943
Carlos Martinez,Cardinals,48,0,4,2,24,48.1,3.17,1.18,0.218,9.87,3.35,0.37,26.5 %,9.0 %,17.5 %,12.7 %,0.298,73.4 %,2.86,3.76,3.66,15.9 %,46.0 %,38.1 %,1.2,11682
Oliver Drake,Rays,50,0,5,2,2,56,3.21,0.98,0.181,11.25,3.05,1.45,32.0 %,8.7 %,23.3 %,16.8 %,0.225,83.0 %,3.87,3.21,3.18,14.0 %,46.5 %,39.5 %,0.5,8823
Amir Garrett,Reds,69,0,5,3,0,56,3.21,1.41,0.213,12.54,5.63,1.13,31.7 %,14.2 %,17.5 %,16.3 %,0.303,83.3 %,4.14,3.8,3.95,18.6 %,42.6 %,38.8 %,0.4,14375
Marcus Stroman,- - -,32,32,10,13,0,184.1,3.22,1.31,0.256,7.76,2.83,0.88,20.5 %,7.5 %,13.1 %,10.1 %,0.307,76.1 %,3.72,3.99,4.41,18.9 %,46.9 %,34.2 %,3.9,13431
Cam Bedrosian,Angels,59,7,3,3,1,61.1,3.23,1.14,0.206,9.39,3.23,1.03,24.8 %,8.5 %,16.3 %,12.0 %,0.253,68.0 %,3.83,4.17,3.98,16.0 %,43.2 %,40.8 %,0.8,13360
Cody Stashak,Twins,18,1,0,1,0,25,3.24,1.2,0.284,9,0.36,1.08,24.0 %,1.0 %,23.1 %,17.1 %,0.351,82.1 %,3.01,4.88,3.85,14.3 %,45.5 %,40.3 %,0.5,18088
Patrick Corbin,Nationals,33,33,14,7,0,202,3.25,1.18,0.222,10.6,3.12,1.07,28.5 %,8.4 %,20.1 %,14.3 %,0.29,77.3 %,3.49,3.59,3.88,16.6 %,48.9 %,34.5 %,4.8,9323
Walker Buehler,Dodgers,30,30,14,4,0,182.1,3.26,1.04,0.221,10.61,1.83,0.99,29.2 %,5.0 %,24.2 %,12.1 %,0.29,71.0 %,3.01,3.37,3.5,14.0 %,44.1 %,41.8 %,5,19374
Adam Kolarek,- - -,80,0,6,3,1,55,3.27,1.16,0.229,7.36,2.62,1.15,19.7 %,7.0 %,12.7 %,11.3 %,0.259,78.7 %,4.27,3.74,3.58,18.8 %,49.7 %,31.5 %,0.2,10843
Shane Bieber,Indians,34,33,15,8,0,214.1,3.28,1.05,0.229,10.88,1.68,1.3,30.2 %,4.7 %,25.5 %,14.0 %,0.296,77.4 %,3.32,3.23,3.36,13.4 %,44.0 %,42.6 %,5.6,19427
Craig Stammen,Padres,76,0,8,7,4,82,3.29,1.16,0.248,8.01,1.65,1.43,21.5 %,4.4 %,17.1 %,9.2 %,0.284,77.4 %,4.12,3.85,3.69,17.7 %,50.2 %,32.1 %,0.4,7274
Brad Hand,Indians,60,0,6,4,34,57.1,3.3,1.24,0.241,13.19,2.83,0.94,34.7 %,7.4 %,27.3 %,13.4 %,0.362,81.1 %,2.8,3.41,2.93,14.7 %,45.6 %,39.7 %,1.6,9111
Austin Voth,Nationals,9,8,2,1,0,43.2,3.3,1.05,0.209,9.07,2.68,1.03,25.3 %,7.5 %,17.8 %,12.7 %,0.257,78.6 %,3.79,4.44,4.24,22.8 %,43.9 %,33.3 %,1,15047
Stephen Strasburg,Nationals,33,33,18,6,0,209,3.32,1.04,0.208,10.81,2.41,1.03,29.9 %,6.7 %,23.2 %,13.5 %,0.274,76.5 %,3.25,3.17,3.49,21.0 %,48.5 %,30.5 %,5.7,10131
Sam Dyson,- - -,61,0,5,1,2,62.1,3.32,1.06,0.227,7.94,1.88,0.87,22.1 %,5.2 %,16.9 %,8.6 %,0.273,71.0 %,3.47,3.75,3.67,18.5 %,52.3 %,29.2 %,0.9,11710
Nick Anderson,- - -,68,0,5,4,1,65,3.32,1.08,0.213,15.23,2.49,1.11,41.7 %,6.8 %,34.9 %,19.5 %,0.349,79.0 %,2.35,2.44,2.21,14.9 %,44.0 %,41.0 %,2.1,18337
Chris Paddack,Padres,26,26,9,7,0,140.2,3.33,0.98,0.202,9.79,1.98,1.47,26.9 %,5.5 %,21.5 %,11.5 %,0.237,76.9 %,3.95,4.05,3.83,17.2 %,40.7 %,42.1 %,2.4,20099
Dakota Hudson,Cardinals,33,32,16,7,1,174.2,3.35,1.41,0.242,7.01,4.43,1.13,18.0 %,11.4 %,6.6 %,9.9 %,0.274,78.1 %,4.93,4.55,5.08,17.5 %,42.0 %,40.5 %,1,19206
Jose Alvarez,Phillies,67,1,3,4,1,59,3.36,1.42,0.28,7.78,2.75,1.22,20.0 %,7.1 %,12.9 %,11.1 %,0.328,81.3 %,4.21,4.14,4.17,15.8 %,54.4 %,29.9 %,0.4,5358
Chris Martin,- - -,58,0,1,3,4,55.2,3.4,1.02,0.246,10.51,0.81,1.46,30.1 %,2.3 %,27.8 %,12.4 %,0.314,76.6 %,3.25,2.72,2.65,17.8 %,41.8 %,40.4 %,1.1,11847
Luis Castillo,Reds,32,32,15,8,0,190.2,3.4,1.14,0.2,10.67,3.73,1.04,28.9 %,10.1 %,18.8 %,15.9 %,0.262,76.7 %,3.7,3.48,3.95,16.8 %,45.8 %,37.3 %,4.1,15689
Diego Castillo,Rays,65,6,5,8,8,68.2,3.41,1.24,0.228,10.62,3.41,1.05,27.9 %,9.0 %,19.0 %,13.7 %,0.3,73.6 %,3.72,3.72,3.58,18.0 %,46.6 %,35.4 %,1,17496
David Phelps,- - -,41,1,2,1,1,34.1,3.41,1.4,0.24,9.44,4.46,1.31,24.5 %,11.6 %,12.9 %,7.8 %,0.295,83.3 %,4.58,5.01,4.48,16.1 %,51.6 %,32.3 %,0.1,6316
Ian Kennedy,Royals,63,0,3,2,30,63.1,3.41,1.28,0.258,10.37,2.42,0.85,27.4 %,6.4 %,21.1 %,10.0 %,0.343,78.8 %,2.99,3.77,3.46,16.0 %,50.9 %,33.1 %,1.5,6986
Yoan Lopez,Diamondbacks,70,0,2,7,1,60.2,3.41,1.14,0.227,6.23,2.52,1.63,17.1 %,6.9 %,10.2 %,9.7 %,0.233,78.4 %,5.03,4.47,4.6,10.7 %,39.0 %,50.3 %,-0.3,17181
Lucas Giolito,White Sox,29,29,14,9,0,176.2,3.41,1.06,0.203,11.62,2.9,1.22,32.3 %,8.1 %,24.3 %,15.0 %,0.273,77.7 %,3.43,3.66,3.57,20.2 %,47.8 %,32.0 %,5.1,15474
Austin Brice,Marlins,36,0,1,0,0,44.2,3.43,1.23,0.213,9.27,3.63,1.41,23.1 %,9.1 %,14.1 %,11.3 %,0.248,78.5 %,4.87,4.79,4.24,21.1 %,43.0 %,35.9 %,-0.1,17237
Sergio Romo,- - -,65,0,2,1,20,60.1,3.43,1.11,0.217,8.95,2.54,1.04,24.1 %,6.8 %,17.3 %,14.1 %,0.264,71.0 %,3.68,4.68,3.98,20.6 %,47.7 %,31.8 %,1,9817
Kyle Hendricks,Cubs,30,30,11,10,0,177,3.46,1.13,0.244,7.63,1.63,0.97,20.6 %,4.4 %,16.2 %,10.3 %,0.287,71.8 %,3.61,4.26,4.38,19.7 %,46.5 %,33.8 %,4.1,12049
Francisco Liriano,Pirates,69,0,5,3,0,70,3.47,1.36,0.228,8.1,4.5,1.03,20.9 %,11.6 %,9.3 %,13.6 %,0.271,76.0 %,4.53,4.92,4.76,24.5 %,45.0 %,30.5 %,0.3,3201
Ross Stripling,Dodgers,32,15,4,4,0,90.2,3.47,1.15,0.241,9.23,1.99,1.09,25.1 %,5.4 %,19.7 %,10.4 %,0.299,72.9 %,3.47,3.58,3.75,16.5 %,47.5 %,36.1 %,1.8,13273
Gio Gonzalez,Brewers,19,17,3,2,0,87.1,3.5,1.29,0.231,8.04,3.81,0.93,21.3 %,10.1 %,11.2 %,10.4 %,0.277,76.7 %,4.04,4.45,4.88,14.3 %,53.4 %,32.3 %,1.4,7448
Jake Odorizzi,Twins,30,30,15,7,0,159,3.51,1.21,0.231,10.08,3,0.91,27.1 %,8.1 %,19.0 %,12.7 %,0.302,75.5 %,3.36,4.33,4.14,14.7 %,43.0 %,42.3 %,4.3,6397
Archie Bradley,Diamondbacks,66,1,4,5,18,71.2,3.52,1.44,0.243,10.93,4.52,0.63,27.4 %,11.4 %,16.1 %,9.7 %,0.337,77.2 %,3.41,4.06,4.03,14.8 %,42.9 %,42.3 %,1.2,12918
Jeff Samardzija,Giants,32,32,11,12,0,181.1,3.52,1.11,0.222,6.95,2.43,1.39,18.9 %,6.6 %,12.3 %,8.8 %,0.24,76.9 %,4.59,5.02,4.92,15.1 %,44.8 %,40.2 %,1.5,3254
Nick Goody,Indians,39,0,3,2,0,40.2,3.54,1.28,0.199,11.07,4.87,1.55,28.9 %,12.7 %,16.2 %,15.8 %,0.245,80.6 %,4.62,5.02,4.29,24.8 %,38.6 %,36.6 %,0.2,13685
Kyle Ryan,Cubs,73,0,4,2,0,61,3.54,1.38,0.239,8.56,4.28,0.74,22.3 %,11.2 %,11.2 %,9.4 %,0.299,75.6 %,3.85,4.16,4.28,19.9 %,45.6 %,34.5 %,0.6,11753
Junior Guerra,Brewers,72,0,9,5,3,83.2,3.55,1.12,0.191,8.28,3.87,1.18,22.4 %,10.5 %,11.9 %,10.9 %,0.218,76.3 %,4.52,4.83,4.53,17.6 %,44.1 %,38.3 %,0.3,5702
Zach Davies,Brewers,31,31,10,7,0,159.2,3.55,1.29,0.25,5.75,2.87,1.13,15.2 %,7.6 %,7.6 %,7.2 %,0.272,75.0 %,4.56,5.2,5.43,15.1 %,46.7 %,38.2 %,1.6,13183
Stefan Crichton,Diamondbacks,28,0,1,0,0,30.1,3.56,1.02,0.204,9.79,2.37,0.89,26.8 %,6.5 %,20.3 %,10.1 %,0.26,72.9 %,3.31,3.67,3.4,21.3 %,30.0 %,48.8 %,0.3,16058
Anthony Bass,Mariners,44,0,2,4,5,48,3.56,0.98,0.175,8.06,3.19,0.94,22.8 %,9.0 %,13.8 %,11.3 %,0.203,68.3 %,3.9,4,4.09,25.0 %,45.3 %,29.7 %,0.6,7982
Alex Young,Diamondbacks,17,15,7,5,0,83.1,3.56,1.19,0.226,7.67,2.92,1.51,20.3 %,7.7 %,12.6 %,12.5 %,0.249,75.5 %,4.81,4.65,4.68,13.4 %,44.5 %,42.1 %,0.6,18333
Sam Coonrod,Giants,33,0,5,1,0,27.2,3.58,1.23,0.2,6.51,4.88,0.98,17.5 %,13.2 %,4.4 %,8.8 %,0.222,79.9 %,5.24,5.7,5.4,22.7 %,49.3 %,28.0 %,-0.2,17264
J.B. Wendelken,Athletics,27,0,3,1,0,32.2,3.58,0.92,0.175,9.37,2.48,0.55,26.0 %,6.9 %,19.1 %,12.1 %,0.226,61.6 %,2.94,4.58,3.78,15.1 %,55.8 %,29.1 %,0.6,14506
Mike Minor,Rangers,32,32,14,10,0,208.1,3.59,1.24,0.241,8.64,2.94,1.3,23.2 %,7.9 %,15.3 %,11.5 %,0.287,80.3 %,4.25,4.6,4.51,18.9 %,45.8 %,35.4 %,4.1,10021
John Brebbia,Cardinals,66,0,3,4,0,72.2,3.59,1.18,0.215,10.78,3.34,0.74,28.6 %,8.9 %,19.7 %,13.3 %,0.293,72.0 %,3.13,4.63,3.82,20.9 %,40.6 %,38.5 %,1.3,12777
John Means,Orioles,31,27,12,11,0,155,3.6,1.14,0.232,7.03,2.21,1.34,19.0 %,6.0 %,13.0 %,9.9 %,0.256,75.9 %,4.41,5.48,5.02,17.0 %,55.3 %,27.8 %,3,16269
Mark Melancon,- - -,66,0,5,2,12,67.1,3.61,1.32,0.269,9.09,2.41,0.53,23.9 %,6.3 %,17.6 %,10.2 %,0.349,73.8 %,2.86,3.06,3.17,16.3 %,45.4 %,38.3 %,1.2,4264
Yimi Garcia,Dodgers,64,0,1,4,0,62.1,3.61,0.87,0.176,9.53,2.02,2.17,26.7 %,5.7 %,21.1 %,11.5 %,0.171,82.1 %,5.19,4.9,3.76,18.6 %,43.5 %,37.9 %,-0.3,12095
Brandon Woodruff,Brewers,22,22,11,3,0,121.2,3.62,1.14,0.238,10.58,2.22,0.89,29.0 %,6.1 %,22.9 %,11.6 %,0.32,74.7 %,3.01,3.36,3.6,19.7 %,43.8 %,36.5 %,3.3,16162
Tim Hill,Royals,46,0,2,0,1,39.2,3.63,1.11,0.215,8.85,2.95,0.91,24.2 %,8.1 %,16.2 %,9.2 %,0.267,73.1 %,3.84,3.89,3.72,28.6 %,43.8 %,27.6 %,0.5,16814
Dustin May,Dodgers,14,4,2,3,0,34.2,3.63,1.1,0.25,8.31,1.3,0.52,22.7 %,3.6 %,19.2 %,8.7 %,0.316,63.8 %,2.9,3.7,3.79,20.0 %,44.0 %,36.0 %,0.9,19716
Tyler Kinley,Marlins,52,0,3,1,1,49.1,3.65,1.6,0.234,8.39,6.57,0.91,20.8 %,16.3 %,4.5 %,13.1 %,0.286,82.2 %,4.92,5.78,5.6,19.6 %,47.8 %,32.6 %,-0.2,18297
Matt Bowman,Reds,27,0,2,0,0,32,3.66,1.25,0.218,7.03,3.66,0.56,18.3 %,9.5 %,8.8 %,8.4 %,0.258,67.2 %,3.68,4.55,4.56,17.2 %,56.6 %,26.3 %,0.3,13528
John Gant,Cardinals,64,0,11,1,3,66.1,3.66,1.28,0.217,8.14,4.61,0.54,22.3 %,12.6 %,9.7 %,12.4 %,0.275,70.5 %,3.73,4.35,4.71,18.3 %,46.3 %,35.4 %,0.9,13684
Tommy Kahnle,Yankees,72,0,3,2,0,61.1,3.67,1.06,0.199,12.91,2.93,1.32,35.5 %,8.1 %,27.4 %,17.9 %,0.279,73.5 %,3.33,2.69,2.79,18.8 %,47.1 %,34.1 %,1.1,11384
Lance Lynn,Rangers,33,33,16,11,0,208.1,3.67,1.22,0.241,10.63,2.55,0.91,28.1 %,6.7 %,21.4 %,12.5 %,0.322,74.4 %,3.13,3.85,3.83,15.7 %,45.4 %,39.0 %,6.8,2520
Jose Berrios,Twins,32,32,14,8,0,200.1,3.68,1.22,0.248,8.76,2.29,1.17,23.2 %,6.1 %,17.1 %,10.8 %,0.299,73.5 %,3.85,4.32,4.28,19.4 %,44.3 %,36.3 %,4.4,14168
Daniel Ponce de Leon,Cardinals,13,8,1,2,0,48.2,3.7,1.27,0.206,9.62,4.81,1.11,25.6 %,12.8 %,12.8 %,11.3 %,0.256,77.3 %,4.41,4.72,4.74,17.1 %,48.0 %,35.0 %,0.6,16110
Hector Rondon,Astros,62,1,3,2,0,60.2,3.71,1.25,0.24,7.12,2.97,1.48,18.7 %,7.8 %,10.9 %,9.8 %,0.263,83.3 %,4.96,4.85,4.49,22.2 %,45.4 %,32.4 %,-0.2,2391
Kenley Jansen,Dodgers,62,0,5,3,33,63,3.71,1.06,0.21,11.43,2.29,1.29,30.4 %,6.1 %,24.3 %,15.7 %,0.273,73.6 %,3.48,3.77,3.21,17.2 %,44.2 %,38.7 %,1.2,3096
Adrian Houser,Brewers,35,18,6,7,0,111.1,3.72,1.24,0.24,9.46,2.99,1.13,25.3 %,8.0 %,17.3 %,9.7 %,0.301,76.2 %,3.88,3.6,3.91,17.8 %,45.9 %,36.3 %,1.6,12718
Richard Rodriguez,Pirates,72,0,4,5,1,65.1,3.72,1.35,0.25,8.68,3.17,1.93,22.1 %,8.1 %,14.0 %,10.8 %,0.279,85.2 %,5.22,4.99,4.3,17.4 %,44.4 %,38.3 %,-0.3,13549
Buck Farmer,Tigers,73,1,6,6,0,67.2,3.72,1.27,0.239,9.71,3.19,1.06,25.4 %,8.3 %,17.0 %,12.9 %,0.303,73.9 %,3.88,4.11,3.87,15.6 %,43.6 %,40.9 %,0.9,14814
Josh Tomlin,Braves,51,1,2,1,2,79.1,3.74,1.12,0.262,5.79,0.79,1.59,15.9 %,2.2 %,13.8 %,9.2 %,0.274,77.8 %,4.49,4.95,4.58,16.4 %,47.7 %,35.9 %,0.2,9388
Carlos Estevez,Rockies,71,0,2,2,0,72,3.75,1.29,0.246,10.13,2.88,1.5,26.3 %,7.5 %,18.8 %,14.0 %,0.304,77.7 %,4.13,4.31,3.76,14.8 %,44.8 %,40.4 %,0.7,14542
Dallas Keuchel,Braves,19,19,8,8,0,112.2,3.75,1.37,0.262,7.27,3.12,1.28,18.7 %,8.0 %,10.7 %,8.7 %,0.298,80.4 %,4.72,4.06,4.39,20.4 %,42.8 %,36.8 %,0.8,9434
Tyler Chatwood,Cubs,38,5,5,3,2,76.2,3.76,1.33,0.23,8.69,4.34,0.94,22.8 %,11.4 %,11.4 %,9.3 %,0.285,77.2 %,4.28,3.96,4.41,20.2 %,48.1 %,31.7 %,0.6,4338
Robert Stephenson,Reds,57,0,3,2,0,64.2,3.76,1.04,0.181,11.27,3.34,1.25,30.9 %,9.2 %,21.8 %,18.9 %,0.23,68.0 %,3.63,4.01,3.51,16.0 %,47.4 %,36.5 %,0.9,13594
Andrew Chafin,Diamondbacks,77,0,2,2,0,52.2,3.76,1.33,0.254,11.62,3.08,1.03,30.2 %,8.0 %,22.2 %,15.5 %,0.351,77.0 %,3.25,3.24,3.33,16.8 %,45.3 %,38.0 %,1.1,12988
Tyler Webb,Cardinals,65,0,2,1,1,55,3.76,1.02,0.168,7.85,3.76,1.15,21.7 %,10.4 %,11.3 %,9.7 %,0.184,72.6 %,4.49,4.89,4.62,16.9 %,45.3 %,37.8 %,0.1,14974
Jake Newberry,Royals,27,0,1,0,0,31,3.77,1.45,0.242,8.42,4.65,2.03,21.2 %,11.7 %,9.5 %,12.4 %,0.262,91.2 %,5.92,5.94,5,16.5 %,49.5 %,34.1 %,-0.3,15136
Wei-Chung Wang,- - -,25,0,3,0,0,31,3.77,1.32,0.237,5.23,4.06,1.16,14.0 %,10.9 %,3.1 %,7.9 %,0.25,79.7 %,5.18,6.33,5.79,19.8 %,44.8 %,35.4 %,-0.1,14382
Matt Barnes,Red Sox,70,0,5,4,4,64.1,3.78,1.38,0.208,15.39,5.32,1.12,38.6 %,13.3 %,25.3 %,15.0 %,0.339,77.7 %,3.28,2.93,3.25,15.7 %,53.7 %,30.6 %,1.3,12863
Eduardo Rodriguez,Red Sox,34,34,19,6,0,203.1,3.81,1.33,0.251,9.43,3.32,1.06,24.8 %,8.7 %,16.1 %,11.7 %,0.317,77.7 %,3.86,4.1,4.31,22.7 %,48.6 %,28.7 %,3.7,13164
Marcus Walden,Red Sox,70,0,9,2,2,78,3.81,1.19,0.21,8.77,3.69,0.69,23.2 %,9.8 %,13.5 %,13.1 %,0.264,67.0 %,3.69,4.17,4.11,17.3 %,50.9 %,31.8 %,1,8004
A.J. Cole,Indians,25,0,3,1,1,26,3.81,1.5,0.282,10.38,2.77,1.38,25.4 %,6.8 %,18.6 %,13.9 %,0.355,68.9 %,3.83,4.81,3.93,22.5 %,42.5 %,35.0 %,0.2,11467
Ryne Harper,Twins,61,0,4,2,1,54.1,3.81,1.18,0.252,8.28,1.66,1.16,22.2 %,4.4 %,17.8 %,11.6 %,0.299,72.5 %,3.66,4.18,3.87,17.8 %,38.0 %,44.2 %,0.9,12680
Cole Hamels,Cubs,27,27,7,7,0,141.2,3.81,1.39,0.255,9.08,3.56,1.08,23.2 %,9.1 %,14.1 %,11.8 %,0.315,77.7 %,4.09,4.38,4.55,13.5 %,50.1 %,36.4 %,2.5,4972
Chris Bassitt,Athletics,28,25,10,5,0,144,3.81,1.19,0.226,8.81,2.94,1.31,23.0 %,7.7 %,15.4 %,8.9 %,0.267,76.5 %,4.4,4.61,4.47,17.0 %,45.7 %,37.2 %,2.1,12304
Zach Plesac,Indians,21,21,8,6,0,115.2,3.81,1.23,0.236,6.85,3.11,1.48,18.5 %,8.4 %,10.1 %,9.5 %,0.255,78.6 %,4.94,5.06,5.13,16.3 %,45.6 %,38.1 %,1,19979
Julio Teheran,Braves,33,33,10,11,0,174.2,3.81,1.32,0.225,8.35,4.28,1.13,21.5 %,11.0 %,10.5 %,9.3 %,0.266,76.6 %,4.66,5.26,5.11,17.4 %,43.9 %,38.7 %,1.6,6797
James Paxton,Yankees,29,29,15,6,0,150.2,3.82,1.28,0.24,11.11,3.29,1.37,29.4 %,8.7 %,20.7 %,14.1 %,0.313,76.2 %,3.86,4.03,3.93,17.2 %,44.9 %,38.0 %,3.5,11828
Luke Jackson,Braves,70,0,9,2,18,72.2,3.84,1.4,0.265,13.13,3.22,1.24,33.7 %,8.3 %,25.4 %,16.7 %,0.386,77.8 %,3.24,2.52,2.8,15.5 %,51.9 %,32.6 %,1.3,11752
Jon Gray,Rockies,26,25,11,8,0,150,3.84,1.35,0.255,9,3.36,1.14,23.6 %,8.8 %,14.8 %,11.8 %,0.314,75.9 %,4.06,3.89,4.35,15.2 %,45.0 %,39.8 %,2.9,14916
Yonny Chirinos,Rays,26,18,9,5,0,133.1,3.85,1.05,0.224,7.7,1.89,1.55,21.5 %,5.3 %,16.2 %,10.6 %,0.246,74.0 %,4.44,4.1,4.25,18.2 %,48.3 %,33.5 %,1.4,16401
Anibal Sanchez,Nationals,30,30,11,8,0,166,3.85,1.27,0.235,7.27,3.14,1.19,18.8 %,8.2 %,10.7 %,10.1 %,0.265,74.9 %,4.44,5.1,5.07,19.0 %,49.4 %,31.6 %,2.5,3284
Devin Smeltzer,Twins,11,6,2,2,1,49,3.86,1.27,0.265,6.98,2.2,1.47,18.8 %,5.9 %,12.9 %,9.2 %,0.294,77.2 %,4.58,4.85,4.68,8.6 %,50.3 %,41.1 %,0.5,19487
Travis Lakins,Red Sox,16,3,0,1,0,23.1,3.86,1.41,0.253,6.94,3.86,0.39,17.7 %,9.8 %,7.8 %,10.6 %,0.306,70.6 %,3.64,5.22,5.01,12.3 %,52.1 %,35.6 %,0.3,18600
Justin Shafer,Blue Jays,34,0,2,1,1,39.2,3.86,1.66,0.263,8.85,5.67,1.36,21.4 %,13.7 %,7.7 %,12.2 %,0.315,81.9 %,5.18,5.67,5.19,20.5 %,43.6 %,35.9 %,-0.1,16132
Heath Hembree,Red Sox,45,0,1,0,2,39.2,3.86,1.31,0.224,10.44,4.08,1.59,26.6 %,10.4 %,16.2 %,11.6 %,0.273,77.4 %,4.78,5.69,4.45,14.2 %,53.8 %,32.1 %,0.1,11632
Aaron Nola,Phillies,34,34,12,7,0,202.1,3.87,1.27,0.231,10.19,3.56,1.2,26.9 %,9.4 %,17.5 %,11.0 %,0.295,76.8 %,4.03,3.82,4.14,15.8 %,42.3 %,41.9 %,3.4,16149
Sandy Alcantara,Marlins,32,32,6,14,0,197.1,3.88,1.32,0.239,6.89,3.69,1.05,18.0 %,9.7 %,8.4 %,10.9 %,0.271,73.8 %,4.55,5.17,5.28,19.7 %,45.7 %,34.6 %,2.3,18684
Brett Anderson,Athletics,31,31,13,9,0,176,3.89,1.31,0.262,4.6,2.51,1.02,12.1 %,6.6 %,5.5 %,7.7 %,0.278,74.8 %,4.57,4.79,5.17,14.5 %,45.3 %,40.2 %,2,8223
Anthony DeSclafani,Reds,31,31,9,9,0,166.2,3.89,1.2,0.235,9.02,2.65,1.57,24.0 %,7.0 %,17.0 %,10.1 %,0.273,77.7 %,4.43,4.3,4.29,17.2 %,42.2 %,40.6 %,2.4,13050
Jerry Blevins,Braves,45,0,1,0,1,32.1,3.9,1.27,0.203,10.3,4.45,1.39,26.2 %,11.4 %,14.9 %,11.1 %,0.247,77.8 %,4.61,4.93,4.31,20.9 %,38.4 %,40.7 %,0,7841
Mike Fiers,Athletics,33,33,15,4,0,184.2,3.9,1.19,0.24,6.14,2.58,1.46,16.7 %,7.0 %,9.7 %,7.9 %,0.254,78.5 %,4.97,5.19,5.19,17.0 %,44.0 %,39.1 %,1.7,7754
Madison Bumgarner,Giants,34,34,9,9,0,207.2,3.9,1.13,0.241,8.8,1.86,1.3,24.1 %,5.1 %,19.0 %,11.6 %,0.289,71.8 %,3.9,4.31,4.15,14.7 %,41.6 %,43.8 %,3.2,5524
Juan Minaya,White Sox,22,0,0,0,0,27.2,3.9,1.55,0.277,8.78,3.9,1.3,21.4 %,9.5 %,11.9 %,10.7 %,0.333,81.2 %,4.66,5.66,4.71,17.7 %,45.9 %,36.5 %,0.2,10341
Tanner Rainey,Nationals,52,0,2,3,0,48.1,3.91,1.45,0.186,13.78,7.08,1.12,34.6 %,17.8 %,16.8 %,16.9 %,0.283,79.3 %,4.37,3.91,4.28,18.4 %,45.9 %,35.7 %,0.2,17610
Andres Munoz,Padres,22,0,1,1,1,23,3.91,1.17,0.186,11.74,4.3,0.78,30.9 %,11.3 %,19.6 %,15.6 %,0.259,70.3 %,3.17,3.77,3.72,23.2 %,32.1 %,44.6 %,0.4,20373
Austin Adams,- - -,30,2,2,2,0,32,3.94,1.13,0.177,14.91,4.5,1.13,40.8 %,12.3 %,28.5 %,16.6 %,0.286,73.3 %,3.12,2.68,2.93,13.3 %,45.0 %,41.7 %,0.7,13801
Adam Morgan,Phillies,40,0,3,3,0,29.2,3.94,1.01,0.187,8.8,3.03,1.21,24.2 %,8.3 %,15.8 %,15.6 %,0.216,69.3 %,4.33,4.72,4.08,21.8 %,44.9 %,33.3 %,0.3,12580
Jose Urquidy,Astros,9,7,2,1,0,41,3.95,1.1,0.238,8.78,1.54,1.32,24.0 %,4.2 %,19.8 %,12.0 %,0.281,73.8 %,3.68,4.3,4.03,20.0 %,43.3 %,36.7 %,0.9,18413
Roenis Elias,- - -,48,0,4,2,14,50,3.96,1.28,0.234,8.46,3.24,1.8,21.8 %,8.3 %,13.4 %,11.6 %,0.257,64.7 %,5.07,4.78,4.4,14.7 %,54.0 %,31.3 %,-0.1,12673
Zack Wheeler,Mets,31,31,11,8,0,195.1,3.96,1.26,0.253,8.98,2.3,1.01,23.6 %,6.0 %,17.5 %,10.5 %,0.311,71.4 %,3.48,4.06,4.2,19.3 %,49.3 %,31.4 %,4.7,10310
Ryne Stanek,- - -,63,27,0,4,1,77,3.97,1.3,0.212,10.4,4.56,1.29,27.2 %,11.9 %,15.3 %,15.4 %,0.266,72.1 %,4.28,4.72,4.47,16.6 %,37.7 %,45.7 %,0.7,15947
Yu Darvish,Cubs,31,31,6,8,0,178.2,3.98,1.1,0.211,11.54,2.82,1.66,31.3 %,7.7 %,23.7 %,13.4 %,0.266,77.7 %,4.18,3.39,3.55,14.5 %,54.3 %,31.3 %,2.6,13074
Wade Miley,Astros,33,33,14,6,0,167.1,3.98,1.34,0.251,7.53,3.28,1.24,19.4 %,8.5 %,11.0 %,9.3 %,0.287,74.3 %,4.51,4.52,4.8,17.4 %,46.8 %,35.9 %,2,8779
Ty Buttrey,Angels,72,0,6,7,2,72.1,3.98,1.27,0.246,10.45,2.86,1,27.2 %,7.4 %,19.7 %,11.9 %,0.323,73.4 %,3.49,3.9,3.58,13.2 %,39.1 %,47.7 %,1.4,14719
Oliver Perez,Indians,67,0,2,4,1,40.2,3.98,1.23,0.241,10.62,2.66,1.11,27.8 %,6.9 %,20.8 %,13.2 %,0.314,71.7 %,3.56,3.82,3.49,18.2 %,50.0 %,31.8 %,0.6,1514
Marco Gonzales,Mariners,34,34,16,13,0,203,3.99,1.31,0.261,6.52,2.48,1.02,17.0 %,6.5 %,10.5 %,7.9 %,0.295,69.2 %,4.15,5.11,5.08,18.1 %,47.6 %,34.3 %,3.7,15467
Noe Ramirez,Angels,51,7,5,4,0,67.2,3.99,1.17,0.231,10.51,2.66,1.2,28.2 %,7.1 %,21.1 %,13.6 %,0.299,75.6 %,3.72,4.07,3.55,18.2 %,44.9 %,36.9 %,0.9,12800
Michael Feliz,Pirates,58,1,4,4,0,56.1,3.99,1.26,0.21,11.66,4.31,1.76,30.5 %,11.3 %,19.3 %,12.6 %,0.262,79.9 %,4.71,4.29,3.79,19.0 %,51.8 %,29.2 %,0.1,11903
Luis Perdomo,Padres,47,1,2,4,0,72,4,1.21,0.25,6.88,2.25,0.75,18.6 %,6.1 %,12.5 %,8.6 %,0.293,68.2 %,3.6,4.18,4.15,13.1 %,48.4 %,38.5 %,0.7,14682
Michael Pineda,Twins,26,26,11,5,0,146,4.01,1.16,0.249,8.63,1.73,1.42,23.3 %,4.7 %,18.7 %,12.5 %,0.292,74.8 %,4.02,4.3,4.18,12.2 %,48.5 %,39.3 %,2.6,5372
Seranthony Dominguez,Phillies,27,0,3,0,0,24.2,4.01,1.46,0.247,10.58,4.38,1.09,26.4 %,10.9 %,15.5 %,13.6 %,0.323,73.2 %,4.02,3.98,3.97,22.1 %,50.0 %,27.9 %,0.2,19249
Max Fried,Braves,33,30,17,6,0,165.2,4.02,1.33,0.268,9.4,2.55,1.14,24.6 %,6.7 %,18.0 %,11.5 %,0.336,74.3 %,3.72,3.32,3.83,17.9 %,43.9 %,38.2 %,3,13743
Domingo German,Yankees,27,24,18,4,0,143,4.03,1.15,0.227,9.63,2.45,1.89,25.8 %,6.6 %,19.2 %,13.0 %,0.259,78.7 %,4.72,4.22,4.06,17.9 %,40.9 %,41.2 %,2,17149
Jared Hughes,- - -,72,0,5,5,1,71.1,4.04,1.18,0.219,6.81,3.41,1.64,18.7 %,9.3 %,9.3 %,9.6 %,0.228,72.3 %,5.29,4.17,4.31,15.1 %,45.6 %,39.3 %,-0.5,9325
Kenta Maeda,Dodgers,37,26,10,8,3,153.2,4.04,1.07,0.2,9.9,2.99,1.29,27.1 %,8.2 %,18.9 %,14.6 %,0.243,71.6 %,3.95,4.04,4.06,22.0 %,45.5 %,32.5 %,2.5,18498
Sean Doolittle,Nationals,63,0,6,5,29,60,4.05,1.3,0.259,9.9,2.25,1.65,25.4 %,5.8 %,19.6 %,12.2 %,0.313,82.0 %,4.25,5.08,4.01,19.8 %,42.4 %,37.9 %,0.8,1581
Buddy Boshers,Blue Jays,28,1,0,3,0,20,4.05,1.5,0.25,11.7,4.5,1.35,28.6 %,11.0 %,17.6 %,8.9 %,0.333,78.4 %,4.21,4.15,3.92,14.8 %,51.9 %,33.3 %,0.1,8490
Trevor Richards,- - -,30,23,6,12,0,135.1,4.06,1.35,0.245,8.45,3.72,1.26,21.9 %,9.7 %,12.2 %,11.8 %,0.29,77.5 %,4.51,5.09,4.89,15.6 %,42.6 %,41.8 %,1.5,19309
Chaz Roe,Rays,71,0,1,3,1,51,4.06,1.57,0.249,11.47,5.47,0.53,28.4 %,13.5 %,14.9 %,9.7 %,0.357,70.3 %,3.31,4.34,4.27,20.6 %,45.8 %,33.6 %,0.9,9866
Alex Claudio,Brewers,83,0,2,2,0,62,4.06,1.31,0.241,6.39,3.48,1.16,16.5 %,9.0 %,7.5 %,10.6 %,0.265,76.5 %,4.92,4.59,4.54,28.1 %,41.7 %,30.2 %,-0.2,12890
Cory Gearrin,- - -,66,2,1,3,0,55.1,4.07,1.45,0.259,7.64,4.07,0.81,19.5 %,10.4 %,9.1 %,8.1 %,0.313,76.6 %,4.26,4.96,4.79,18.8 %,47.3 %,33.9 %,0.3,7947
Nick Ramirez,Tigers,46,0,5,4,0,79.2,4.07,1.39,0.244,8.36,3.95,1.24,21.3 %,10.1 %,11.2 %,12.6 %,0.286,69.4 %,4.51,4.68,4.54,21.0 %,37.8 %,41.2 %,0.4,12575
Dinelson Lamet,Padres,14,14,3,5,0,73,4.07,1.26,0.223,12.95,3.7,1.48,33.6 %,9.6 %,24.0 %,14.0 %,0.311,73.6 %,3.91,3.44,3.61,19.1 %,45.1 %,35.8 %,1.3,17186
Matt Magill,- - -,50,0,5,2,5,50.2,4.09,1.4,0.246,11.37,3.55,1.24,28.0 %,8.7 %,19.2 %,14.5 %,0.324,66.5 %,3.79,3.95,3.71,16.1 %,43.4 %,40.6 %,0.6,3950
Jameson Taillon,Pirates,7,7,2,3,0,37.1,4.1,1.13,0.23,7.23,1.93,0.96,19.0 %,5.1 %,13.9 %,11.9 %,0.263,52.1 %,3.8,4.06,4.38,19.5 %,44.9 %,35.6 %,0.8,11674
Luis Cessa,Yankees,43,0,2,1,1,81,4.11,1.31,0.243,8.33,3.44,1.56,21.9 %,9.0 %,12.8 %,12.7 %,0.277,74.9 %,4.87,4.51,4.3,14.5 %,50.4 %,35.0 %,0.1,13345
Colten Brewer,Red Sox,58,0,1,2,0,54.2,4.12,1.7,0.272,8.56,5.6,0.99,20.6 %,13.4 %,7.1 %,11.3 %,0.333,79.7 %,4.71,4.85,4.98,17.6 %,55.2 %,27.3 %,0,12997
Brad Peacock,Astros,23,15,7,6,0,91.2,4.12,1.19,0.225,9.43,3.04,1.47,25.1 %,8.1 %,17.0 %,8.9 %,0.267,76.3 %,4.42,4.64,4.3,14.4 %,46.8 %,38.8 %,1.1,5401
Ryan Yarbrough,Rays,28,14,11,6,0,141.2,4.13,1,0.227,7.43,1.27,0.95,20.8 %,3.6 %,17.2 %,10.2 %,0.264,62.8 %,3.55,4.24,4.11,18.5 %,50.7 %,30.8 %,2.7,16502
Zach Eflin,Phillies,32,28,10,13,0,163.1,4.13,1.35,0.264,7.11,2.64,1.54,18.3 %,6.8 %,11.5 %,9.0 %,0.291,73.9 %,4.85,4.76,4.86,16.1 %,46.0 %,37.9 %,1.5,13774
Jordan Lyles,- - -,28,28,12,8,0,141,4.15,1.32,0.241,9.32,3.51,1.6,24.4 %,9.2 %,15.2 %,10.1 %,0.285,75.7 %,4.64,4.61,4.53,17.6 %,43.8 %,38.5 %,1.6,7593
Miles Mikolas,Cardinals,32,32,9,14,0,184,4.16,1.22,0.268,7.04,1.57,1.32,18.9 %,4.2 %,14.7 %,9.6 %,0.302,73.8 %,4.27,4.18,4.39,16.2 %,42.7 %,41.2 %,2.5,9803
Raisel Iglesias,Reds,68,0,3,12,34,67,4.16,1.22,0.238,11.96,2.82,1.61,31.9 %,7.5 %,24.4 %,15.5 %,0.316,78.9 %,3.92,3.72,3.22,22.8 %,38.3 %,38.9 %,1.1,17130
Tony Watson,Giants,60,0,2,2,0,54,4.17,1.26,0.262,6.83,2,1.5,17.8 %,5.2 %,12.6 %,12.8 %,0.287,77.8 %,4.81,4.89,4.41,22.5 %,41.6 %,35.8 %,-0.3,3132
Andrew Kittredge,Rays,37,7,1,0,0,49.2,4.17,1.27,0.26,10.51,2.17,1.27,27.6 %,5.7 %,21.9 %,15.9 %,0.336,72.5 %,3.56,3.25,3.3,20.3 %,50.7 %,29.0 %,0.6,12828
Chad Green,Yankees,54,15,4,4,2,69,4.17,1.23,0.244,12.78,2.48,1.3,33.2 %,6.4 %,26.8 %,13.7 %,0.346,72.7 %,3.34,3.56,3.04,15.7 %,39.5 %,44.8 %,1.6,15552
Joey Lucchesi,Padres,30,30,10,10,0,163.2,4.18,1.22,0.229,8.69,3.08,1.26,23.0 %,8.2 %,14.9 %,10.3 %,0.271,73.0 %,4.17,4.36,4.48,17.5 %,45.5 %,37.0 %,2.1,19320
Brad Keller,Royals,28,28,7,14,0,165.1,4.19,1.35,0.244,6.64,3.81,0.82,17.2 %,9.9 %,7.3 %,8.3 %,0.282,72.2 %,4.35,4.94,5.23,15.2 %,48.2 %,36.6 %,2.2,15734
Adam Wainwright,Cardinals,31,31,14,10,0,171.2,4.19,1.43,0.269,8.02,3.36,1.15,20.5 %,8.6 %,12.0 %,7.5 %,0.319,76.5 %,4.36,4.39,4.7,14.4 %,43.5 %,42.1 %,2.2,2233
Chase Anderson,Brewers,32,27,8,4,0,139,4.21,1.27,0.236,8.03,3.24,1.49,21.0 %,8.5 %,12.5 %,10.9 %,0.266,77.1 %,4.83,5.26,4.89,19.0 %,43.4 %,37.6 %,1.2,6895
Steven Matz,Mets,32,30,11,10,0,160.1,4.21,1.34,0.258,8.59,2.92,1.52,22.1 %,7.5 %,14.6 %,9.7 %,0.301,75.5 %,4.6,4.33,4.47,17.1 %,46.4 %,36.5 %,1.6,13361
Scott Barlow,Royals,61,0,3,3,1,70.1,4.22,1.44,0.237,11.77,4.73,0.77,29.7 %,11.9 %,17.7 %,14.4 %,0.337,74.3 %,3.41,4.11,3.93,15.2 %,47.8 %,37.1 %,1.1,14993
Dylan Floro,Dodgers,50,0,5,3,0,46.2,4.24,1.29,0.249,8.1,2.7,0.77,20.9 %,7.0 %,13.9 %,12.5 %,0.302,65.6 %,3.56,4.1,4.05,17.5 %,51.8 %,30.8 %,0.6,13394
Sean Reid-Foley,Blue Jays,9,6,2,4,0,31.2,4.26,1.71,0.26,7.96,5.97,1.42,18.7 %,14.0 %,4.7 %,9.8 %,0.298,73.5 %,5.68,6.26,5.79,14.1 %,40.4 %,45.5 %,0,17034
David Price,Red Sox,22,22,7,5,0,107.1,4.28,1.31,0.258,10.73,2.68,1.26,28.0 %,7.0 %,21.0 %,11.2 %,0.336,70.7 %,3.62,3.73,3.85,19.7 %,43.4 %,37.0 %,2.3,3184
Noah Syndergaard,Mets,32,32,10,8,0,197.2,4.28,1.23,0.252,9.2,2.28,1.09,24.5 %,6.1 %,18.4 %,12.5 %,0.313,68.9 %,3.6,3.83,4.02,21.5 %,49.6 %,28.9 %,4.4,11762
Blake Snell,Rays,23,23,6,8,0,107,4.29,1.27,0.24,12.36,3.36,1.18,33.3 %,9.1 %,24.3 %,17.7 %,0.343,71.6 %,3.32,3.31,3.56,18.6 %,46.6 %,34.8 %,2.7,13543
Tyler Skaggs,Angels,15,15,7,7,0,79.2,4.29,1.27,0.239,8.81,3.16,1.02,23.3 %,8.4 %,14.9 %,9.2 %,0.294,68.6 %,3.85,4.36,4.54,18.5 %,39.2 %,42.3 %,1.8,10190
Mike Leake,- - -,32,32,12,11,0,197,4.29,1.29,0.284,5.8,1.23,1.87,15.2 %,3.2 %,12.0 %,8.1 %,0.295,72.6 %,5.19,4.76,4.79,14.3 %,44.6 %,41.1 %,1,10130
Joakim Soria,Athletics,71,1,2,4,1,69,4.3,1.03,0.2,10.3,2.61,1.17,28.4 %,7.2 %,21.2 %,13.2 %,0.251,66.8 %,3.62,3.91,3.5,19.3 %,40.9 %,39.8 %,1,6941
Jalen Beeks,Rays,33,3,6,3,1,104.1,4.31,1.49,0.277,7.68,3.45,1.04,19.2 %,8.6 %,10.6 %,9.6 %,0.328,73.4 %,4.41,4.79,4.61,15.4 %,44.9 %,39.7 %,0.4,17192
Jose Leclerc,Rangers,70,3,2,4,14,68.2,4.33,1.33,0.205,13.11,5.11,0.92,33.4 %,13.0 %,20.4 %,13.5 %,0.306,72.3 %,3.59,4.21,3.73,18.2 %,46.1 %,35.7 %,1.4,14524
Jose Cisnero,Tigers,35,0,0,4,0,35.1,4.33,1.53,0.25,10.19,4.84,1.27,24.7 %,11.7 %,13.0 %,12.5 %,0.316,72.0 %,4.66,5.13,4.47,16.0 %,48.0 %,36.0 %,0.2,6399
Robbie Ray,Diamondbacks,33,33,12,8,0,174.1,4.34,1.34,0.228,12.13,4.34,1.55,31.5 %,11.2 %,20.2 %,13.6 %,0.305,75.1 %,4.29,3.76,4.02,16.4 %,40.3 %,43.4 %,2.4,11486
Danny Duffy,Royals,23,23,7,6,0,130.2,4.34,1.31,0.25,7.92,3.17,1.45,20.7 %,8.3 %,12.4 %,10.3 %,0.285,73.5 %,4.78,5.14,4.89,15.0 %,45.9 %,39.1 %,1.3,3542
Daniel Stumpf,Tigers,48,0,1,1,0,29,4.34,1.72,0.292,8.69,4.66,1.55,20.7 %,11.1 %,9.6 %,10.5 %,0.345,74.4 %,5.08,5.17,4.85,12.0 %,41.3 %,46.7 %,0,13780
Tanner Roark,- - -,31,31,10,10,0,165.1,4.35,1.4,0.274,8.6,2.78,1.52,21.9 %,7.1 %,14.8 %,8.5 %,0.322,78.1 %,4.67,4.64,4.57,15.2 %,47.9 %,36.9 %,1.9,8753
Jake McGee,Rockies,45,0,0,2,0,41.1,4.35,1.4,0.283,7.62,2.4,2.4,19.4 %,6.1 %,13.3 %,8.7 %,0.3,79.0 %,6,5.38,4.49,13.7 %,37.4 %,48.9 %,-0.3,7550
Luis Garcia,Angels,64,2,2,1,1,62,4.35,1.52,0.254,8.27,4.79,1.89,20.5 %,11.9 %,8.6 %,12.4 %,0.282,79.2 %,5.94,5.11,4.88,19.1 %,41.5 %,39.3 %,-0.6,6984
Joe Jimenez,Tigers,66,0,4,7,9,59.2,4.37,1.32,0.243,12.37,3.47,1.96,31.9 %,9.0 %,23.0 %,14.9 %,0.319,77.2 %,4.66,4.19,3.41,18.2 %,45.3 %,36.5 %,0.3,15761
Jacob Waguespack,Blue Jays,16,13,5,5,0,78,4.38,1.33,0.249,7.27,3.35,1.38,18.8 %,8.7 %,10.2 %,9.5 %,0.279,71.6 %,4.91,5.2,5.05,17.2 %,44.1 %,38.7 %,0.7,18318
Chris Sale,Red Sox,25,25,6,11,0,147.1,4.4,1.09,0.219,13.32,2.26,1.47,35.6 %,6.1 %,29.6 %,14.2 %,0.309,66.7 %,3.39,2.93,3,16.9 %,47.1 %,36.1 %,3.6,10603
Tyler Olson,Indians,39,0,1,1,0,30.2,4.4,1.63,0.279,8.22,4.7,0.88,20.0 %,11.4 %,8.6 %,10.7 %,0.341,77.4 %,4.42,5.29,4.91,20.2 %,47.9 %,31.9 %,0.1,14741
Austin Pruitt,Rays,14,2,3,0,0,47,4.4,1.26,0.26,7.47,2.3,1.34,20.2 %,6.2 %,14.0 %,11.1 %,0.296,73.2 %,4.26,3.93,4.06,18.3 %,45.1 %,36.6 %,0.2,15290
Merrill Kelly,Diamondbacks,32,32,13,14,0,183.1,4.42,1.31,0.256,7.76,2.8,1.42,20.3 %,7.3 %,13.0 %,9.8 %,0.292,73.1 %,4.51,4.58,4.73,12.7 %,44.6 %,42.7 %,2,11156
Jon Duplantier,Diamondbacks,15,3,1,1,1,36.2,4.42,1.55,0.279,8.35,4.42,0.49,20.9 %,11.0 %,9.8 %,8.4 %,0.356,74.3 %,3.95,5.3,4.9,13.2 %,41.5 %,45.3 %,0.4,19546
Nick Vincent,- - -,32,1,1,4,0,44.2,4.43,1.32,0.264,9.47,2.42,1.61,24.2 %,6.2 %,18.0 %,11.2 %,0.317,77.2 %,4.51,4.19,3.83,15.3 %,41.2 %,43.5 %,0.1,7555
Joe Musgrove,Pirates,32,31,11,12,0,170.1,4.44,1.22,0.251,8.3,2.06,1.11,21.9 %,5.4 %,16.4 %,12.0 %,0.299,63.2 %,3.82,4.31,4.31,19.0 %,44.0 %,37.1 %,3.3,12970
Trevor Gott,Giants,50,0,7,0,1,52.2,4.44,1.1,0.21,9.74,2.91,0.68,26.6 %,7.9 %,18.7 %,10.8 %,0.276,62.5 %,3.12,4.06,3.73,25.4 %,35.5 %,39.1 %,0.9,15046
Andrew Miller,Cardinals,73,0,5,6,6,54.2,4.45,1.32,0.224,11.52,4.45,1.81,29.7 %,11.4 %,18.2 %,13.2 %,0.283,74.3 %,5.19,4.43,3.87,16.0 %,38.2 %,45.8 %,-0.4,6785
Adam Cimber,Indians,68,0,6,3,1,56.2,4.45,1.32,0.253,6.51,3.02,0.95,16.8 %,7.8 %,9.0 %,9.7 %,0.287,70.8 %,4.36,4.46,4.39,20.0 %,42.8 %,37.2 %,0.3,15288
Eric Lauer,Padres,30,29,8,10,0,149.2,4.45,1.4,0.266,8.3,3.07,1.2,21.2 %,7.8 %,13.4 %,8.3 %,0.316,71.0 %,4.23,4.77,4.72,17.5 %,40.9 %,41.6 %,2.3,19316
Masahiro Tanaka,Yankees,32,31,11,9,0,182,4.45,1.24,0.259,7.37,1.98,1.38,19.6 %,5.3 %,14.4 %,10.7 %,0.293,70.4 %,4.27,4.29,4.46,16.4 %,44.5 %,39.1 %,3.3,15764
Jay Jackson,Brewers,28,0,1,0,0,30.1,4.45,1.32,0.196,13.95,5.34,1.78,35.6 %,13.6 %,22.0 %,17.9 %,0.271,80.4 %,4.66,3.6,3.57,15.4 %,47.7 %,36.9 %,0,7432
Darwinzon Hernandez,Red Sox,29,1,0,1,0,30.1,4.45,1.75,0.229,16.91,7.71,0.3,38.8 %,17.7 %,21.1 %,13.8 %,0.433,69.6 %,2.75,3.57,3.94,23.0 %,44.3 %,32.8 %,0.6,19848
Jon Lester,Cubs,31,31,13,10,0,171.2,4.46,1.5,0.29,8.65,2.73,1.36,21.6 %,6.8 %,14.8 %,9.0 %,0.347,71.4 %,4.26,4.35,4.49,15.9 %,45.6 %,38.6 %,2.8,4930
Jeff Brigham,Marlins,32,0,3,2,1,38.1,4.46,1.3,0.247,9.16,3.29,1.88,24.2 %,8.7 %,15.5 %,11.6 %,0.283,77.9 %,5.07,4.9,4.22,18.7 %,36.5 %,44.9 %,-0.1,16631
Jordan Yamamoto,Marlins,15,15,4,5,0,78.2,4.46,1.14,0.19,9.38,4.12,1.26,25.2 %,11.1 %,14.2 %,9.2 %,0.225,66.6 %,4.51,4.89,4.71,18.3 %,33.7 %,48.0 %,0.9,17585
Blaine Hardy,Tigers,39,0,1,1,0,44.1,4.47,1.15,0.225,5.89,2.64,2.03,15.9 %,7.1 %,8.8 %,10.2 %,0.215,73.0 %,5.72,4.98,4.8,21.4 %,39.3 %,39.3 %,-0.3,6499
Kevin McCarthy,Royals,56,0,4,2,1,60.1,4.48,1.48,0.278,5.67,3.13,0.6,14.2 %,7.8 %,6.3 %,9.8 %,0.315,70.3 %,3.96,4.55,4.53,18.8 %,41.6 %,39.6 %,0.5,15240
Trevor Bauer,- - -,34,34,11,13,0,213,4.48,1.25,0.227,10.69,3.46,1.44,27.8 %,9.0 %,18.8 %,12.2 %,0.287,70.4 %,4.34,4.33,4.14,17.2 %,41.5 %,41.3 %,3.3,12703
Wilmer Font,- - -,48,17,4,5,0,84.1,4.48,1.27,0.241,10.14,3.09,1.81,26.7 %,8.2 %,18.5 %,11.9 %,0.288,78.9 %,4.72,4.53,3.97,15.3 %,45.9 %,38.9 %,0.5,5257
Daniel Norris,Tigers,32,29,3,13,0,144.1,4.49,1.33,0.271,7.79,2.37,1.56,20.5 %,6.2 %,14.3 %,10.3 %,0.309,75.2 %,4.61,4.55,4.57,13.5 %,48.1 %,38.4 %,1.9,13475
Erick Fedde,Nationals,21,12,4,2,0,78,4.5,1.46,0.271,4.73,3.81,1.27,12.3 %,9.9 %,2.4 %,7.1 %,0.283,76.5 %,5.34,5.27,5.69,20.9 %,43.8 %,35.3 %,0.2,17425
Jason Vargas,- - -,30,29,7,9,0,149.2,4.51,1.36,0.243,7.46,3.79,1.26,19.1 %,9.7 %,9.4 %,9.7 %,0.276,69.8 %,4.76,5.44,5.25,18.2 %,42.3 %,39.5 %,1.8,8044
Caleb Smith,Marlins,28,28,10,11,0,153.1,4.52,1.23,0.221,9.86,3.52,1.94,26.0 %,9.3 %,16.7 %,12.7 %,0.251,75.8 %,5.11,5.05,4.58,16.8 %,45.9 %,37.4 %,1,14875
Jairo Diaz,Rockies,56,0,6,4,5,57.2,4.53,1.3,0.25,9.83,2.97,1.09,25.7 %,7.8 %,18.0 %,14.3 %,0.318,64.0 %,3.7,3.85,3.7,17.4 %,46.0 %,36.7 %,0.9,12774
Mike Foltynewicz,Braves,21,21,8,6,0,117,4.54,1.25,0.241,8.08,2.85,1.77,21.4 %,7.5 %,13.9 %,10.5 %,0.265,71.7 %,4.97,4.73,4.71,18.4 %,41.2 %,40.4 %,0.8,10811
Greg Holland,Diamondbacks,40,0,1,2,17,35.2,4.54,1.37,0.195,10.35,6.06,1.26,27.0 %,15.8 %,11.2 %,12.0 %,0.244,73.8 %,4.76,4.77,4.77,10.3 %,48.3 %,41.4 %,-0.1,7196
Wander Suero,Nationals,78,0,6,9,1,71.1,4.54,1.26,0.24,10.22,3.28,0.63,27.4 %,8.8 %,18.6 %,13.6 %,0.326,66.3 %,3.07,3.81,3.74,15.6 %,46.8 %,37.6 %,1.5,15855
Jonathan Loaisiga,Yankees,15,4,2,2,0,31.2,4.55,1.48,0.254,10.52,4.55,1.71,26.6 %,11.5 %,15.1 %,14.2 %,0.316,80.8 %,4.95,4.44,4.34,12.9 %,47.1 %,40.0 %,0.1,19753
Blake Parker,- - -,60,2,3,3,10,61.1,4.55,1.22,0.23,9.54,3.23,1.91,25.5 %,8.6 %,16.9 %,11.4 %,0.263,76.9 %,5.07,4.26,3.98,16.4 %,38.8 %,44.9 %,-0.1,5224
Anthony Swarzak,- - -,59,0,3,4,4,53.1,4.56,1.48,0.251,8.78,4.56,2.03,22.2 %,11.5 %,10.7 %,11.9 %,0.28,78.8 %,5.71,4.76,4.65,16.1 %,43.2 %,40.7 %,-0.7,7466
Joe Kelly,Dodgers,55,0,5,4,1,51.1,4.56,1.38,0.244,10.87,3.86,1.05,27.4 %,9.7 %,17.7 %,10.1 %,0.323,65.6 %,3.78,3.19,3.41,24.5 %,33.1 %,42.5 %,0.4,9761
Brandon Brennan,Mariners,44,0,3,6,0,47.1,4.56,1.23,0.198,8.94,4.56,1.14,24.0 %,12.2 %,11.7 %,15.5 %,0.235,66.5 %,4.4,4.14,4.35,19.2 %,50.4 %,30.4 %,0.1,13527
Matthew Boyd,Tigers,32,32,9,12,0,185.1,4.56,1.23,0.244,11.56,2.43,1.89,30.2 %,6.4 %,23.9 %,14.1 %,0.307,74.4 %,4.32,3.88,3.61,17.5 %,41.8 %,40.7 %,3.3,15440
Mychal Givens,Orioles,58,0,2,6,11,63,4.57,1.19,0.211,12.29,3.71,1.86,33.1 %,10.0 %,23.1 %,15.8 %,0.271,71.4 %,4.5,3.62,3.34,15.8 %,53.4 %,30.8 %,0.5,10430
Homer Bailey,- - -,31,31,13,9,0,163.1,4.57,1.32,0.254,8.21,2.92,1.16,21.4 %,7.6 %,13.8 %,10.8 %,0.301,71.2 %,4.11,4.43,4.6,14.6 %,42.5 %,42.9 %,2.9,8362
Felix Pena,Angels,22,7,8,3,0,96.1,4.58,1.18,0.218,9.44,3.18,1.49,24.8 %,8.4 %,16.5 %,12.7 %,0.256,65.6 %,4.52,4.28,4.08,13.5 %,44.7 %,41.7 %,0.6,13403
Griffin Canning,Angels,18,17,5,6,0,90.1,4.58,1.22,0.231,9.56,2.99,1.39,25.0 %,7.8 %,17.2 %,13.8 %,0.28,73.2 %,4.37,4.75,4.33,16.0 %,42.4 %,41.6 %,1.3,19867
Joe Biagini,- - -,63,0,3,2,1,64.2,4.59,1.5,0.28,8.35,3.62,1.95,21.4 %,9.3 %,12.1 %,11.7 %,0.317,80.4 %,5.43,4.18,4.33,13.9 %,46.9 %,39.2 %,-0.2,13194
Lucas Sims,Reds,24,4,2,1,0,43,4.6,1.16,0.199,11.93,3.98,1.67,32.2 %,10.7 %,21.5 %,14.9 %,0.253,73.5 %,4.45,4.57,3.83,19.2 %,48.5 %,32.3 %,0.4,13470
Sam Gaviglio,Blue Jays,52,0,4,2,0,95.2,4.61,1.12,0.232,8.28,2.07,1.69,22.5 %,5.6 %,16.8 %,11.6 %,0.258,69.9 %,4.64,4.31,3.88,15.8 %,49.6 %,34.5 %,0.1,12778
Spencer Turnbull,Tigers,30,30,3,17,0,148.1,4.61,1.44,0.265,8.86,3.58,0.85,22.3 %,9.0 %,13.3 %,10.7 %,0.333,68.3 %,3.99,4.63,4.62,13.3 %,45.3 %,41.4 %,2.9,16207
Mike Morin,- - -,52,0,1,3,1,50.2,4.62,1.11,0.235,4.62,1.78,1.07,12.4 %,4.8 %,7.6 %,11.5 %,0.244,60.1 %,4.56,5.41,5.1,16.5 %,47.7 %,35.9 %,0.2,13442
Jefry Rodriguez,Indians,10,8,1,5,0,46.2,4.63,1.48,0.264,6.36,4.05,0.96,16.3 %,10.3 %,5.9 %,8.2 %,0.299,69.4 %,4.54,5.11,5.43,16.8 %,43.6 %,39.6 %,0.5,17018
Jake Arrieta,Phillies,24,24,8,8,0,135.2,4.64,1.47,0.278,7.3,3.38,1.39,18.5 %,8.6 %,9.9 %,7.2 %,0.316,73.8 %,4.89,4.46,4.82,16.4 %,45.3 %,38.3 %,1.1,4153
Jake Diekman,- - -,76,0,1,7,0,62,4.65,1.42,0.211,12.19,5.66,0.44,29.8 %,13.8 %,16.0 %,16.1 %,0.317,68.6 %,3.55,4.14,4.11,19.6 %,51.4 %,29.1 %,1,5003
Javy Guerra,- - -,51,0,3,1,2,67.2,4.66,1.24,0.249,7.58,2.26,1.33,19.9 %,5.9 %,13.9 %,9.0 %,0.282,69.0 %,4.25,5.21,4.46,15.6 %,47.6 %,36.8 %,0.4,7407
Josh Osich,White Sox,57,0,4,0,0,67.2,4.66,1.14,0.241,8.11,2,2,22.4 %,5.5 %,16.9 %,12.5 %,0.26,69.6 %,4.96,4.16,3.93,18.4 %,46.4 %,35.2 %,0,11528
Miguel Castro,Orioles,65,0,1,3,2,73.1,4.66,1.42,0.227,8.71,5.03,1.23,22.3 %,12.9 %,9.4 %,11.7 %,0.269,68.9 %,4.73,4.85,4.8,24.2 %,45.9 %,30.0 %,0.4,15684
Robert Gsellman,Mets,52,0,2,3,1,63.2,4.66,1.37,0.258,8.48,3.25,0.99,21.7 %,8.3 %,13.4 %,11.0 %,0.315,68.5 %,4.13,4.66,4.29,21.8 %,46.3 %,31.9 %,0.4,13696
Andrew Cashner,- - -,42,23,11,8,1,150,4.68,1.35,0.251,6.48,3.48,1.14,17.0 %,9.1 %,7.9 %,9.5 %,0.28,68.0 %,4.66,5.11,5.2,14.2 %,48.3 %,37.6 %,1.8,8782
Jose Quintana,Cubs,32,31,13,9,0,171,4.68,1.39,0.274,8,2.42,1.05,20.4 %,6.2 %,14.2 %,8.3 %,0.326,65.9 %,3.8,4.2,4.5,16.5 %,45.2 %,38.2 %,3.5,11423
Joshua James,Astros,49,1,5,1,1,61.1,4.7,1.32,0.203,14.67,5.14,1.47,37.6 %,13.2 %,24.4 %,16.2 %,0.308,71.8 %,3.98,3.77,3.33,16.5 %,43.3 %,40.2 %,0.5,16794
Collin McHugh,Astros,35,8,4,5,0,74.2,4.7,1.23,0.218,9.88,3.62,1.45,25.9 %,9.5 %,16.4 %,11.3 %,0.263,69.1 %,4.43,4.34,4.23,15.4 %,46.3 %,38.3 %,0.5,7531
Colin Poche,Rays,51,0,5,5,2,51.2,4.7,1.01,0.18,12.54,3.31,1.57,34.8 %,9.2 %,25.6 %,17.2 %,0.235,67.6 %,4.08,4.44,3.36,18.0 %,41.4 %,40.5 %,0.6,19403
Matt Strahm,Padres,46,16,6,11,0,114.2,4.71,1.25,0.264,9.26,1.73,1.73,24.2 %,4.5 %,19.7 %,10.8 %,0.311,74.7 %,4.41,4.27,3.95,17.4 %,38.5 %,44.1 %,1.2,13799
Matt Andriese,Diamondbacks,54,0,5,5,1,70.2,4.71,1.4,0.257,10.06,3.44,1.02,25.5 %,8.7 %,16.8 %,10.0 %,0.332,71.6 %,3.72,3.88,3.82,16.0 %,45.0 %,39.0 %,0.8,12022
Tony Sipp,Nationals,36,0,1,2,0,21,4.71,1.33,0.232,7.71,3.86,0.43,19.6 %,9.8 %,9.8 %,12.7 %,0.286,61.6 %,3.55,5.39,4.83,17.2 %,54.7 %,28.1 %,0.3,8280
Ivan Nova,White Sox,34,34,11,12,0,187,4.72,1.45,0.3,5.49,2.26,1.44,14.1 %,5.8 %,8.3 %,8.3 %,0.322,72.8 %,4.98,4.91,5.16,17.3 %,49.6 %,33.1 %,2,1994
Jace Fry,White Sox,68,0,3,4,0,55,4.75,1.58,0.215,11.13,7.04,1.15,27.1 %,17.1 %,10.0 %,14.0 %,0.285,71.1 %,4.9,4.41,4.81,16.1 %,48.9 %,35.0 %,0,16159
Jesus Tinoco,Rockies,24,0,0,3,1,36,4.75,1.61,0.261,7,5.5,3,17.4 %,13.7 %,3.7 %,9.3 %,0.245,85.3 %,7.91,5.84,5.59,23.6 %,40.0 %,36.4 %,-1,16300
Juan Nicasio,Phillies,47,0,2,3,1,47.1,4.75,1.65,0.294,8.56,3.99,0.76,20.7 %,9.7 %,11.1 %,9.1 %,0.366,71.2 %,3.87,4.37,4.46,17.5 %,41.6 %,40.9 %,0.5,7731
Yoshihisa Hirano,Diamondbacks,62,0,5,5,1,53,4.75,1.38,0.245,10.36,3.74,1.19,26.2 %,9.4 %,16.7 %,14.4 %,0.314,68.0 %,4.04,4.24,3.95,19.7 %,41.5 %,38.8 %,0.5,19756
Tommy Milone,Mariners,23,6,4,10,0,111.2,4.76,1.12,0.238,7.58,1.85,1.93,20.8 %,5.1 %,15.7 %,10.1 %,0.252,70.7 %,5,4.84,4.3,18.0 %,46.4 %,35.6 %,0.1,7608
German Marquez,Rockies,28,28,12,5,0,174,4.76,1.2,0.256,9.05,1.81,1.5,24.3 %,4.9 %,19.4 %,12.7 %,0.304,68.1 %,4.06,3.54,3.85,13.2 %,48.8 %,37.9 %,3.4,15038
Michael Wacha,Cardinals,29,24,6,7,0,126.2,4.76,1.56,0.284,7.39,3.91,1.85,18.5 %,9.8 %,8.7 %,9.4 %,0.313,79.0 %,5.61,4.8,5.08,14.5 %,46.0 %,39.5 %,-0.2,14078
T.J. Zeuch,Blue Jays,5,3,1,2,0,22.2,4.76,1.46,0.25,7.94,4.37,0.79,20.2 %,11.1 %,9.1 %,9.9 %,0.303,66.2 %,4.05,4.57,4.93,13.2 %,42.7 %,44.1 %,0.3,19269
Brett Martin,Rangers,51,2,2,3,0,62.1,4.76,1.44,0.277,8.95,2.6,1.01,22.1 %,6.4 %,15.7 %,13.2 %,0.34,65.7 %,3.65,3.66,3.7,18.2 %,42.9 %,38.9 %,0.9,17369
Luke Bard,Angels,32,3,3,3,0,49,4.78,1.1,0.227,7.35,2.39,1.47,20.1 %,6.5 %,13.6 %,12.4 %,0.248,67.0 %,4.81,5.16,4.45,21.3 %,34.0 %,44.7 %,0.1,14288
Tanner Scott,Orioles,28,0,1,1,0,26.1,4.78,1.78,0.277,12.65,6.49,1.37,30.3 %,15.6 %,14.8 %,14.5 %,0.4,73.7 %,4.77,3.93,4.29,10.9 %,45.3 %,43.8 %,0,17586
Dylan Bundy,Orioles,30,30,7,14,0,161.2,4.79,1.35,0.253,9.02,3.23,1.61,23.1 %,8.3 %,14.9 %,12.9 %,0.297,70.5 %,4.73,4.58,4.54,16.7 %,52.1 %,31.2 %,2.5,12917
Jose Alvarado,Rays,35,1,1,6,7,30,4.8,1.87,0.244,11.7,8.1,0.6,26.7 %,18.5 %,8.2 %,12.3 %,0.346,71.4 %,4.18,4.84,5.21,17.5 %,47.5 %,35.0 %,0.2,17780
T.J. McFarland,Diamondbacks,51,0,0,0,0,56,4.82,1.63,0.31,5.63,3.21,0.96,14.0 %,8.0 %,6.0 %,10.0 %,0.346,68.2 %,4.48,4.33,4.39,16.0 %,41.2 %,42.8 %,0,3237
Chris Devenski,Astros,61,1,2,3,0,69,4.83,1.3,0.252,9.39,2.74,1.7,24.2 %,7.1 %,17.1 %,12.8 %,0.296,72.2 %,4.62,4.85,4.06,21.3 %,35.6 %,43.1 %,0.2,12763
Daniel Mengden,Athletics,13,9,5,2,1,59.2,4.83,1.44,0.253,6.34,4.07,1.06,16.2 %,10.4 %,5.8 %,6.0 %,0.283,70.9 %,4.69,5.73,5.66,16.2 %,41.4 %,42.4 %,0.6,16980
Caleb Ferguson,Dodgers,46,2,1,2,0,44.2,4.84,1.48,0.228,10.88,5.44,1.41,26.5 %,13.2 %,13.2 %,9.3 %,0.291,74.0 %,5.05,4.88,4.49,18.8 %,40.2 %,41.0 %,-0.2,19349
Kyle Gibson,Twins,34,29,13,7,0,160,4.84,1.44,0.272,9,3.15,1.29,22.7 %,7.9 %,14.7 %,13.1 %,0.33,67.5 %,4.26,3.8,4.25,16.2 %,46.7 %,37.1 %,2.6,10123
Trent Thornton,Blue Jays,32,29,6,9,0,154.1,4.84,1.41,0.255,8.69,3.56,1.4,22.0 %,9.0 %,13.0 %,10.0 %,0.301,71.7 %,4.59,4.94,4.8,19.9 %,43.9 %,36.2 %,1.9,17948
Jesse Chavez,Rangers,48,9,3,5,1,78,4.85,1.33,0.265,8.31,2.54,1.38,21.4 %,6.5 %,14.8 %,6.4 %,0.31,66.2 %,4.41,4.47,4.29,16.0 %,42.0 %,42.0 %,0.9,5448
Drew Pomeranz,- - -,46,18,2,10,2,104,4.85,1.43,0.258,11.86,3.81,1.82,30.1 %,9.7 %,20.4 %,11.1 %,0.337,76.9 %,4.59,3.88,3.86,14.1 %,48.2 %,37.8 %,0.7,11426
Ryan Brasier,Red Sox,62,0,2,4,7,55.2,4.85,1.29,0.235,9.86,3.4,1.46,25.3 %,8.7 %,16.6 %,15.3 %,0.286,67.3 %,4.42,4.89,4.1,18.6 %,42.3 %,39.1 %,0.3,5615
Victor Alcantara,Tigers,46,0,3,2,0,42.2,4.85,1.41,0.273,5.06,3.16,1.69,13.2 %,8.2 %,5.0 %,10.2 %,0.278,72.8 %,5.72,5.38,5.1,18.4 %,44.0 %,37.6 %,-0.3,15028
Dan Otero,Indians,25,0,0,0,0,29.2,4.85,1.52,0.331,4.85,0.91,1.82,12.2 %,2.3 %,9.9 %,6.0 %,0.343,77.1 %,5.17,4.55,4.34,18.0 %,46.0 %,36.0 %,-0.1,7385
Adam Plutko,Indians,21,20,7,5,0,109.1,4.86,1.29,0.266,6.42,2.14,1.81,16.9 %,5.6 %,11.3 %,8.4 %,0.28,73.6 %,5.23,5.54,5.19,18.1 %,45.8 %,36.2 %,0.7,15846
Tim Melville,Rockies,7,7,2,3,0,33.1,4.86,1.44,0.266,6.48,3.78,2.43,16.8 %,9.8 %,7.0 %,11.0 %,0.263,85.2 %,6.63,5.27,5.47,13.5 %,46.2 %,40.4 %,-0.2,9149
Tyler Alexander,Tigers,13,8,1,4,0,53.2,4.86,1.4,0.301,7.88,1.17,1.51,20.0 %,3.0 %,17.0 %,8.6 %,0.347,73.0 %,4.15,4.49,4.31,9.5 %,49.7 %,40.8 %,0.9,17735
Genesis Cabrera,Cardinals,13,2,0,2,1,20.1,4.87,1.67,0.267,8.41,4.87,0.89,19.2 %,11.1 %,8.1 %,7.3 %,0.323,60.2 %,4.54,5.71,5.19,16.4 %,38.8 %,44.8 %,0.1,17490
Derek Law,Blue Jays,58,4,1,2,5,60.2,4.9,1.66,0.252,9.94,5.93,1.19,23.5 %,14.0 %,9.5 %,11.4 %,0.317,73.3 %,4.85,4.8,4.82,22.3 %,38.9 %,38.9 %,0,13133
J.A. Happ,Yankees,31,30,12,8,0,161.1,4.91,1.3,0.256,7.81,2.73,1.9,20.7 %,7.2 %,13.4 %,10.3 %,0.28,75.7 %,5.22,4.78,4.72,18.3 %,41.7 %,40.0 %,1.3,7410
Andrew Heaney,Angels,18,18,4,6,0,95.1,4.91,1.29,0.25,11.14,2.83,1.89,28.9 %,7.3 %,21.5 %,14.2 %,0.312,75.5 %,4.63,4.18,3.87,15.0 %,37.4 %,47.6 %,1.2,15423
Dario Agrazal,Pirates,15,14,4,5,0,73.1,4.91,1.36,0.28,5.03,2.21,1.84,12.8 %,5.6 %,7.2 %,6.4 %,0.283,75.3 %,5.9,5.9,5.54,18.3 %,49.6 %,32.1 %,-0.1,15821
Vince Velasquez,Phillies,33,23,7,8,0,117.1,4.91,1.39,0.259,9.97,3.3,1.99,25.2 %,8.3 %,16.9 %,11.2 %,0.305,76.0 %,5.21,4.75,4.36,12.6 %,39.9 %,47.5 %,0.6,11189
Blake Treinen,Athletics,57,0,6,5,16,58.2,4.91,1.62,0.254,9.05,5.68,1.38,22.2 %,13.9 %,8.3 %,12.5 %,0.306,75.5 %,5.14,5.01,5.01,18.3 %,45.0 %,36.7 %,-0.3,12572
Tim Mayza,Blue Jays,68,0,1,3,0,51.1,4.91,1.4,0.226,9.64,4.73,1.4,24.2 %,11.9 %,12.3 %,14.1 %,0.272,71.2 %,4.73,4.1,4.3,16.8 %,46.2 %,37.1 %,0,15042
Asher Wojciechowski,Orioles,17,16,4,8,0,82.1,4.92,1.31,0.247,8.74,3.06,1.86,22.2 %,7.8 %,14.4 %,11.5 %,0.278,76.2 %,5.3,5.61,4.82,18.0 %,46.3 %,35.7 %,0.9,10836
Shawn Kelley,Rangers,50,0,5,2,11,47.1,4.94,1.39,0.286,8.18,2.09,2.28,21.0 %,5.4 %,15.6 %,11.6 %,0.314,80.1 %,5.52,4.99,4.3,17.5 %,38.3 %,44.3 %,-0.2,7773
Mike Montgomery,- - -,33,13,3,9,0,91,4.95,1.62,0.31,6.82,3.36,1.78,17.2 %,8.5 %,8.7 %,9.2 %,0.343,76.3 %,5.52,4.61,4.9,13.3 %,40.8 %,45.9 %,-0.2,4869
CC Sabathia,Yankees,23,22,5,8,0,107.1,4.95,1.41,0.263,8.97,3.27,2.26,22.9 %,8.3 %,14.5 %,11.4 %,0.291,77.5 %,5.66,4.73,4.6,18.9 %,43.4 %,37.7 %,0.4,404
Kyle Crick,Pirates,52,0,3,7,0,49,4.96,1.55,0.223,11.2,6.43,1.84,27.0 %,15.5 %,11.5 %,12.4 %,0.274,76.8 %,5.95,5.33,4.74,22.8 %,47.2 %,30.1 %,-0.7,13182
Kolby Allard,Rangers,9,9,4,2,0,45.1,4.96,1.57,0.278,6.55,3.77,0.6,15.9 %,9.1 %,6.7 %,8.0 %,0.325,68.3 %,4.01,5.08,5.37,16.3 %,46.4 %,37.3 %,1.1,18694
Pedro Strop,Cubs,50,0,2,5,10,41.2,4.97,1.27,0.216,10.58,4.32,1.3,27.5 %,11.2 %,16.3 %,13.6 %,0.276,68.6 %,4.53,4.19,3.94,13.5 %,52.9 %,33.7 %,0,4070
Ryan Tepera,Blue Jays,23,1,0,2,0,21.2,4.98,1.29,0.241,5.82,3.32,2.08,15.4 %,8.8 %,6.6 %,12.9 %,0.234,76.2 %,6.03,5.23,5.17,15.9 %,42.0 %,42.0 %,-0.2,10291
Dan Winkler,Braves,27,0,3,1,0,21.2,4.98,1.34,0.222,9.14,4.57,2.08,23.7 %,11.8 %,11.8 %,14.8 %,0.241,69.6 %,5.84,5.05,4.65,20.3 %,40.7 %,39.0 %,-0.3,12237
Zach Duke,Reds,30,0,3,1,0,23.1,5.01,1.67,0.244,6.94,6.94,1.54,17.0 %,17.0 %,0.0 %,7.4 %,0.266,79.1 %,6.47,5.69,6,16.2 %,48.5 %,35.3 %,-0.4,3840
Jeremy Jeffress,Brewers,48,0,3,4,1,52,5.02,1.37,0.266,7.96,2.94,0.87,20.4 %,7.6 %,12.9 %,9.5 %,0.322,63.8 %,3.96,4.4,4.21,21.0 %,44.6 %,34.4 %,0.3,9490
Elieser Hernandez,Marlins,21,15,3,5,0,82.1,5.03,1.24,0.239,9.29,2.84,2.19,24.1 %,7.4 %,16.7 %,11.6 %,0.263,74.7 %,5.58,5.13,4.43,18.5 %,41.6 %,39.9 %,0.1,16933
Patrick Sandoval,Angels,10,9,0,4,0,39.1,5.03,1.37,0.235,9.61,4.35,1.37,24.9 %,11.2 %,13.6 %,13.5 %,0.287,70.8 %,4.59,4.02,4.56,8.4 %,45.8 %,45.8 %,0.3,19447
D.J. Johnson,Rockies,28,0,0,2,0,25,5.04,1.68,0.245,8.64,6.84,0.36,20.7 %,16.4 %,4.3 %,11.3 %,0.319,71.1 %,4.45,5.76,5.56,20.0 %,44.3 %,35.7 %,0.2,12578
Luis Avilan,Mets,45,0,4,0,0,32,5.06,1.47,0.266,8.44,3.94,1.41,21.3 %,9.9 %,11.4 %,11.2 %,0.315,74.4 %,4.96,4.61,4.46,19.2 %,52.1 %,28.7 %,-0.1,2882
Tyler Beede,Giants,24,22,5,10,0,117,5.08,1.48,0.269,8.69,3.54,1.69,21.6 %,8.8 %,12.8 %,11.2 %,0.312,73.4 %,5.03,4.63,4.71,12.5 %,41.0 %,46.5 %,0.2,16981
Ryan Weber,Red Sox,18,3,2,4,0,40.2,5.09,1.38,0.282,6.42,1.77,1.11,16.0 %,4.4 %,11.6 %,5.9 %,0.316,65.4 %,4.2,4.56,4.42,24.1 %,47.5 %,28.4 %,0.3,10160
Pablo Lopez,Marlins,21,21,5,8,0,111.1,5.09,1.24,0.258,7.68,2.18,1.21,20.3 %,5.8 %,14.5 %,10.3 %,0.299,66.4 %,4.28,4.37,4.44,17.6 %,45.8 %,36.6 %,1.6,17085
Martin Perez,Twins,32,29,10,7,0,165.1,5.12,1.52,0.276,7.35,3.65,1.25,18.3 %,9.1 %,9.2 %,9.9 %,0.316,67.6 %,4.66,4.69,5.01,17.3 %,47.6 %,35.2 %,1.9,6902
Matt Albers,Brewers,67,0,8,6,4,59.2,5.13,1.37,0.235,8.6,4.37,1.21,22.1 %,11.2 %,10.9 %,9.4 %,0.28,69.1 %,4.66,4.55,4.52,21.3 %,46.8 %,32.0 %,0,4300
Tyler Mahle,Reds,25,25,3,12,0,129.2,5.14,1.31,0.264,8.95,2.36,1.74,23.2 %,6.1 %,17.1 %,9.4 %,0.307,66.7 %,4.66,3.99,4.16,14.5 %,49.4 %,36.2 %,1.4,16358
Brendan McKay,Rays,13,11,2,4,0,49,5.14,1.41,0.265,10.29,2.94,1.47,25.9 %,7.4 %,18.5 %,10.8 %,0.331,64.0 %,4.03,4.38,4.17,13.2 %,44.4 %,42.4 %,0.8,20186
Cal Quantrill,Padres,23,18,6,8,0,103,5.16,1.3,0.257,7.78,2.45,1.31,20.1 %,6.3 %,13.8 %,9.9 %,0.295,65.5 %,4.28,4.53,4.58,15.5 %,43.0 %,41.5 %,1.3,19312
Steven Brault,Pirates,25,19,4,6,0,113.1,5.16,1.5,0.263,7.94,4.21,1.19,19.8 %,10.5 %,9.3 %,9.9 %,0.309,69.2 %,4.76,5.04,5.1,17.7 %,43.9 %,38.4 %,1.1,15291
Chris Archer,Pirates,23,23,3,9,0,119.2,5.19,1.41,0.244,10.75,4.14,1.88,27.2 %,10.5 %,16.7 %,12.9 %,0.298,72.5 %,5.02,4.36,4.38,16.4 %,43.5 %,40.1 %,0.7,6345
Carlos Rodon,White Sox,7,7,3,2,0,34.2,5.19,1.44,0.236,11.94,4.41,1.04,29.1 %,10.8 %,18.4 %,12.1 %,0.322,63.9 %,3.62,4.13,4.19,14.9 %,48.9 %,36.2 %,0.9,16137
Jose Urena,Marlins,24,13,4,10,3,84.2,5.21,1.48,0.29,6.59,2.76,1.38,16.8 %,7.1 %,9.8 %,9.8 %,0.323,68.0 %,4.74,4.6,4.84,13.6 %,43.0 %,43.4 %,0.6,11589
Brian Flynn,Royals,11,1,2,2,0,29.1,5.22,1.88,0.319,6.75,5.22,0.61,15.8 %,12.2 %,3.6 %,7.6 %,0.379,72.5 %,4.65,5.59,5.52,15.5 %,41.2 %,43.3 %,0,12027
Logan Webb,Giants,8,8,2,3,0,39.2,5.22,1.46,0.277,8.39,3.18,1.13,21.3 %,8.1 %,13.2 %,8.9 %,0.333,65.4 %,4.12,3.89,4.45,17.2 %,40.2 %,42.6 %,0.5,17995
Jakob Junis,Royals,31,31,9,14,0,175.1,5.24,1.43,0.274,8.42,2.98,1.59,21.3 %,7.5 %,13.8 %,9.8 %,0.318,70.3 %,4.82,4.63,4.63,12.5 %,44.9 %,42.6 %,1.5,13619
Lou Trivino,Athletics,61,0,4,6,0,60,5.25,1.53,0.26,8.55,4.65,1.05,21.2 %,11.5 %,9.7 %,12.5 %,0.316,64.6 %,4.53,5.27,4.81,21.9 %,42.7 %,35.4 %,0.3,15043
Chi Chi Gonzalez,Rockies,14,12,2,6,0,63,5.29,1.46,0.242,6.57,4.71,1.57,16.6 %,11.9 %,4.7 %,8.4 %,0.257,69.6 %,5.64,5.33,5.71,17.2 %,46.0 %,36.9 %,0.3,14663
Carlos Carrasco,Indians,23,12,6,7,1,80,5.29,1.35,0.285,10.8,1.8,2.03,28.2 %,4.7 %,23.5 %,14.9 %,0.354,73.1 %,4.41,3.5,3.53,15.9 %,44.1 %,40.1 %,0.9,6632
Freddy Peralta,Brewers,39,8,7,3,1,85,5.29,1.46,0.254,12.18,3.92,1.59,30.1 %,9.7 %,20.4 %,13.0 %,0.338,64.8 %,4.18,4.15,3.8,17.5 %,43.9 %,38.6 %,0.9,18679
Taylor Clarke,Diamondbacks,23,15,5,5,1,84.2,5.31,1.37,0.258,7.23,3.19,2.44,18.4 %,8.1 %,10.3 %,9.9 %,0.26,74.6 %,6.41,5.56,5.05,15.9 %,45.3 %,38.9 %,-0.7,17611
Adam Warren,Padres,25,0,4,1,0,28.2,5.34,1.4,0.252,7.85,3.77,2.83,20.2 %,9.7 %,10.5 %,10.1 %,0.247,81.0 %,6.91,4.98,4.68,14.0 %,45.4 %,40.7 %,-0.8,9029
Paul Fry,Orioles,66,0,1,9,3,57.1,5.34,1.45,0.245,8.63,4.55,1.1,21.6 %,11.4 %,10.2 %,10.1 %,0.297,63.1 %,4.71,4.41,4.38,20.0 %,53.9 %,26.1 %,0.3,15832
Elvis Luciano,Blue Jays,25,0,1,0,0,33.2,5.35,1.78,0.273,7.22,6.42,1.07,17.0 %,15.1 %,1.9 %,10.2 %,0.317,74.9 %,5.56,6.5,5.9,8.6 %,49.5 %,41.9 %,-0.2,20632
Robbie Erlin,Padres,37,1,0,1,0,55.1,5.37,1.57,0.306,8.46,2.44,0.98,20.7 %,6.0 %,14.7 %,10.2 %,0.373,65.3 %,3.61,4.14,4.07,18.0 %,38.3 %,43.7 %,0.5,10354
Richard Bleier,Orioles,53,1,3,0,4,55.1,5.37,1.32,0.291,4.88,1.3,0.98,12.8 %,3.4 %,9.4 %,8.1 %,0.316,62.7 %,4.19,4.18,3.98,16.6 %,56.0 %,27.5 %,0.6,7803
Dillon Peters,Angels,17,12,4,4,0,72,5.38,1.54,0.287,6.88,3.25,2.25,16.8 %,8.0 %,8.9 %,9.1 %,0.3,72.7 %,6.23,5.52,5.2,16.2 %,39.0 %,44.8 %,-0.5,18790
Bryan Shaw,Rockies,70,0,3,2,1,72,5.38,1.36,0.249,7.25,3.63,1.5,18.7 %,9.3 %,9.3 %,10.6 %,0.275,68.5 %,5.19,4.87,4.67,13.2 %,51.1 %,35.6 %,-0.1,8110
Trevor Williams,Pirates,26,26,7,9,0,145.2,5.38,1.41,0.277,6.98,2.72,1.67,17.8 %,6.9 %,10.9 %,10.4 %,0.303,68.5 %,5.12,5.25,5.08,18.4 %,48.7 %,32.8 %,1,16977
Reynaldo Lopez,White Sox,33,33,10,15,0,184,5.38,1.46,0.276,8.27,3.18,1.71,20.9 %,8.0 %,12.9 %,11.0 %,0.316,69.2 %,5.04,5.27,4.88,19.6 %,45.3 %,35.1 %,2.3,16400
Nick Pivetta,Phillies,30,13,4,6,1,93.2,5.38,1.52,0.272,8.55,3.75,1.92,21.1 %,9.3 %,11.9 %,10.1 %,0.309,69.5 %,5.47,4.58,4.73,18.7 %,41.5 %,39.8 %,0,15454
Brad Boxberger,Royals,29,0,1,3,1,26.2,5.4,1.58,0.24,9.11,5.74,1.01,22.1 %,13.9 %,8.2 %,11.3 %,0.297,69.6 %,4.68,5.45,5.07,19.5 %,49.4 %,31.2 %,0,10133
Neil Ramirez,- - -,22,1,0,1,0,25,5.4,1.64,0.268,8.64,5.4,2.52,21.4 %,13.4 %,8.0 %,13.9 %,0.288,80.1 %,6.73,6.44,5.47,24.7 %,39.7 %,35.6 %,-0.3,7677
Hector Velazquez,Red Sox,34,8,1,4,0,56.1,5.43,1.53,0.27,7.83,4.47,1.12,19.9 %,11.4 %,8.5 %,9.8 %,0.321,61.9 %,4.74,5.46,5.13,23.4 %,38.9 %,37.7 %,0.2,19341
Shaun Anderson,Giants,28,16,3,5,2,96,5.44,1.55,0.287,6.56,3.56,1.22,16.4 %,8.9 %,7.5 %,9.1 %,0.322,67.8 %,4.77,4.95,5.31,17.7 %,42.3 %,40.1 %,0.6,19453
Wes Parsons,- - -,32,0,1,2,0,34.2,5.45,1.76,0.254,6.75,7.53,1.56,16.6 %,18.5 %,-1.9 %,8.6 %,0.277,71.4 %,6.65,6,6.38,19.0 %,48.0 %,33.0 %,-0.7,14764
Yusei Kikuchi,Mariners,32,32,6,11,0,161.2,5.46,1.52,0.293,6.46,2.78,2,16.1 %,6.9 %,9.2 %,8.8 %,0.31,70.8 %,5.71,5.18,5.17,18.0 %,44.3 %,37.7 %,0.2,20633
Brad Brach,- - -,58,0,5,4,0,54.1,5.47,1.62,0.271,9.94,5.13,0.66,24.8 %,12.8 %,12.0 %,11.9 %,0.363,67.2 %,3.73,4.68,4.58,16.7 %,48.7 %,34.7 %,0.7,6627
David McKay,- - -,25,0,0,0,0,26.1,5.47,1.41,0.206,11.62,5.81,1.03,29.6 %,14.8 %,14.8 %,8.9 %,0.283,62.1 %,4.16,4.95,4.42,11.1 %,50.8 %,38.1 %,0.2,19814
Cy Sneed,Astros,8,0,0,1,0,21.1,5.48,1.45,0.295,9.7,2.11,2.11,24.7 %,5.4 %,19.4 %,10.8 %,0.35,75.0 %,4.81,3.44,3.53,13.9 %,41.5 %,44.6 %,0,16106
Joe Ross,Nationals,27,9,4,4,0,64,5.48,1.67,0.287,8.02,4.64,0.98,19.3 %,11.2 %,8.1 %,10.5 %,0.345,69.2 %,4.59,5.09,5.17,20.9 %,47.3 %,31.8 %,0.7,12972
Burch Smith,- - -,17,0,0,1,0,21.1,5.48,1.88,0.286,8.44,5.91,1.27,18.9 %,13.2 %,5.7 %,11.1 %,0.338,73.4 %,5.28,6.53,5.51,11.3 %,47.9 %,40.9 %,-0.1,12784
Justus Sheffield,Mariners,8,7,0,1,0,36,5.5,1.72,0.299,9.25,4.5,1.25,22.0 %,10.7 %,11.3 %,12.9 %,0.371,74.1 %,4.71,4.68,4.77,16.5 %,49.5 %,33.9 %,0.3,17285
Rick Porcello,Red Sox,32,32,14,12,0,174.1,5.52,1.39,0.276,7.38,2.32,1.6,18.6 %,5.9 %,12.8 %,8.0 %,0.308,65.7 %,4.76,5.14,4.86,20.1 %,45.7 %,34.2 %,1.8,2717
Dominic Leone,Cardinals,40,0,1,0,1,40.2,5.53,1.5,0.247,10.18,4.87,1.99,25.6 %,12.2 %,13.3 %,14.4 %,0.291,68.2 %,5.45,4.78,4.44,8.9 %,44.6 %,46.4 %,-0.3,13763
Hunter Strickland,- - -,28,0,2,1,2,24.1,5.55,1.23,0.234,6.66,2.96,2.22,17.1 %,7.6 %,9.5 %,11.5 %,0.229,73.2 %,6.3,6.03,5.01,21.1 %,51.3 %,27.6 %,-0.4,7836
Justin Anderson,Angels,54,0,3,0,1,47,5.55,1.57,0.228,11.49,6.13,1.15,27.7 %,14.8 %,12.9 %,12.3 %,0.305,64.6 %,4.43,4.8,4.56,13.7 %,46.8 %,39.5 %,0.3,16201
Yency Almonte,Rockies,28,0,0,1,0,34,5.56,1.56,0.275,7.68,3.71,1.85,18.5 %,8.9 %,9.6 %,10.7 %,0.302,72.4 %,5.51,5.64,4.94,21.2 %,36.3 %,42.5 %,-0.1,15068
Chris Stratton,- - -,35,5,1,3,0,76,5.57,1.66,0.299,8.17,3.91,1.54,20.1 %,9.6 %,10.5 %,10.6 %,0.349,70.5 %,4.92,4.82,4.79,17.4 %,44.8 %,37.8 %,0.2,13761
Clay Holmes,Pirates,35,0,1,2,0,50,5.58,1.62,0.231,10.08,6.48,0.9,23.3 %,15.0 %,8.3 %,9.4 %,0.299,65.1 %,4.97,4.87,4.77,25.4 %,40.6 %,34.1 %,-0.1,13649
Edwin Diaz,Mets,66,0,2,7,26,58,5.59,1.38,0.254,15.36,3.41,2.33,39.0 %,8.7 %,30.3 %,18.0 %,0.377,76.2 %,4.51,3.07,2.63,16.3 %,35.7 %,48.1 %,0,14710
Matt Wisler,- - -,44,8,3,4,0,51.1,5.61,1.4,0.269,11.05,2.81,1.75,28.1 %,7.1 %,21.0 %,14.9 %,0.341,65.5 %,4.23,3.83,3.59,21.4 %,41.4 %,37.2 %,0.4,12804
Gabriel Ynoa,Orioles,36,13,1,10,0,110.2,5.61,1.37,0.279,5.45,2.11,2.36,14.0 %,5.4 %,8.5 %,9.2 %,0.273,68.2 %,6.2,5.4,5.1,14.3 %,49.7 %,35.9 %,-0.5,12938
Kyle Barraclough,- - -,43,0,1,2,0,33.2,5.61,1.75,0.27,10.69,5.61,2.41,24.4 %,12.8 %,11.6 %,12.9 %,0.315,76.5 %,6.36,5.25,4.65,15.8 %,41.6 %,42.6 %,-0.7,13713
Touki Toussaint,Braves,24,1,4,0,0,41.2,5.62,1.68,0.267,9.72,5.62,1.08,22.7 %,13.1 %,9.6 %,11.9 %,0.339,70.0 %,4.99,5.63,4.87,15.8 %,50.0 %,34.2 %,-0.2,16929
Jose Ruiz,White Sox,40,1,1,4,0,40,5.63,2,0.326,7.88,5.4,1.35,17.7 %,12.1 %,5.6 %,10.5 %,0.382,74.7 %,5.36,6.1,5.39,23.5 %,49.3 %,27.2 %,0,14552
Dereck Rodriguez,Giants,28,16,6,11,0,99,5.64,1.45,0.269,6.45,3.27,1.91,16.2 %,8.2 %,8.0 %,8.3 %,0.282,61.8 %,5.69,5.14,5.23,13.3 %,44.2 %,42.4 %,-0.6,14509
Matthew Festa,Mariners,20,0,0,2,0,22.1,5.64,1.43,0.23,8.46,4.84,2.01,20.8 %,11.9 %,8.9 %,10.1 %,0.246,70.4 %,6.12,5.62,4.96,18.5 %,46.2 %,35.4 %,-0.3,19330
Aaron Brooks,- - -,29,18,6,8,0,110,5.65,1.38,0.269,6.71,2.78,1.72,17.0 %,7.1 %,10.0 %,8.2 %,0.29,67.9 %,5.4,5.35,5.01,16.9 %,46.4 %,36.8 %,0.4,12272
Trey Wingenter,Padres,51,1,1,3,1,51,5.65,1.22,0.184,12.71,4.94,0.88,33.0 %,12.8 %,20.2 %,15.5 %,0.269,58.3 %,3.61,4.09,3.73,18.6 %,41.6 %,39.8 %,0.7,17793
Fernando Rodney,- - -,55,0,0,5,2,47.2,5.66,1.62,0.269,9.25,5.29,0.94,23.3 %,13.3 %,10.0 %,11.0 %,0.344,65.7 %,4.28,4.51,4.69,18.8 %,49.6 %,31.6 %,0.4,494
Nestor Cortes,Yankees,33,1,5,1,0,66.2,5.67,1.55,0.279,9.32,3.78,2.16,23.2 %,9.4 %,13.8 %,10.5 %,0.321,73.5 %,5.57,5.04,4.41,21.0 %,40.5 %,38.5 %,-0.3,17874
Wandy Peralta,- - -,47,0,1,1,0,39.2,5.67,1.41,0.26,7.26,3.63,2.5,18.6 %,9.3 %,9.3 %,14.9 %,0.261,77.5 %,6.57,4.72,4.63,14.8 %,50.8 %,34.4 %,-0.7,14295
Jeurys Familia,Mets,66,0,4,2,0,60,5.7,1.73,0.271,9.45,6.3,1.05,23.0 %,15.3 %,7.7 %,10.7 %,0.346,70.0 %,4.88,4.99,5.05,15.7 %,48.8 %,35.5 %,-0.2,5114
Jerad Eickhoff,Phillies,12,10,3,4,1,58.1,5.71,1.3,0.258,7.87,2.78,2.78,20.8 %,7.4 %,13.5 %,10.9 %,0.256,77.7 %,6.51,5.15,4.79,16.7 %,38.5 %,44.8 %,-0.4,12664
Wade LeBlanc,Mariners,26,8,6,7,0,121.1,5.71,1.45,0.29,6.82,2.3,2.08,17.3 %,5.8 %,11.5 %,9.7 %,0.308,70.4 %,5.49,5.1,4.73,13.5 %,51.5 %,35.1 %,-0.4,5221
Brad Wieck,- - -,44,0,2,2,0,34.2,5.71,1.18,0.212,12.72,3.38,2.08,33.1 %,8.8 %,24.3 %,12.0 %,0.267,64.0 %,4.77,4.12,3.26,10.8 %,41.0 %,48.2 %,-0.1,16390
Kevin Gausman,- - -,31,17,3,9,0,102.1,5.72,1.42,0.273,10.03,2.81,1.32,25.3 %,7.1 %,18.2 %,14.9 %,0.344,61.2 %,3.98,4.05,4.1,14.3 %,45.7 %,40.0 %,1.6,14107
Pedro Payano,Rangers,6,4,1,2,0,22,5.73,1.86,0.299,6.95,6.14,1.23,16.5 %,14.6 %,1.9 %,11.0 %,0.343,66.1 %,5.62,5.66,5.98,17.1 %,41.4 %,41.4 %,0,18313
Erik Swanson,Mariners,27,8,1,5,2,58,5.74,1.17,0.242,8.07,1.86,2.64,21.2 %,4.9 %,16.3 %,9.4 %,0.241,62.8 %,5.96,4.68,4.29,10.6 %,55.9 %,33.5 %,-0.3,16587
Shawn Armstrong,- - -,55,0,1,1,4,58,5.74,1.64,0.277,9.78,4.5,1.24,23.3 %,10.7 %,12.6 %,11.9 %,0.347,69.5 %,4.54,5.42,4.6,17.7 %,45.1 %,37.1 %,0.6,12857
Jose Quijada,Marlins,34,0,2,3,1,29.2,5.76,1.79,0.237,13.35,7.89,3.03,30.6 %,18.1 %,12.5 %,14.2 %,0.283,86.1 %,7.66,5.23,4.76,21.4 %,32.9 %,45.7 %,-1.1,19200
Robert Dugger,Marlins,7,7,0,4,0,34.1,5.77,1.46,0.246,6.55,4.46,1.57,16.0 %,10.9 %,5.1 %,9.3 %,0.262,62.2 %,5.95,6.17,5.78,11.0 %,44.0 %,45.0 %,-0.1,19191
Edgar Garcia,Phillies,37,0,2,0,0,39,5.77,1.64,0.26,10.38,6,2.54,26.2 %,15.1 %,11.1 %,12.7 %,0.3,80.3 %,6.57,5.51,4.87,11.9 %,40.6 %,47.5 %,-0.6,19276
Gregory Soto,Tigers,33,7,0,5,0,57.2,5.77,1.86,0.305,7.02,5.15,1.4,16.3 %,12.0 %,4.4 %,8.1 %,0.344,72.0 %,5.4,5.65,5.52,17.2 %,37.9 %,45.0 %,-0.1,19677
Andrew Suarez,Giants,21,2,0,2,0,32.2,5.79,1.62,0.293,6.89,3.86,1.93,16.9 %,9.5 %,7.4 %,7.8 %,0.317,70.1 %,5.85,4.95,4.96,13.9 %,45.4 %,40.7 %,-0.4,18300
Dylan Cease,White Sox,14,14,4,7,0,73,5.79,1.55,0.27,9.99,4.32,1.85,24.9 %,10.7 %,14.1 %,11.1 %,0.326,68.1 %,5.19,4.42,4.6,17.8 %,51.9 %,30.3 %,0.7,18525
Wily Peralta,Royals,42,0,2,4,2,40.1,5.8,1.59,0.29,5.36,4.24,1.56,13.6 %,10.8 %,2.8 %,8.5 %,0.306,67.6 %,5.84,5.76,5.58,15.3 %,40.5 %,44.3 %,-0.4,7738
Corey Kluber,Indians,7,7,2,3,0,35.2,5.8,1.65,0.293,9.59,3.79,1.01,22.6 %,8.9 %,13.7 %,12.3 %,0.37,63.8 %,4.06,4.88,4.68,17.0 %,45.5 %,37.5 %,0.6,2429
Alex Wood,Reds,7,7,1,3,0,35.2,5.8,1.4,0.287,7.57,2.27,2.78,19.6 %,5.9 %,13.7 %,10.8 %,0.294,73.0 %,6.38,4.44,4.67,12.4 %,43.4 %,44.3 %,-0.2,13781
Josh A. Smith,Red Sox,18,2,0,3,1,31,5.81,1.42,0.281,8.42,2.32,2.9,20.9 %,5.8 %,15.1 %,12.1 %,0.292,75.8 %,6.6,4.91,4.3,20.2 %,42.4 %,37.4 %,-0.4,10946
Taylor Guerrieri,Rangers,20,0,0,0,0,26.1,5.81,1.82,0.263,9.23,7.52,1.03,22.0 %,17.9 %,4.1 %,7.5 %,0.333,67.7 %,5.38,5.41,5.53,16.7 %,44.4 %,38.9 %,-0.1,13616
Ariel Jurado,Rangers,32,18,7,11,0,122.1,5.81,1.5,0.295,5.96,2.65,1.54,15.0 %,6.7 %,8.3 %,7.3 %,0.318,59.3 %,5.1,5,5.1,14.3 %,39.8 %,46.0 %,0.9,17030
Cole Irvin,Phillies,16,3,2,1,1,41.2,5.83,1.39,0.273,6.7,2.81,1.51,17.1 %,7.2 %,9.9 %,9.6 %,0.299,64.5 %,5.06,5.03,4.95,17.2 %,36.6 %,46.3 %,0.1,19244
Framber Valdez,Astros,26,8,4,7,0,70.2,5.86,1.67,0.263,8.66,5.6,1.15,20.7 %,13.4 %,7.3 %,10.6 %,0.319,64.9 %,4.98,4.31,4.75,21.1 %,40.9 %,38.0 %,0.1,17295
Adrian Sampson,Rangers,35,15,6,8,0,125.1,5.89,1.53,0.301,7.25,2.59,2.08,17.9 %,6.4 %,11.6 %,9.5 %,0.327,71.7 %,5.69,5.33,4.84,15.6 %,36.5 %,48.0 %,0.3,13339
Aaron Sanchez,- - -,27,27,5,14,0,131.1,5.89,1.62,0.276,7.88,4.66,1.37,19.0 %,11.2 %,7.8 %,8.9 %,0.32,67.4 %,5.25,5.15,5.28,17.3 %,42.9 %,39.8 %,0.8,11490
Drew VerHagen,Tigers,22,4,4,3,0,58,5.9,1.6,0.303,7.91,3.57,1.4,19.8 %,8.9 %,10.9 %,9.4 %,0.357,67.5 %,4.87,4.67,4.55,17.2 %,42.8 %,40.0 %,0.2,13424
Taylor Cole,Angels,38,6,3,4,0,51.2,5.92,1.59,0.283,8.71,4.18,0.35,21.7 %,10.4 %,11.3 %,11.9 %,0.366,60.3 %,3.29,4.1,4.41,21.3 %,42.6 %,36.1 %,0.9,11964
Branden Kline,Orioles,34,0,1,4,0,41,5.93,1.54,0.27,7.46,4.17,1.98,18.6 %,10.4 %,8.2 %,10.0 %,0.292,70.0 %,5.87,5.15,4.98,22.7 %,36.7 %,40.6 %,-0.2,14101
Clayton Richard,Blue Jays,10,10,1,5,0,45.1,5.96,1.57,0.296,4.37,3.57,1.79,11.0 %,9.0 %,2.0 %,6.2 %,0.297,67.3 %,6.28,5.32,5.56,20.4 %,40.8 %,38.9 %,-0.2,3551
Zack Godley,- - -,33,9,4,5,2,92,5.97,1.5,0.267,6.85,4.11,1.37,17.2 %,10.3 %,6.9 %,10.1 %,0.297,65.6 %,5.2,5.43,5.27,16.3 %,45.0 %,38.8 %,-0.1,14862
Trevor Cahill,Angels,37,11,4,9,0,102.1,5.98,1.47,0.271,7.12,3.43,2.2,17.8 %,8.6 %,9.2 %,10.0 %,0.283,70.3 %,6.13,5.11,4.95,16.1 %,38.6 %,45.3 %,-0.8,6249
Nathan Eovaldi,Red Sox,23,12,2,1,0,67.2,5.99,1.58,0.273,9.31,4.66,2.13,23.2 %,11.6 %,11.6 %,10.6 %,0.315,73.1 %,5.9,4.89,4.86,15.5 %,47.4 %,37.1 %,-0.3,9132
Reggie McClain,Mariners,14,2,1,1,0,21,6,1.67,0.268,4.71,5.57,0.86,11.6 %,13.7 %,-2.1 %,6.8 %,0.29,65.2 %,5.26,4.69,5.18,14.1 %,49.3 %,36.6 %,-0.1,19311
Jhoulys Chacin,- - -,25,24,3,12,0,103.1,6.01,1.56,0.274,8.8,4.01,2.18,21.5 %,9.8 %,11.7 %,8.1 %,0.307,71.0 %,5.88,5.03,4.94,16.7 %,36.5 %,46.9 %,-0.1,2608
Glenn Sparkman,Royals,31,23,4,11,0,136,6.02,1.51,0.293,5.36,2.71,1.99,13.4 %,6.8 %,6.6 %,7.5 %,0.299,68.1 %,5.93,5.81,5.59,12.3 %,46.0 %,41.6 %,-0.5,15200
Brian Johnson,Red Sox,21,7,1,3,0,40.1,6.02,1.88,0.312,6.92,5.13,1.34,16.1 %,11.9 %,4.2 %,8.4 %,0.353,69.5 %,5.32,6.15,5.75,14.4 %,43.2 %,42.5 %,0,14272
Tanner Anderson,Athletics,5,5,0,3,0,22.1,6.04,1.66,0.306,7.25,2.82,1.61,17.1 %,6.7 %,10.5 %,7.1 %,0.342,66.9 %,4.87,4.41,4.68,19.0 %,32.9 %,48.1 %,0.2,18029
Chad Bettis,Rockies,39,3,1,6,1,63.2,6.08,1.55,0.299,5.94,2.97,1.41,14.6 %,7.3 %,7.3 %,9.4 %,0.325,63.3 %,5.16,4.49,4.38,17.8 %,43.4 %,38.8 %,0.1,10587
Derek Holland,- - -,51,8,2,5,0,84.1,6.08,1.51,0.251,8.75,4.8,2.13,21.8 %,12.0 %,9.8 %,11.1 %,0.276,68.0 %,6.1,5.25,4.98,15.1 %,41.2 %,43.7 %,-1,4141
Tyson Ross,Tigers,7,7,1,5,0,35.1,6.11,1.67,0.287,6.37,4.58,1.78,15.4 %,11.1 %,4.3 %,7.1 %,0.306,63.8 %,5.99,5.16,5.54,19.5 %,40.7 %,39.8 %,0,7872
Phil Maton,- - -,30,0,0,0,0,36.2,6.14,1.36,0.255,8.1,2.95,1.72,20.3 %,7.4 %,12.9 %,11.7 %,0.284,59.2 %,5.04,4.46,4.29,12.9 %,52.6 %,34.5 %,-0.2,18064
Kelvin Herrera,White Sox,57,0,3,3,1,51.1,6.14,1.62,0.284,9.29,4.03,1.4,22.6 %,9.8 %,12.8 %,11.7 %,0.347,65.9 %,4.58,4.84,4.46,19.6 %,51.9 %,28.5 %,0.4,6033
Thomas Pannone,Blue Jays,37,7,3,6,0,73,6.16,1.42,0.253,8.51,3.82,1.6,21.2 %,9.5 %,11.7 %,10.9 %,0.291,64.3 %,5.16,5.54,4.8,13.7 %,46.1 %,40.2 %,0,17281
Logan Allen,- - -,9,4,2,3,0,27.2,6.18,1.77,0.321,5.53,4.23,1.3,13.4 %,10.2 %,3.2 %,10.2 %,0.352,68.3 %,5.49,5.05,5.48,14.7 %,39.0 %,46.3 %,0,18555
Lewis Thorpe,Twins,12,2,3,2,0,27.2,6.18,1.73,0.333,10.08,3.25,0.98,25.0 %,8.1 %,16.9 %,11.8 %,0.438,66.2 %,3.47,4.14,4.07,18.1 %,42.2 %,39.8 %,0.7,15906
Chad Sobotka,Braves,32,0,0,0,0,29,6.21,1.62,0.25,11.79,5.9,1.86,28.4 %,14.2 %,14.2 %,15.3 %,0.324,67.3 %,5.56,4.65,4.37,13.5 %,39.2 %,47.3 %,-0.3,17470
Jeremy Hellickson,Nationals,9,8,2,3,0,39,6.23,1.72,0.29,6.92,4.62,2.08,16.4 %,10.9 %,5.5 %,6.1 %,0.309,66.8 %,6.29,5.99,5.72,27.3 %,40.9 %,31.8 %,-0.1,4371
Drew Smyly,- - -,25,21,4,7,1,114,6.24,1.59,0.276,9.47,4.34,2.53,23.4 %,10.7 %,12.7 %,10.7 %,0.308,72.4 %,6.26,5.21,4.86,13.1 %,41.5 %,45.4 %,-0.3,11760
Carson Fulmer,White Sox,20,2,1,2,0,27.1,6.26,1.68,0.236,8.23,6.59,1.65,18.8 %,15.0 %,3.8 %,10.8 %,0.263,64.3 %,6.29,6.02,5.63,15.3 %,50.6 %,34.1 %,-0.2,18311
Tayron Guerrero,Marlins,52,0,1,2,0,46,6.26,1.7,0.241,8.41,7.04,1.37,19.9 %,16.7 %,3.2 %,13.3 %,0.282,67.4 %,6.06,6.33,5.75,16.0 %,39.7 %,44.3 %,-0.6,11691
Cody Allen,Angels,25,0,0,2,4,23,6.26,1.91,0.25,11.35,7.83,3.52,25.0 %,17.2 %,7.8 %,9.6 %,0.259,89.2 %,8.39,7.02,5.63,13.6 %,31.8 %,54.6 %,-0.7,12183
Jonathan Holder,Yankees,34,1,5,2,0,41.1,6.31,1.31,0.256,10.02,2.4,1.74,25.4 %,6.1 %,19.3 %,11.8 %,0.307,53.6 %,4.45,4.43,3.74,22.1 %,40.2 %,37.7 %,0.4,16588
JT Chargois,Dodgers,21,0,1,0,0,21.1,6.33,1.22,0.259,11.81,2.11,1.69,31.8 %,5.7 %,26.1 %,16.4 %,0.347,53.6 %,4.01,2.88,2.85,20.8 %,37.7 %,41.5 %,0.1,13767
Jorge Lopez,Royals,39,18,4,9,1,123.2,6.33,1.47,0.282,7.93,3.06,1.96,19.9 %,7.7 %,12.2 %,8.8 %,0.314,63.6 %,5.55,4.82,4.65,14.0 %,46.8 %,39.3 %,-0.2,14527
Matt Grace,Nationals,51,1,1,2,0,46.2,6.36,1.52,0.314,6.75,1.93,2.12,17.0 %,4.9 %,12.1 %,8.5 %,0.338,67.7 %,5.55,4.36,4.27,10.7 %,50.9 %,38.4 %,-0.4,11449
Kohl Stewart,Twins,9,2,2,2,0,25.1,6.39,1.46,0.29,3.55,2.84,1.78,9.2 %,7.3 %,1.8 %,8.1 %,0.282,64.5 %,6.06,5.45,5.68,15.6 %,45.6 %,38.9 %,-0.2,15502
Jeffrey Springs,Rangers,25,0,4,1,0,32.1,6.4,1.89,0.288,8.91,6.4,1.11,20.7 %,14.8 %,5.8 %,12.5 %,0.354,68.6 %,4.98,6.14,5.57,14.1 %,52.5 %,33.3 %,0.1,17677
Felix Hernandez,Mariners,15,15,1,8,0,71.2,6.4,1.53,0.289,7.16,3.14,2.13,17.5 %,7.7 %,9.9 %,8.6 %,0.309,62.9 %,6,5.17,5.02,13.9 %,45.6 %,40.5 %,-0.1,4772
Jaime Barria,Angels,19,13,4,10,0,82.2,6.42,1.44,0.274,8.17,2.94,2.61,20.6 %,7.4 %,13.2 %,9.3 %,0.287,68.7 %,6.23,5.32,4.78,11.5 %,46.4 %,42.2 %,-0.6,18356
Dillon Tate,Orioles,16,0,0,2,0,21,6.43,1.29,0.228,8.57,3.86,1.29,21.5 %,9.7 %,11.8 %,7.7 %,0.268,61.2 %,5.17,4.82,4.2,20.3 %,55.9 %,23.7 %,0,17796
Evan Phillips,Orioles,25,0,0,1,0,28,6.43,1.86,0.278,12.86,6.43,0.64,28.6 %,14.3 %,14.3 %,11.3 %,0.411,68.3 %,3.96,4.6,4.37,17.3 %,50.7 %,32.0 %,0.3,17734
Tom Eshelman,Orioles,10,4,1,2,0,36,6.5,1.61,0.309,5.5,2.75,3,13.4 %,6.7 %,6.7 %,6.7 %,0.297,66.4 %,7.33,5.92,5.53,10.8 %,53.1 %,36.2 %,-0.4,18361
Adam Conley,Marlins,60,0,2,11,2,60.2,6.53,1.73,0.303,7.86,4.3,1.48,18.7 %,10.3 %,8.5 %,10.5 %,0.351,67.0 %,5.19,5.41,4.97,14.7 %,45.7 %,39.6 %,-0.4,14457
Austin Davis,Phillies,14,0,0,0,0,20.2,6.53,1.74,0.272,10.45,6.1,2.61,24.5 %,14.3 %,10.2 %,10.8 %,0.314,78.4 %,7.13,5.48,4.85,12.3 %,42.1 %,45.6 %,-0.3,17117
Craig Kimbrel,Cubs,23,0,0,4,13,20.2,6.53,1.6,0.256,13.06,5.23,3.92,31.3 %,12.5 %,18.8 %,14.8 %,0.279,89.3 %,8,4.75,3.91,7.7 %,42.3 %,50.0 %,-1.1,6655
Jeff Hoffman,Rockies,15,15,2,6,0,70,6.56,1.59,0.278,8.74,4.37,2.7,21.6 %,10.8 %,10.8 %,9.3 %,0.298,74.8 %,6.8,5.43,5.11,16.8 %,43.1 %,40.2 %,-0.4,17432
Clay Buchholz,Blue Jays,12,12,2,5,0,59,6.56,1.49,0.304,5.95,2.44,1.98,15.4 %,6.3 %,9.1 %,9.4 %,0.319,63.6 %,5.62,5.18,5.2,23.9 %,37.6 %,38.6 %,0.1,3543
Wei-Yin Chen,Marlins,45,0,0,1,0,68.1,6.59,1.54,0.306,8.3,2.37,1.98,20.5 %,5.9 %,14.7 %,9.4 %,0.35,62.9 %,5.23,4.83,4.25,13.6 %,42.1 %,44.3 %,-0.4,13071
Ross Detwiler,White Sox,18,12,3,5,0,69.2,6.59,1.62,0.302,5.94,3.49,2.58,14.6 %,8.6 %,6.0 %,6.5 %,0.301,70.5 %,6.92,5.5,5.36,14.2 %,49.4 %,36.4 %,-0.6,2859
Adalberto Mejia,- - -,35,0,0,2,0,31.1,6.61,1.72,0.266,8.62,6.03,1.15,20.7 %,14.5 %,6.2 %,9.4 %,0.322,59.9 %,4.97,5.98,5.46,13.8 %,38.3 %,47.9 %,0,13188
Hector Santiago,- - -,19,2,1,1,0,33.2,6.68,1.9,0.298,10.69,5.88,2.14,24.5 %,13.5 %,11.0 %,11.1 %,0.366,72.0 %,5.89,5.52,4.89,16.8 %,43.6 %,39.6 %,-0.1,4026
Antonio Senzatela,Rockies,25,25,11,11,0,124.2,6.71,1.75,0.309,5.49,4.11,1.37,13.1 %,9.8 %,3.3 %,7.4 %,0.333,63.0 %,5.44,5.12,5.5,17.8 %,43.8 %,38.4 %,0.7,15488
Kyle Freeland,Rockies,22,22,3,11,0,104.1,6.73,1.58,0.292,6.81,3.36,2.16,16.7 %,8.3 %,8.5 %,9.6 %,0.308,62.1 %,5.99,5.07,5.19,15.6 %,43.9 %,40.5 %,0.1,16256
Nick Margevicius,Padres,17,12,2,6,0,57,6.79,1.61,0.303,6.63,3,1.89,16.0 %,7.2 %,8.8 %,9.6 %,0.326,62.7 %,5.64,4.96,5.13,16.1 %,46.7 %,37.2 %,-0.1,20395
Jimmy Yacabonis,Orioles,29,4,1,2,0,41,6.8,1.83,0.305,7.24,5.27,1.98,17.1 %,12.4 %,4.7 %,8.8 %,0.336,69.9 %,6.36,6.27,5.59,14.9 %,44.0 %,41.0 %,-0.3,15157
Jake Jewell,Angels,18,0,0,0,0,26.1,6.84,1.37,0.272,7.86,2.73,2.73,20.2 %,7.0 %,13.2 %,13.1 %,0.278,68.4 %,6.67,4,3.68,11.3 %,40.0 %,48.8 %,-0.4,16958
Marco Estrada,Athletics,5,5,0,2,0,23.2,6.85,1.31,0.242,4.18,3.04,2.66,10.4 %,7.6 %,2.8 %,7.6 %,0.208,62.0 %,7.52,8.3,7.29,27.4 %,33.3 %,39.3 %,-0.2,1118
Peter Fairbanks,- - -,21,0,2,3,2,21,6.86,1.67,0.281,12,4.29,2.14,28.3 %,10.1 %,18.2 %,13.2 %,0.357,53.6 %,5.07,3.68,3.78,18.0 %,29.5 %,52.5 %,0,17998
Jordan Zimmermann,Tigers,23,23,1,13,0,112,6.91,1.52,0.307,6.59,2.01,1.53,16.3 %,5.0 %,11.3 %,8.5 %,0.339,58.2 %,4.79,4.87,4.93,13.6 %,43.7 %,42.7 %,1.3,4505
Manny Banuelos,White Sox,16,8,3,4,0,50.2,6.93,1.84,0.299,7.82,5.86,2.13,18.7 %,14.0 %,4.7 %,9.2 %,0.331,71.2 %,6.57,6.04,5.81,15.3 %,54.1 %,30.6 %,-0.4,5365
Stephen Tarpley,Yankees,21,1,1,0,2,24.2,6.93,1.99,0.33,12.41,5.47,2.19,28.3 %,12.5 %,15.8 %,12.8 %,0.444,72.8 %,5.69,4.38,4.16,26.1 %,37.7 %,36.2 %,-0.1,15859
Jimmy Nelson,Brewers,10,3,0,2,0,22,6.95,1.91,0.291,10.64,6.95,1.64,24.8 %,16.2 %,8.6 %,10.1 %,0.375,67.7 %,5.8,5.34,5.31,13.3 %,46.7 %,40.0 %,-0.1,10547
Tyler Bashlor,Mets,24,0,0,3,0,22,6.95,1.73,0.244,8.18,6.95,2.45,19.4 %,16.5 %,2.9 %,9.9 %,0.25,71.0 %,7.26,6.88,5.95,13.6 %,48.5 %,37.9 %,-0.6,15203
A.J. Minter,Braves,36,0,3,4,5,29.1,7.06,2.01,0.293,10.74,7.06,0.92,23.8 %,15.7 %,8.2 %,14.0 %,0.388,66.3 %,4.61,5.32,5.12,17.1 %,37.5 %,45.5 %,-0.1,18655
David Hess,Orioles,23,14,1,10,0,80,7.09,1.55,0.282,7.65,3.38,3.15,18.6 %,8.2 %,10.4 %,8.5 %,0.278,61.1 %,7.26,5.67,5.17,12.8 %,43.4 %,43.8 %,-0.8,16130
Matt Harvey,Angels,12,12,3,5,0,59.2,7.09,1.54,0.269,5.88,4.37,1.96,14.7 %,10.9 %,3.8 %,9.1 %,0.275,61.2 %,6.35,5.45,5.81,9.2 %,48.2 %,42.6 %,-0.3,11713
Jose Suarez,Angels,19,15,2,6,0,81,7.11,1.64,0.301,8,3.67,2.56,19.2 %,8.8 %,10.4 %,10.8 %,0.325,68.6 %,6.72,5.71,5.09,15.4 %,36.9 %,47.7 %,-0.7,19911
Mitch Keller,Pirates,11,11,1,5,0,48,7.13,1.83,0.343,12.19,3,1.13,28.6 %,7.1 %,21.6 %,11.8 %,0.475,59.6 %,3.19,3.47,3.78,15.2 %,49.0 %,35.9 %,1.3,17594
Bryse Wilson,Braves,6,4,1,1,0,20,7.2,1.8,0.313,7.2,4.5,2.25,17.2 %,10.8 %,6.5 %,8.4 %,0.339,62.1 %,6.36,5.9,5.67,10.5 %,49.3 %,40.3 %,-0.2,19990
Peter Lambert,Rockies,19,19,3,7,0,89.1,7.25,1.74,0.315,5.74,3.63,1.81,13.6 %,8.6 %,5.0 %,7.1 %,0.333,64.1 %,5.97,5.29,5.51,18.4 %,42.1 %,39.6 %,0.1,17969
Kyle Dowdy,Rangers,13,1,2,1,0,22.1,7.25,1.97,0.286,6.85,7.25,1.61,15.5 %,16.4 %,-0.9 %,8.9 %,0.314,63.5 %,6.57,5.94,6.19,13.5 %,44.6 %,41.9 %,-0.3,19285
Nick Kingham,- - -,25,4,4,2,1,55.2,7.28,1.85,0.333,7.44,4.04,1.78,17.8 %,9.7 %,8.1 %,8.5 %,0.379,66.2 %,5.48,5.34,5.09,18.6 %,42.0 %,39.4 %,-0.2,11694
Yefry Ramirez,- - -,13,1,0,2,0,24.1,7.4,1.89,0.303,9.99,5.92,1.48,22.7 %,13.5 %,9.2 %,10.8 %,0.382,58.6 %,5.6,5.1,4.82,13.9 %,54.2 %,31.9 %,-0.1,15655
Brock Burke,Rangers,6,6,0,2,0,26.2,7.43,1.54,0.28,4.73,3.71,2.03,11.7 %,9.2 %,2.5 %,5.0 %,0.276,60.7 %,6.55,5.79,5.86,20.4 %,48.4 %,31.2 %,-0.1,17968
Jacob Barnes,- - -,33,1,1,5,0,32.2,7.44,1.78,0.261,8.82,6.06,1.93,20.0 %,13.8 %,6.3 %,9.4 %,0.293,58.1 %,6.06,5.22,5.18,17.9 %,42.5 %,39.6 %,-0.5,12323
Gerardo Reyes,Padres,27,0,4,0,0,26,7.62,1.35,0.233,13.15,3.81,1.04,32.5 %,9.4 %,23.1 %,15.7 %,0.339,47.3 %,3.41,4.43,3.38,15.4 %,46.2 %,38.5 %,0.3,16306
Richard Lovelady,Royals,25,0,0,3,0,20,7.65,1.9,0.345,7.65,3.6,0.9,17.7 %,8.3 %,9.4 %,6.9 %,0.412,60.8 %,4.16,4.75,4.58,11.4 %,45.7 %,42.9 %,0.1,19337
Matt Hall,Tigers,16,0,0,1,0,23.1,7.71,1.84,0.289,10.41,5.79,1.54,23.9 %,13.3 %,10.6 %,9.0 %,0.364,62.5 %,5.19,5,4.74,18.6 %,42.9 %,38.6 %,0,18076
Parker Markel,- - -,20,0,0,1,0,22,7.77,1.95,0.289,9.82,6.95,2.45,21.8 %,15.5 %,6.4 %,10.9 %,0.333,66.5 %,7.3,6.2,5.36,15.2 %,45.5 %,39.4 %,-0.4,12106
Dylan Covey,White Sox,18,12,1,8,0,58.2,7.98,1.76,0.301,6.29,4.3,1.84,14.6 %,10.0 %,4.6 %,7.5 %,0.321,58.3 %,6.06,5.61,5.67,15.9 %,52.4 %,31.7 %,-0.1,14825
Mike Wright Jr.,- - -,19,0,0,1,1,29.1,7.98,1.91,0.331,9.2,3.68,1.84,20.4 %,8.2 %,12.2 %,10.2 %,0.392,56.5 %,5.26,5.04,4.48,13.6 %,45.6 %,40.8 %,-0.1,12586
David Hernandez,Reds,47,0,2,5,2,42.2,8.02,1.71,0.299,11.18,4.22,1.48,26.8 %,10.1 %,16.7 %,14.9 %,0.393,54.5 %,4.34,4.54,4.08,12.9 %,41.9 %,45.2 %,0.3,4259
Heath Fillmyer,Royals,12,3,0,2,0,22.1,8.06,1.79,0.298,6.04,4.84,2.42,13.8 %,11.0 %,2.8 %,7.7 %,0.301,66.5 %,7.38,6.47,5.87,12.7 %,48.1 %,39.2 %,-0.4,17466
Walker Lockett,Mets,9,4,1,1,0,22.2,8.34,1.72,0.344,6.35,2.38,2.38,15.5 %,5.8 %,9.7 %,7.6 %,0.365,60.1 %,6.17,5.01,5.02,18.8 %,50.0 %,31.3 %,-0.1,13804
Jesse Biddle,- - -,30,0,0,1,0,28,8.36,2.29,0.333,8.36,7.07,1.61,17.1 %,14.5 %,2.6 %,7.9 %,0.389,57.4 %,6.46,6.13,5.65,11.0 %,41.0 %,48.0 %,-0.4,11437
Drew Gagnon,Mets,18,0,3,1,0,23.2,8.37,1.73,0.315,6.46,2.66,4.18,14.5 %,6.0 %,8.6 %,11.8 %,0.288,61.6 %,8.96,6.28,5.06,27.5 %,35.2 %,37.4 %,-1,12545
Hector Noesi,Marlins,12,4,0,3,0,27.2,8.46,1.59,0.275,7.81,4.55,2.28,19.4 %,11.3 %,8.1 %,12.1 %,0.295,54.0 %,6.39,6.05,5.46,12.9 %,44.7 %,42.4 %,-0.3,3292
Chance Adams,Yankees,13,0,1,1,1,25.1,8.53,1.97,0.351,8.17,3.91,2.49,18.6 %,8.9 %,9.7 %,7.7 %,0.395,64.0 %,6.53,5.69,4.9,17.1 %,50.0 %,33.0 %,-0.3,18135
Shelby Miller,Rangers,19,8,1,3,0,44,8.59,1.98,0.309,6.14,5.93,1.64,13.6 %,13.2 %,0.5 %,7.5 %,0.333,55.8 %,6.4,6.79,6.27,12.7 %,43.3 %,44.0 %,-0.3,10197
Wade Davis,Rockies,50,0,1,6,15,42.2,8.65,1.88,0.291,8.86,6.12,1.48,20.4 %,14.1 %,6.3 %,10.7 %,0.349,55.4 %,5.56,5.8,5.3,15.8 %,44.4 %,39.9 %,-0.2,7441
Zac Reininger,Tigers,25,1,0,3,0,28,8.68,2.14,0.355,5.46,5.14,3.54,12.1 %,11.4 %,0.7 %,7.1 %,0.344,71.8 %,8.82,6.34,6.01,6.5 %,46.7 %,46.7 %,-0.9,15285
Alex McRae,Pirates,11,2,0,4,0,26.2,8.78,1.95,0.319,6.41,5.4,3.04,14.4 %,12.1 %,2.3 %,8.8 %,0.318,59.0 %,8.31,6.61,5.85,18.1 %,39.4 %,42.6 %,-0.8,16317
Corbin Burnes,Brewers,32,4,1,5,1,49,8.82,1.84,0.326,12.86,3.67,3.12,29.8 %,8.5 %,21.3 %,17.2 %,0.414,57.4 %,6.09,3.37,3.55,19.3 %,38.6 %,42.1 %,-0.3,19361
Eric Skoglund,Royals,6,4,0,3,0,21,9,1.86,0.33,1.71,3.86,2.14,4.0 %,8.9 %,-5.0 %,5.3 %,0.305,57.6 %,7.36,7.77,7.26,13.8 %,36.8 %,49.4 %,-0.3,16155
Geoff Hartlieb,Pirates,29,0,0,1,0,35,9,2,0.34,9.77,4.63,2.06,22.2 %,10.5 %,11.7 %,10.9 %,0.411,59.5 %,5.56,4.52,4.45,13.0 %,46.1 %,40.9 %,-0.2,19558
Matt Koch,Diamondbacks,9,0,0,0,0,20.2,9.15,1.6,0.333,3.92,1.74,3.48,9.4 %,4.2 %,5.2 %,6.6 %,0.3,63.4 %,8.68,6.92,5.62,14.1 %,42.3 %,43.6 %,-0.5,13420
Ryan Carpenter,Tigers,9,9,1,6,0,40.2,9.3,1.82,0.335,5.53,2.88,2.66,12.7 %,6.6 %,6.1 %,7.3 %,0.338,50.7 %,6.93,6.12,5.73,14.0 %,40.1 %,45.9 %,-0.4,12699
Edwin Jackson,- - -,18,13,3,10,0,67.2,9.58,2.02,0.349,6.92,4.26,3.06,15.5 %,9.5 %,6.0 %,9.9 %,0.363,54.7 %,7.65,5.9,5.54,13.3 %,39.8 %,47.0 %,-1.1,1841
Michael Shawaryn,Red Sox,14,0,0,0,0,20.1,9.74,1.92,0.306,12.84,5.75,2.21,28.2 %,12.6 %,15.5 %,15.6 %,0.412,59.5 %,6.21,5.76,4.25,16.1 %,41.1 %,42.9 %,-0.2,19495
Dan Straily,Orioles,14,8,2,4,0,47.2,9.82,1.99,0.344,6.23,4.15,4.15,14.0 %,9.3 %,4.7 %,7.8 %,0.325,66.5 %,9.34,7.14,6.07,16.2 %,40.8 %,43.0 %,-1.1,9460
Brock Stewart,- - -,13,0,4,0,0,25.2,9.82,1.75,0.327,6.66,2.81,3.86,15.3 %,6.5 %,8.9 %,9.1 %,0.313,58.3 %,8.59,6.35,5.06,20.2 %,43.6 %,36.2 %,-0.8,16727
Tyler Anderson,Rockies,5,5,0,3,0,20.2,11.76,2.13,0.347,10.02,4.79,3.48,21.7 %,10.4 %,11.3 %,10.7 %,0.391,51.8 %,7.62,4.8,4.93,13.9 %,56.9 %,29.2 %,-0.3,12880
Ty Blach,- - -,7,5,1,3,0,27,12,2.33,0.377,6.67,5.67,2.67,14.4 %,12.2 %,2.2 %,6.3 %,0.404,50.2 %,7.47,6.57,6.11,14.7 %,39.2 %,46.1 %,-0.3,14361
