name,status,age,team,pos,,,,,,,,,,,,,
Mike Trout,,25,LAA,OF,1,1,1,0,1,2,9.620426701,12.91726551,1.714652628,1.55913375,2.551047045,2.33955505,1.456038228
Mookie Betts,,24,BOS,OF,2,2,1,0,15,4,7.565619992,10.86245881,2.346022217,0.563440068,1.963803244,1.124430173,1.567924289
Jose Altuve,,26,HOU,2B,1,3,1,3.18634E-14,4,5,7.093935312,10.54103266,3.131814443,-0.571605736,1.766224238,0.145624514,2.621877853
Nolan Arenado,,25,COL,3B,1,4,1,9.86588E-10,5,7,6.500592792,9.821143709,1.171563962,2.231068449,1.466088938,2.411101222,-0.779229778
Kris Bryant,,25,CHC,3B,2,4,1,9.86588E-10,8,8,6.437299629,9.757850547,0.342755397,1.861565709,2.190339365,1.930786837,0.111852322
Clayton Kershaw,,29,LAD,SP,1,6,1,0.000232629,2,1,12.31569143,15.44902254,1.582569868,-0.483225038,1.890706816,4.700042013,4.625597775
Paul Goldschmidt,,29,ARI,1B,1,7,1,3.39767E-06,9,10,6.034875951,8.731671228,1.113211985,0.776013322,1.3458533,1.584037656,1.215759688
Manny Machado,,24,BAL,3B,4,8,1,0.00042906,3,12,5.436370588,8.756921505,1.169871543,1.787990704,1.480731874,1.352394958,-0.354618492
Bryce Harper,,24,WAS,OF,4,9,1,0.032434935,12,17,4.826081647,8.122920461,0.49017882,1.336906697,1.246467074,1.241378366,0.511150691
Josh Donaldson,,31,TOR,3B,3,10,1,0.083085052,10,11,5.929267583,9.249818501,0.366316195,1.632295182,2.1628309,2.207542384,-0.439717077
Anthony Rizzo,,27,CHC,1B,3,11,1,0.211855399,11,18,4.796067012,7.492862289,0.512501326,1.269476049,1.35213781,1.898138378,-0.236186552
Max Scherzer,,32,WAS,SP,2,12,1,0.397096548,7,3,8.755096125,11.88842723,1.630811833,-0.483225038,2.298249351,2.539220227,2.770039752
Miguel Cabrera,,33,DET,1B,2,13,2,0.5,6,14,5.188817349,7.885612626,2.221279673,1.333943258,1.02577368,1.551772862,-0.943952123
Trea Turner,,23,WAS,2B,2,14,2,0.623918846,16,24,3.525194904,6.972292249,1.404220885,-0.984520613,1.012357174,-1.046865237,3.140002696
Madison Bumgarner,,27,SF,SP,3,15,2,0.736168977,14,6,6.545212843,9.678543949,1.325441486,-0.483225038,1.52061031,2.105861343,2.076524743
Charlie Blackmon,,30,COL,OF,3,16,2,0.900728603,34,16,4.901333427,8.198172241,1.639718897,0.259737705,1.709074219,-0.150671382,1.443473989
Carlos Correa,,22,HOU,SS,1,17,2,0.873451046,17,31,3.149180958,6.777875715,0.463210393,0.194255824,0.592158022,1.018325337,0.881231382
Corey Seager,,22,LAD,SS,3,18,2,0.894350226,24,35,2.827694286,6.456389043,1.059884495,0.333555613,1.427592611,0.567003874,-0.560342307
Noah Syndergaard,,24,NYM,SP,4,19,2,0.862343557,13,9,6.122034003,9.255365109,0.960367681,-0.483225038,1.575394148,2.410000452,1.659496761
Chris Sale,,28,BOS,SP,5,20,2,0.966081418,18,13,5.268789966,8.402121072,1.463259687,-0.483225038,1.588358751,0.907037072,1.793359494
Joey Votto,,33,CIN,1B,5,21,2,0.951055235,23,39,2.660298181,5.357093459,1.319148462,0.313684227,0.817792444,0.530095739,-0.320422691
Corey Kluber,,30,CLE,SP,6,22,2,0.997759165,19,15,5.10665267,8.239983776,1.326040725,-0.483225038,1.56866002,1.250917486,1.444259478
Edwin Encarnacion,,34,CLE,DH,2,23,2,0.956761867,39,25,3.495016308,6.406266616,-0.462095667,2.023039559,0.91944072,1.853644856,-0.839013161
Francisco Lindor,,23,CLE,SS,2,24,2,0.986096552,27,32,2.994409056,6.623103813,1.460431045,-0.665139252,0.742383104,0.543590534,0.913143624
Starling Marte,,28,PIT,OF,6,25,2,0.977249868,52,37,2.679917014,5.976755828,0.948760307,-1.06698161,-0.190859325,0.001917742,2.9870799
Xander Bogaerts,,24,BOS,SS,4,26,3,0.995338812,48,43,2.349103041,5.977797798,1.151977221,-0.270530442,0.714092293,0.761173978,-0.007610009
Freddie Freeman,,27,ATL,1B,4,26,3,0.987078783,20,27,3.421122035,6.117917313,0.700699066,1.103776682,1.154628203,1.055736019,-0.593717935
Robinson Cano,,34,SEA,2B,3,28,3,0.999043602,30,30,3.157448646,6.60454599,1.183009767,0.563322084,0.896220144,1.239597735,-0.724701085
Jake Arrieta,,31,CHC,SP,10,29,3,0.995264873,28,23,3.680472267,6.813803373,1.153738007,-0.483225038,0.980490961,1.332360146,0.697108191
Daniel Murphy,,32,WAS,2B,5,30,3,0.981311982,45,38,2.674999396,6.122096741,2.454022771,-0.398257365,0.136972318,0.714450648,-0.232188976
Jonathan Villar,,25,MIL,SS,5,30,3,0.994613854,42,63,1.505876327,5.134571083,-0.806715815,-0.921796025,0.414369699,-1.274463975,4.094482442
Brian Dozier,,29,MIN,2B,4,32,3,0.990004869,37,34,2.872491345,6.319588689,-1.221355267,1.150602006,1.675283708,0.75189154,0.516069357
Jon Lester,,33,CHC,SP,8,33,3,0.999205435,32,20,4.097565678,7.230896784,1.21932283,-0.483225038,0.89312881,1.286142776,1.1821963
George Springer,,27,HOU,OF,9,34,3,0.999543077,33,49,2.053066488,5.349905302,-0.823984603,0.767985717,1.736365374,0.104476093,0.268223906
Trevor Story,,24,COL,SS,6,35,3,0.998323282,49,84,0.700255743,4.3289505,-0.33862201,0.70907881,-0.053381778,-0.059016656,0.442197377
Nelson Cruz,,36,SEA,DH,1,36,3,0.999859154,25,22,3.949500814,6.860751123,0.007888469,1.895973814,0.92078564,1.879471836,-0.754618944
Ryan Braun,,33,MIL,OF,11,37,3,0.999312862,66,51,2.025867427,5.322706241,0.69399079,0.282746908,0.178110577,0.434337435,0.436681717
Giancarlo Stanton,,27,MIA,OF,17,38,3,0.99987317,51,71,1.137049688,4.433888502,-0.665559049,1.624416463,0.06267719,0.758049265,-0.642534181
A.J. Pollock,,29,ARI,OF,26,39,4,0.999898111,53,129,-0.845329883,2.451508931,0.772034152,-1.107692411,-0.220965277,-1.467537043,1.178830697
Justin Verlander,,34,DET,SP,9,39,4,0.999548539,35,21,4.023668058,7.156999164,1.269620228,-0.483225038,1.468066478,0.677988963,1.091217428
Yu Darvish,,30,TEX,SP,14,41,4,0.999767371,26,44,2.338005365,5.471336471,0.786475085,-0.483225038,1.353239922,0.40690959,0.274605807
Johnny Cueto,,31,SF,SP,7,42,4,0.999999668,58,19,4.440152356,7.573483462,1.068697396,-0.483225038,0.699948914,1.749234567,1.405496519
Buster Posey,,30,SF,C,1,43,4,0.99988036,29,93,0.241156159,7.839158243,1.60749549,-0.576653474,-0.433676552,0.340189551,-0.696198856
Rougned Odor,,23,TEX,2B,6,44,4,0.999973668,22,40,2.566275508,6.013372852,0.212008891,0.950755168,0.366304551,0.828723412,0.208483486
Carlos Gonzalez,,31,COL,OF,8,45,4,0.998846689,38,42,2.365153441,5.661992255,0.613668296,0.97771032,0.213665602,1.041744281,-0.481635059
J.D. Martinez,Injury,29,DET,OF,10,45,4,0.93622185,61,50,2.028849603,5.325688417,0.602052166,0.951743226,0.365039258,0.774005948,-0.663990996
Yoenis Cespedes,,31,NYM,OF,13,47,4,0.999997097,59,54,1.834073392,5.130912206,-0.229110532,1.06283661,0.587396266,0.950965819,-0.538014772
Kenley Jansen,,29,LAD,RP,1,48,4,0.999885294,67,33,2.927212631,6.246482027,-1.346516848,2.884441291,-0.877168655,0.757356496,1.509100347
Jose Abreu,,30,CHW,1B,6,49,4,0.999924517,40,46,2.138429021,4.835224299,0.906389867,0.779503999,0.493434978,0.890382401,-0.931282224
Aroldis Chapman,,29,NYY,RP,3,49,4,0.999127261,77,65,1.453608237,4.772877633,-1.464670652,2.547674658,-1.046022697,0.714419992,0.702206937
Stephen Strasburg,,28,WAS,SP,13,51,4,0.99999989,21,29,3.172004909,6.305336015,0.843886407,-0.483225038,0.941960308,0.860988069,1.008395163
Kyle Seager,,29,SEA,3B,5,52,5,0.999999104,43,60,1.574400721,4.894951638,-0.067263136,0.745988063,0.594590297,0.851509547,-0.550424051
Chris Archer,,28,TB,SP,12,53,5,0.999995594,50,28,3.301120244,6.43445135,0.858840369,-0.483225038,1.469768012,1.005156309,0.450580593
Wil Myers,,26,SD,1B,10,54,5,0.999999295,74,80,0.825642915,3.522438193,-0.662883055,0.308955358,0.145299161,-0.043341713,1.077613165
Gary Sanchez,,24,NYY,C,2,54,5,0.999988892,109,141,-1.175921658,6.422080425,-0.511573916,0.263946571,-0.550788199,0.136935667,-0.514441782
Christian Yelich,,25,MIA,OF,14,54,5,0.999903219,60,55,1.808955312,5.105794126,1.082844207,-0.563715477,0.732951008,0.093313758,0.463561816
Andrew McCutchen,,30,PIT,OF,5,57,5,0.999986082,54,36,2.756178788,6.053017602,0.535360137,0.439462352,0.852291965,0.91716201,0.011902324
Dee Gordon,,28,MIA,2B,9,58,5,0.999996602,63,96,0.16168216,3.608779504,0.66843159,-2.607053794,-0.376226006,-1.91977623,4.3963066
Gregory Polanco,,25,PIT,OF,20,59,5,0.999985541,86,89,0.461621564,3.758460378,-0.350286949,-0.318023386,0.194296802,-0.133231242,1.068866339
Carlos Carrasco,,30,CLE,SP,125,60,5,0.990613294,31,428,,,,,,,
Jacob deGrom,,28,NYM,SP,16,61,5,0.999993604,44,47,2.124833729,5.258164835,0.49513799,-0.483225038,0.653940274,0.859055432,0.599925071
Jean Segura,,27,SEA,2B,10,62,5,0.999999037,68,99,0.032634536,3.479731881,0.144100557,-1.118958635,0.134136517,-1.161703869,2.035059967
Zach Britton,,29,BAL,RP,2,63,5,0.999999563,87,58,1.620801006,4.940070403,-1.341544944,2.884441291,-1.333085765,0.912238761,0.498751663
Matt Carpenter,,31,STL,3B,9,64,5,0.999989311,73,90,0.456086324,3.776637241,-0.085367549,-0.047211138,1.309919277,0.056878877,-0.778133142
Adrian Beltre,,37,TEX,3B,6,65,6,0.999999342,56,62,1.561346086,4.881897003,1.098241003,0.329156357,0.036027919,1.030844086,-0.93292328
Kyle Hendricks,,27,CHC,SP,15,66,6,0.999999965,57,45,2.325201458,5.458532564,0.93852986,-0.483225038,0.437474552,0.739665825,0.69275626
Kyle Schwarber,,24,CHC,OF,40,67,6,0.999952617,92,179,-2.288874235,1.007964579,-0.552225845,-0.383471197,-0.065079658,-0.679208902,-0.608888634
Ian Kinsler,,34,DET,2B,7,68,6,0.999999579,47,48,2.075663696,5.52276104,0.336538246,-0.170577799,1.615725452,0.235053748,0.058924049
Billy Hamilton,,26,CIN,OF,25,69,6,0.999560647,101,124,-0.760662435,2.536176379,-1.198987909,-2.148608778,-0.885192431,-2.146607894,5.618734577
Carlos Martinez,,25,STL,SP,20,70,6,0.999999641,91,76,0.938719796,4.072050902,0.972370925,-0.483225038,0.889247686,0.646666136,-1.086339913
Jonathan Lucroy,,30,TEX,C,3,71,6,1,70,175,-2.164106037,5.433896046,0.454639166,-0.347134889,-0.948322027,-0.621187671,-0.702100617
Todd Frazier,,31,CHW,3B,7,72,6,0.999998821,46,68,1.368115893,4.68866681,-1.87513191,1.51653087,0.422982964,0.888255426,0.415478542
Chris Davis,,31,BAL,1B,7,73,6,0.999995594,41,56,1.757185409,4.453980687,-2.153809559,2.119705249,1.073727376,1.563672713,-0.846110369
Mark Trumbo,,31,BAL,DH,4,73,6,0.999999207,55,79,0.844421078,3.755671386,-0.849484383,1.812237145,-0.004436917,0.72748179,-0.841376558
Hanley Ramirez,,33,BOS,1B,11,75,6,0.999999751,64,81,0.806416043,3.50321132,0.287483122,0.551993091,-0.403309109,0.53386371,-0.163614771
David Price,Injury,31,BOS,SP,11,76,6,0.990558332,36,26,3.433185571,6.566516677,1.124974025,-0.483225038,1.142016258,0.750351311,0.899069016
Masahiro Tanaka,,28,NYY,SP,18,77,6,0.999999574,69,64,1.500066249,4.633397355,0.879275811,-0.483225038,0.475183593,-0.063099821,0.691931706
Justin Upton,,29,DET,OF,12,78,7,0.999998691,83,52,1.93351545,5.230354264,-0.811686198,1.274519356,0.695168459,0.676079754,0.099434079
Mark Melancon,,32,SF,RP,5,79,7,0.999999997,111,77,0.901857117,4.221126513,-1.353787099,2.800249633,-1.634693439,0.550430118,0.539657904
Seung-hwan Oh,,34,STL,RP,8,80,7,0.999998088,112,108,-0.249814373,3.069455023,-1.544121594,1.95833305,-1.380654179,0.262725434,0.453902915
Cole Hamels,,33,TEX,SP,33,81,7,0.999999993,71,103,-0.157906164,2.975424942,0.985592568,-0.483225038,0.940608605,-0.412467226,-1.188415072
Alex Bregman,Sleeper,23,HOU,3B,15,82,7,0.999999025,81,140,-1.16653165,2.154019267,-0.248028869,-0.599373571,-0.101827097,-0.04034548,-0.176956632
Wade Davis,,31,CHC,RP,13,83,7,0.999973099,107,136,-1.117387304,2.201882093,-1.587817113,2.042524709,-1.842625579,0.091223145,0.179307535
DJ LeMahieu,,28,COL,2B,8,84,7,1,80,53,1.854567088,5.301664433,2.328956553,-1.400728288,0.724238881,-0.443061219,0.645161161
Adam Jones,,31,BAL,OF,16,85,7,0.999998969,93,67,1.402757847,4.699596661,-0.147784501,1.078225569,0.854667574,0.24364966,-0.626000455
Jose Bautista,,36,TOR,OF,19,86,7,0.999994066,105,75,0.947971264,4.244810078,-1.136925612,0.98762688,0.603657995,1.129401212,-0.635789212
Zack Greinke,,33,ARI,SP,21,87,7,0.99999884,84,78,0.847251357,3.980582463,0.603201665,-0.483225038,0.521159362,-0.049191694,0.255307062
Ian Desmond,Injury,31,COL,OF,7,88,7,0.998972588,65,41,2.429113971,5.725952785,0.536574533,0.152687616,0.248436859,0.602584596,0.888830367
Khris Davis,,29,OAK,OF,21,89,7,0.999999998,100,92,0.335760309,3.632599123,-1.432654423,1.487638554,0.165724949,0.767861745,-0.652810516
Matt Kemp,,32,ATL,OF,15,89,7,0.999999998,103,57,1.626643825,4.923482639,-0.232490699,0.990888421,0.124687958,1.274685417,-0.531127272
Evan Longoria,,31,TB,3B,8,89,7,0.999999997,78,73,0.978442183,4.2989931,-0.36560334,1.047682105,0.341860083,0.87625473,-0.921751395
Craig Kimbrel,,28,BOS,RP,10,92,8,1,116,116,-0.535134949,2.784134448,-1.475540248,2.295099683,-1.246330476,-0.025789968,-0.08257394
Rick Porcello,,28,BOS,SP,26,93,8,0.999989205,114,87,0.608327855,3.741658961,1.08835048,-0.483225038,0.445091517,-0.743380982,0.301491879
Edwin Diaz,,23,SEA,RP,7,94,8,0.999999967,102,105,-0.21206059,3.107208806,-1.528836664,2.042524709,-1.266814261,0.319293567,0.221772059
Roberto Osuna,,22,TOR,RP,6,95,8,0.999999665,120,100,-0.01151812,3.307751276,-1.536619936,2.547674658,-1.420688907,-0.051257959,0.449374024
Jose Quintana,,28,CHW,SP,24,96,8,1,95,85,0.690218292,3.823549398,0.636865035,-0.483225038,0.627724716,0.18995217,-0.28109859
Danny Duffy,,28,KC,SP,23,97,8,0.999999998,82,83,0.70396462,3.837295726,0.611738791,-0.483225038,0.596819427,-0.155080319,0.133711759
Gerrit Cole,,26,PIT,SP,27,98,8,0.999996156,94,88,0.558026954,3.69135806,0.753110927,-0.483225038,0.463646409,0.180388731,-0.355894075
Anthony Rendon,,26,WAS,3B,10,99,8,0.999999972,76,95,0.214970226,3.535521143,0.190541425,-0.239719338,0.090860414,0.146339487,0.026948238
Eric Hosmer,,27,KC,1B,8,100,8,0.999999995,72,61,1.565067711,4.261862988,0.361826868,0.215542338,0.351357564,1.09882272,-0.46248178
Kenta Maeda,,28,LAD,SP,22,101,8,1,85,82,0.742739701,3.876070807,0.51808237,-0.483225038,0.44760394,-0.01078143,0.271059859
Julio Teheran,,26,ATL,SP,31,101,8,1,130,101,-0.029312566,3.10401854,0.325822282,-0.483225038,0.552143085,-0.573164754,0.149111859
Willson Contreras,,24,CHC,C,5,103,8,0.999999999,124,291,-4.334696355,3.263305728,-0.274617808,-0.855117167,-1.506378592,-1.127675359,-0.570907428
Carlos Santana,,30,CLE,1B,9,104,9,1,75,74,0.971945278,3.668740556,-1.18550669,1.004502647,1.366031501,0.182368919,-0.395451098
Jason Kipnis,Injury,29,CLE,2B,11,105,9,0.997882487,62,104,-0.160615343,3.286482001,0.043373087,-0.679763307,0.539742362,-0.570250145,0.50628266
Ken Giles,,26,HOU,RP,9,106,9,0.999999996,126,114,-0.453740819,2.865528578,-1.383720876,1.874141392,-1.103175405,0.151414589,0.007599481
Kelvin Herrera,,27,KC,RP,12,106,9,0.985984434,135,121,-0.720155844,2.599113552,-1.603271161,1.789949734,-1.441381029,0.158364935,0.376181676
Justin Turner,,32,LAD,3B,14,108,9,0.999996963,89,119,-0.677009245,2.643541672,0.618264469,-0.123633923,-0.511951784,-0.070042314,-0.589645693
Cody Allen,,28,CLE,RP,15,109,9,1,149,144,-1.210710606,2.10855879,-1.45517451,1.621566418,-1.301714509,-0.053984565,-0.021403439
Aaron Sanchez,,24,TOR,SP,47,110,9,0.999999999,158,142,-1.184363091,1.948968015,0.700978955,-0.483225038,0.322369933,-0.556572478,-1.167914462
Jose Ramirez,,24,CLE,3B,12,111,9,1,97,112,-0.322470771,2.998080147,0.851382926,-1.402167634,-0.55777824,-0.643781955,1.429874134
Jackie Bradley Jr.,,26,BOS,OF,31,112,9,0.999999848,197,156,-1.683419907,1.613418907,-0.695440558,-0.235933654,-0.30291994,-0.259319787,-0.189805967
Dustin Pedroia,,33,BOS,2B,12,113,9,1,115,132,-0.990901384,2.456195961,1.236121489,-1.240219819,0.222864536,-0.796796655,-0.412870935
Danny Salazar,,27,CLE,SP,36,114,9,0.999999998,98,110,-0.281779746,2.85155136,0.618290646,-0.483225038,0.564476186,-0.230104617,-0.751216923
Jeurys Familia,,27,NYM,RP,16,115,9,1,144,149,-1.392779923,1.926489473,-1.632380483,2.379291342,-1.703077468,-0.11050554,-0.326107774
Adam Eaton,,28,WAS,OF,18,116,9,1,153,72,1.070646671,4.367485485,1.108856428,-1.235847115,1.26882612,-0.634958895,0.563770132
Andrew Miller,,31,CLE,RP,4,116,9,0.999998313,96,69,1.365934141,4.685203537,-1.219418294,0.442883202,-0.747101972,1.172028768,1.717542436
Felix Hernandez,,30,SEA,SP,44,118,10,0.999932781,142,133,-1.030151834,2.103179272,0.722795262,-0.483225038,0.423858551,-0.499370439,-1.19421017
Stephen Piscotty,,26,STL,OF,22,118,10,1,156,109,-0.253553313,3.043285501,-0.02662444,-0.208466293,-0.089915086,0.278166138,-0.206713631
Andrew Benintendi,,22,BOS,OF,43,120,10,0.999999999,185,199,-2.630139737,0.666699077,0.463534629,-1.288747714,-1.15892568,-0.916621516,0.270620543
Rich Hill,Target,37,LAD,SP,17,121,10,1,79,59,1.603018172,4.736349278,0.17028092,-0.483225038,0.038401702,1.091151258,0.786409331
Lorenzo Cain,,30,KC,OF,28,122,10,1,162,134,-1.067366806,2.229472008,0.675524008,-1.310120293,-0.808350074,-0.599830865,0.975410418
Addison Russell,,23,CHC,SS,12,123,10,0.999997712,148,222,-3.149894675,0.478800082,-1.347111626,-0.069957271,-0.680506247,-0.614398003,-0.437921529
Alex Colome,,28,TB,RP,14,124,10,1,147,138,-1.148648854,2.170620542,-1.704293171,2.379291342,-1.625313227,-0.064605289,-0.13372851
Albert Pujols,,37,LAA,DH,3,125,10,0.999999999,88,70,1.173412424,4.084662732,-0.27489859,1.045022484,-0.211106122,1.313724232,-0.699329579
Miguel Sano,,23,MIN,3B,13,126,10,1,110,113,-0.355405755,2.965145163,-1.750016603,1.35607766,0.015419518,0.783404755,-0.760291084
Odubel Herrera,,25,PHI,OF,27,127,10,0.999999999,166,130,-0.946935112,2.349903702,0.381930316,-1.094550689,0.093280992,-1.438270573,1.110674842
Michael Fulmer,,24,DET,SP,46,128,10,1,139,139,-1.161573516,1.97175759,0.468370752,-0.483225038,0.101459014,-0.626287671,-0.621890573
Dallas Keuchel,,29,HOU,SP,19,129,10,0.999999329,104,66,1.41182955,4.545160656,1.154234431,-0.483225038,0.529723831,0.417070303,-0.205973976
Eduardo Nunez,,29,SF,3B,18,130,11,0.999999997,146,233,-3.320550917,0,0.155760067,-1.298836671,-2.129815619,-1.709794932,1.662136237
Evan Gattis,,30,HOU,DH,11,131,11,1,173,294,-4.431302916,-1.520052608,-1.118802973,0.172374669,-1.390084651,-1.165753909,-0.929036051
Marcus Stroman,,25,TOR,SP,42,132,11,1,161,128,-0.835020883,2.298310223,0.595671756,-0.483225038,0.139787181,-0.363536328,-0.723718454
Troy Tulowitzki,,32,TOR,SS,11,133,11,0.999999836,137,215,-2.980123487,0.64857127,-0.541444465,0.193226278,-1.018383479,-0.680172737,-0.933349083
Aledmys Diaz,,26,STL,SS,10,134,11,0.999999928,154,210,-2.874508376,0.754186381,0.075009871,-0.890632266,-0.634751634,-1.179096146,-0.245038201
J.T. Realmuto,,26,MIA,C,6,135,11,1,141,303,-4.719864333,2.87813775,0.082046263,-1.393755248,-1.921512352,-1.551816734,0.065173738
David Robertson,,31,CHW,RP,17,136,11,1,155,152,-1.518682321,1.800587075,-1.576240467,2.379291342,-1.474038251,-0.53480075,-0.312894195
Matt Harvey,,28,NYM,SP,38,137,11,0.999999508,123,117,-0.657195053,2.476136053,0.084444752,-0.483225038,-0.090085228,-0.185846174,0.017516636
Kevin Gausman,Target,26,BAL,SP,40,138,11,1,125,122,-0.755221105,2.378110001,0.542422621,-0.483225038,0.714112152,-0.910863724,-0.617667114
Jose Peraza,Sleeper,22,CIN,SS,9,139,11,0.999999999,203,203,-2.687396624,0.941298133,0.776065282,-2.131359176,-1.63998468,-1.963938539,2.271820488
Maikel Franco,,24,PHI,3B,11,140,11,1,90,98,0.084500932,3.405051849,-0.155026079,0.652234753,-0.219350362,0.64193902,-0.8352964
John Lackey,Target,38,CHC,SP,39,141,11,1,121,118,-0.676369644,2.456961462,0.425800502,-0.483225038,0.112021287,-0.755994097,0.025027702
David Dahl,Sleeper,23,COL,OF,36,142,11,0.999993869,106,167,-1.883480577,1.413358237,0.357250807,-0.879433293,-1.036425988,-0.950936845,0.626064742
Adam Duvall,,28,CIN,OF,24,143,12,1,186,123,-0.756105706,2.540733108,-1.6736761,1.025268028,-0.484843678,0.95097095,-0.573824907
Kendrys Morales,,33,TOR,DH,5,144,12,0.999999998,108,125,-0.778232407,2.133017901,-0.219247616,0.507671044,-0.28248138,0.240173932,-1.024348387
A.J. Ramos,,30,MIA,RP,78,144,12,1,178,428,,,,,,,
Adrian Gonzalez,,34,LAD,1B,12,146,12,0.999999843,138,127,-0.822068194,1.874727084,-0.078034982,-0.09364079,-0.559768462,0.933533497,-1.024157458
Tanner Roark,,30,WAS,SP,59,147,12,1,201,176,-2.225650597,0.907680509,0.616905625,-0.483225038,0.11740116,-1.028848259,-1.447884085
Ben Zobrist,,35,CHC,2B,13,148,12,0.999999959,160,177,-2.229923807,1.217173538,-0.094298327,-0.998555788,-0.27116339,-0.443391198,-0.422515104
Javier Baez,,24,CHC,2B,20,149,12,0.999993604,169,238,-3.447097344,0,-0.861075239,-0.462731795,-1.613532595,-0.935863832,0.426106115
Francisco Rodriguez,,35,DET,RP,21,149,12,1,182,178,-2.230047548,1.089221848,-1.587917339,2.631866316,-1.892762266,-0.853366446,-0.527867813
Yasmani Grandal,,28,LAD,C,8,151,12,1,128,334,-5.463854502,2.134147581,-1.720792423,0.029527916,-1.625853073,-1.255064792,-0.891672131
Steven Matz,Sleeper,25,NYM,SP,30,152,12,1,122,97,0.133092756,3.266423862,0.202119609,-0.483225038,0.042365818,0.251273716,0.120558652
Salvador Perez,,26,KC,C,4,152,12,1,113,286,-4.244540842,3.353461242,-0.703202547,-0.018907966,-1.610312535,-0.888143214,-1.02397458
Elvis Andrus,,28,TEX,SS,7,154,12,1,174,155,-1.671606112,1.957088645,0.36675293,-1.643420956,-0.814566883,-1.21184554,1.631474337
Tony Watson,,31,PIT,RP,20,155,12,0.999999999,176,168,-1.94699425,1.372275146,-1.623655878,1.874141392,-1.752133893,-0.250116589,-0.195229283
Brandon Belt,,28,SF,1B,13,156,13,1,127,158,-1.711056256,0.985739022,-0.257198443,-0.200893594,-0.267419496,-0.356386878,-0.629157845
Jacob Lamb,,26,ARI,3B,16,157,13,1,132,162,-1.775350065,1.545200852,-1.016483478,0.195964491,-0.551529094,0.147691219,-0.550993202
Brad Miller,,27,TB,2B,18,158,13,1,129,191,-2.500922348,0.946174996,-1.169267721,0.088988947,-0.708135848,-0.464804244,-0.247703482
Dexter Fowler,,31,STL,OF,35,159,13,1,224,166,-1.819649362,1.477189452,-0.637621925,-1.074161602,0.821580903,-1.29514495,0.365698211
Lance McCullers,Target,23,HOU,SP,41,159,13,1,99,126,-0.78089494,2.352436166,0.350905723,-0.483225038,0.443543261,0.27898702,-1.371105905
James Paxton,Sleeper,28,SEA,SP,25,161,13,0.999999983,133,86,0.688815666,3.822146772,0.479701386,-0.483225038,0.389555534,0.349793086,-0.047009302
Kole Calhoun,,29,LAA,OF,23,162,13,1,180,115,-0.479067756,2.817771058,-0.45371102,-0.242531045,0.681230347,0.154438063,-0.618494102
Marcell Ozuna,,26,MIA,OF,29,163,13,1,204,143,-1.201093446,2.095745368,-0.164912578,0.122066606,-0.434161588,0.093791523,-0.817877409
Jameson Taillon,,25,PIT,SP,29,164,13,1,119,94,0.229908546,3.363239652,0.295997769,-0.483225038,-0.085961803,0.113004829,0.39009279
Dellin Betances,,29,NYY,RP,11,165,13,0.999970606,167,120,-0.677555341,2.641714055,-1.341525754,-0.146458405,-0.751215187,0.855057377,0.706586628
Sam Dyson,,28,TEX,RP,18,166,13,1,188,154,-1.668590639,1.650678757,-1.543545588,2.463483,-1.772826966,-0.141063809,-0.674637276
Yasmany Tomas,,26,ARI,OF,48,167,13,1,227,213,-2.961692777,0.335146037,-0.089800847,-0.034681675,-1.218618771,-0.921568716,-0.697022768
Dansby Swanson,,23,ATL,SS,16,168,13,0.999999987,187,306,-4.827851825,-1.199157068,-0.748957929,-1.741385973,-0.646407428,-1.509569444,-0.181531051
Jeff Samardzija,,32,SF,SP,32,169,14,1,131,102,-0.14534606,2.987985046,0.490074028,-0.483225038,0.456726101,-0.49181426,-0.117106891
Jay Bruce,,29,NYM,OF,45,170,14,1,247,202,-2.678516612,0.618322202,-1.642344504,0.336409607,-0.813516238,-0.096563439,-0.462502037
Aaron Nola,Sleeper,23,PHI,SP,150,171,14,0.999999995,134,428,,,,,,,
J.A. Happ,,34,TOR,SP,67,172,14,0.999999975,190,200,-2.635088968,0.498242138,0.493652999,-0.483225038,0.117239735,-1.646649284,-1.11610738
Jonathan Schoop,,25,BAL,2B,17,173,14,1,150,190,-2.472617538,0.974479806,-0.645139445,0.500110268,-0.906779055,-0.531042535,-0.889766772
Michael Brantley,,29,CLE,OF,50,174,14,0.999999529,240,217,-3.116704394,0.18013442,0.989529764,-1.469803017,-1.858695294,-0.783717632,0.005981785
Byron Buxton,,23,MIN,OF,57,175,14,1,269,250,-3.561310411,-0.264471597,-1.243548376,-0.769164519,-0.7589716,-1.494680659,0.705054742
Jake Odorizzi,,27,TB,SP,48,175,14,1,181,145,-1.230473194,1.902857912,0.117608489,-0.483225038,0.400070954,-1.056327566,-0.208600032
Joc Pederson,,24,LAD,OF,37,177,14,1,218,170,-2.016266802,1.280572012,-1.822653728,0.539413523,-0.228533322,-0.477927508,-0.026565768
Sean Manaea,,25,OAK,SP,70,178,14,1,192,212,-2.915632123,0.217698983,-0.066089537,-0.483225038,-0.030295894,-1.325780772,-1.010240882
Brian McCann,,33,HOU,C,10,179,14,1,143,350,-5.8835613,1.714440784,-1.647534843,-0.23926676,-1.754003201,-1.22702584,-1.015730656
Carlos Rodon,,24,CHW,SP,50,180,14,0.999999999,195,147,-1.372629328,1.760701778,0.12645728,-0.483225038,0.823380672,-0.695666475,-1.143575767
Jon Gray,Sleeper,25,COL,SP,58,181,14,1,151,173,-2.110389431,1.022941675,0.61135724,-0.483225038,0.967133912,-1.49840953,-1.707246015
Russell Martin,,34,TOR,C,7,182,15,1,152,332,-5.387351762,2.210650321,-1.877075002,-0.318256452,-1.544710525,-0.917915447,-0.729394337
Matt Moore,Target,27,SF,SP,43,183,15,1,157,131,-0.988129723,2.145201383,0.500660827,-0.483225038,0.452548726,-0.462089096,-0.996025141
Raisel Iglesias,,27,CIN,RP,62,184,15,0.999999999,177,428,,,,,,,
Carlos Beltran,,39,TEX,DH,8,185,15,1,168,211,-2.911250308,0,-0.06014644,-0.129475874,-1.058550785,-0.664517808,-0.998559401
Vincent Velasquez,Sleeper,24,PHI,SP,55,185,15,1,165,161,-1.769829106,1.363502,-0.118688941,-0.483225038,0.323950927,-0.955225303,-0.536640751
Hunter Pence,,33,SF,OF,44,187,15,1,249,201,-2.649578022,0.647260792,-0.220090707,-0.548471086,-1.078438898,-0.230858163,-0.571719168
Julio Urias,Target,20,LAD,SP,52,187,15,1,171,151,-1.454126978,1.679204128,-0.314071338,-0.483225038,-0.218052129,0.166123681,-0.604902154
Mike Napoli,,35,TEX,1B,15,189,15,0.999999992,193,221,-3.147177099,-0.450381822,-1.863323658,0.636494807,-0.736133483,-0.493950588,-0.690264178
Michael Pineda,Sleeper,28,NYY,SP,28,190,15,1,136,91,0.427710255,3.561041361,0.342836901,-0.483225038,0.68644452,-0.225373037,0.107026909
Jim Johnson,,33,ATL,RP,64,191,15,0.999999999,257,428,,,,,,,
Shawn Kelley,,32,WAS,RP,19,192,15,0.999996179,183,163,-1.792385589,1.526883808,-1.474414276,0.948033152,-1.472738617,-0.071473346,0.2782075
Drew Smyly,Target,27,SEA,SP,45,192,15,1,159,135,-1.085515766,2.04781534,0.272275799,-0.483225038,0.325390945,-0.939716751,-0.260240721
Marco Estrada,Target,33,TOR,SP,79,194,15,0.999999982,222,240,-3.451694547,-0.318363441,0.058089647,-0.483225038,0.105115759,-2.334511604,-0.797163311
Victor Martinez,,38,DET,DH,6,195,16,1,117,137,-1.120283391,1.790966918,0.340247925,0.151083125,-0.922646589,0.319147392,-1.008115242
Yadier Molina,,34,STL,C,11,196,16,0.999999973,172,356,-6.143059146,1.454942937,0.663297417,-1.91204126,-2.430943825,-1.739372196,-0.723999282
Carlos Gomez,,31,TEX,OF,30,197,16,1,207,150,-1.417529574,1.87930924,-0.986848274,-0.365461207,-0.183266196,-0.989802106,1.107848209
Adam Wainwright,,35,STL,SP,56,198,16,0.99999998,199,165,-1.810828995,1.322502111,0.403856951,-0.483225038,0.191156988,-0.969598055,-0.95301984
Keon Broxton,,26,MIL,OF,61,199,16,1,251,269,-3.949084304,-0.65224549,-2.346705092,-1.007686032,-1.208360901,-1.508222422,2.121890142
Kevin Kiermaier,,26,TB,OF,46,200,16,1,272,204,-2.691866819,0.604971995,-0.720904759,-1.007758819,-0.562625022,-1.504903186,1.104324968
Matt Shoemaker,Target,30,LAA,SP,34,201,16,1,145,106,-0.213436477,2.919894629,0.52482733,-0.483225038,0.186084641,-0.822562244,0.381438835
Randal Grichuk,,25,STL,OF,32,202,16,1,255,157,-1.692638722,1.604200092,-1.202703734,0.599900138,-0.683444214,0.059065698,-0.465456611
Logan Forsythe,,30,LAD,2B,16,203,16,0.999999967,196,188,-2.451844762,0.995252582,-0.391162658,-0.503086169,0.028226427,-1.293444345,-0.292378018
Tim Anderson,,23,CHW,2B,14,204,16,0.99999972,198,185,-2.41103184,1.036065505,-0.277099442,-1.525996513,-0.17499098,-1.55542166,1.122476755
Drew Pomeranz,Target,28,BOS,SP,65,205,16,0.99998691,170,193,-2.550425519,0.582905587,-0.023972114,-0.483225038,-0.010589827,-1.125762016,-0.906876524
Ender Inciarte,,26,ATL,OF,33,206,16,1,233,159,-1.712398511,1.584440303,0.712222097,-1.974327995,0.135023797,-1.77645509,1.191138681
Cam Bedrosian,,25,LAA,RP,25,207,16,0.999999939,236,206,-2.709742055,0.609527341,-1.519642938,1.03222481,-1.74519653,-0.148113614,-0.329013783
Yasiel Puig,,26,LAD,OF,41,208,17,1,241,182,-2.327444535,0.969394279,0.158352491,-0.542932861,-0.993190241,-0.632201625,-0.317472299
Adam Ottavino,,31,COL,RP,74,209,17,0.999999994,212,428,,,,,,,
Eric Thames,,30,MIL,1B,39,210,17,0.999999978,118,428,,,,,,,
Welington Castillo,,29,BAL,C,13,211,17,1,213,388,-7.598002083,0,-1.095584964,-0.890473617,-2.613299469,-2.096008189,-0.902635844
Ryon Healy,Sleeper,25,OAK,DH,7,212,17,1,184,198,-2.625871066,0.285379242,-0.125241961,-0.615859478,-0.517881433,-0.430638107,-0.936250087
Nomar Mazara,,21,TEX,OF,38,213,17,1,220,171,-2.018593621,1.278245193,-0.100539525,-0.096407028,-0.78808581,-0.047536025,-0.986025233
Sonny Gray,Injury,27,OAK,SP,61,214,17,0.999999225,221,181,-2.318786332,0.814544774,0.170437085,-0.483225038,0.138179036,-0.633054629,-1.511122785
Garrett Richards,,28,LAA,SP,37,215,17,1,189,111,-0.311495229,2.821835877,0.102089503,-0.483225038,-0.118190999,0.85087354,-0.663042234
Brandon Crawford,,30,SF,SS,13,216,17,1,230,254,-3.628694757,0,-0.729764961,-0.936964053,-1.042677501,-0.519441981,-0.39984626
Neftali Feliz,,28,MIL,RP,31,217,17,0.977601593,295,259,-3.755345291,-0.436075895,-1.667162465,1.03222481,-1.751353113,-0.75729385,-0.611760672
Jarrod Dyson,,32,SEA,OF,79,218,17,0.999945117,,359,-6.376351704,-3.07951289,-0.779794961,-2.627526048,-2.774814997,-2.97295373,2.778738031
Mike Moustakas,,28,KC,3B,23,219,17,0.999999999,163,302,-4.663353276,-1.342802359,-0.633657647,-0.926637107,-1.100684253,-1.11388949,-0.888484779
Hernan Perez,,26,MIL,3B,31,220,17,0.999999998,,347,-5.85377366,-2.533222743,-0.380551652,-1.775523377,-2.63495213,-2.318529665,1.255783163
Robbie Ray,Sleeper,25,ARI,SP,35,220,17,1,140,107,-0.230595519,2.902735587,0.420121623,-0.483225038,1.176492984,-0.252915915,-1.091069173
Brandon Maurer,,26,SD,RP,70,222,18,1,259,428,,,,,,,
Jerad Eickhoff,,26,PHI,SP,51,223,18,1,211,148,-1.390818031,1.742513075,0.026594043,-0.483225038,0.409630484,-1.198245599,-0.14557192
Matt Wieters,,30,WAS,C,14,224,18,1,,392,-7.921345925,-0.323343841,-0.835917355,-0.895260084,-2.930255759,-2.311129072,-0.948783655
Hector Neris,,27,PHI,RP,30,225,18,1,216,243,-3.491451127,-0.172181731,-1.550405733,0.106116569,-1.300193194,-0.388819709,-0.358149061
Melky Cabrera,,32,CHW,OF,34,226,18,1,277,164,-1.801388605,1.495450209,0.90648681,-1.20194769,-0.626011354,-0.167287442,-0.712628929
Jacoby Ellsbury,,33,NYY,OF,55,227,18,1,273,244,-3.494570758,-0.197731944,-0.466813404,-1.575276334,-1.191127663,-1.54514242,1.283789063
Blake Snell,,24,TB,SP,54,228,18,1,210,160,-1.72005936,1.413271746,0.143214395,-0.483225038,0.441339476,-0.158058803,-1.66332939
Taijuan Walker,,24,ARI,SP,74,228,18,1,217,225,-3.166622241,-0.033291135,-0.198351676,-0.483225038,-0.204531743,-1.680531855,-0.599981928
Hunter Renfroe,,25,SD,OF,63,230,18,1,278,281,-4.199695898,-0.902857084,-1.246026291,-1.288747714,-0.716474403,-0.409579687,-0.538867803
Devon Travis,,26,TOR,2B,23,231,18,1,209,270,-3.951756639,-0.504659294,0.282684406,-1.239562067,-0.773482153,-1.828325429,-0.393071396
Ryan Madson,,36,OAK,RP,69,232,18,1,232,428,,,,,,,
Joe Ross,,23,WAS,SP,63,233,18,1,205,184,-2.368281818,0.765049288,0.158559798,-0.483225038,-0.341928788,-0.977833875,-0.723853914
Curtis Granderson,,36,NYM,OF,39,234,19,1,290,174,-2.147659892,1.149178922,-1.791743543,0.307685024,0.398716172,-0.678403231,-0.383914314
Jedd Gyorko,,28,STL,2B,25,234,19,0.999999999,263,310,-4.895349263,-1.448251918,-1.186293159,0.021626451,-1.713008812,-1.14655971,-0.871114033
Yoan Moncada,,21,CHW,SS,25,236,19,0.999999996,,379,-7.303110907,-3.67441615,-1.458815302,-2.375079534,-2.437266922,-2.921928906,1.889979757
Rajai Davis,,36,OAK,OF,98,237,19,1,299,428,,,,,,,
Stephen Vogt,,32,OAK,C,9,238,19,1,164,349,-5.877897631,1.720104452,-0.697387423,-0.987692235,-1.864693339,-1.303683078,-1.024441556
Hisashi Iwakuma,,35,SEA,SP,64,239,19,1,215,187,-2.427251761,0.706079345,0.408964428,-0.483225038,-0.164703496,-1.587097381,-0.601190273
Matt Holliday,,37,NYY,DH,9,240,19,1,191,257,-3.684078451,-0.772828143,-0.606564574,-0.251631513,-1.471528684,-0.458771355,-0.895582325
Nick Castellanos,,25,DET,3B,20,241,19,1,214,248,-3.544001529,-0.223450612,-0.191234198,-0.278307916,-1.262712998,-0.924080138,-0.887666279
Fernando Rodney,,40,ARI,RP,79,242,19,0.99785863,261,428,,,,,,,
Greg Bird,Hot,24,NYY,1B,21,243,19,0.999999972,256,297,-4.488405428,-1.791610151,-0.926295443,-1.288747714,-0.916853122,-0.491606853,-0.864902296
Jharel Cotton,,25,OAK,SP,68,244,19,1,235,207,-2.768323399,0.365007707,-0.048289826,-0.483225038,-0.041887067,-1.295904676,-0.899016791
Addison Reed,,28,NYM,RP,23,245,19,1,266,192,-2.548596974,0.770672423,-1.524198265,0.274499886,-1.378516788,-0.140094552,0.219712745
Didi Gregorius,Injury,27,NYY,SS,15,246,19,1,226,282,-4.204339893,-0.575645136,-0.504151778,-0.762610758,-1.133236611,-1.313959806,-0.49038094
Starlin Castro,,27,NYY,2B,19,247,20,1,208,216,-3.035673789,0.411423556,-0.035279336,-0.376701701,-1.209867493,-0.858952486,-0.554872773
Anthony DeSclafani,,26,CIN,SP,69,248,20,0.999965982,202,208,-2.864951978,0.268379128,-0.386199429,-0.483225038,-0.064163026,-1.202194957,-0.729169527
Greg Holland,,31,COL,RP,60,249,20,0.993665804,,428,,,,,,,
Brandon Kintzler,,32,MIN,RP,66,249,20,0.999999999,,428,,,,,,,
Jose Reyes,,33,NYM,3B,27,251,20,0.999999984,294,330,-5.342150369,-2.021599451,-0.634424229,-1.805313075,-1.403291565,-2.201020206,0.701898706
Max Kepler,,24,MIN,OF,42,252,20,1,,194,-2.565793837,0.731044977,-0.809045367,-0.673345268,-0.752529155,-0.206949392,-0.123924657
Ivan Nova,,30,PIT,SP,60,253,20,0.999999999,231,180,-2.291942454,0.841388652,0.233683169,-0.483225038,-0.304342428,-0.854676424,-0.883381733
Asdrubal Cabrera,,31,NYM,SS,14,254,20,1,267,258,-3.736979757,-0.108285,-0.771770411,-0.557138899,-0.999815729,-0.95948007,-0.448774648
Neil Walker,,31,NYM,2B,15,255,20,1,229,186,-2.418770421,1.028326924,-0.384512528,-0.072497772,-0.924087093,-0.318948332,-0.718724697
Nate Jones,,31,CHW,RP,65,256,20,0.999999502,292,428,,,,,,,
Junior Guerra,,32,MIL,SP,89,257,20,1,274,265,-3.813659274,-0.680328168,-0.030781881,-0.483225038,-0.279166502,-1.72944569,-1.291040163
C.J. Cron,,27,LAA,1B,22,258,20,1,225,300,-4.586703598,-1.889908321,-0.341447132,-0.614438786,-1.810096546,-1.089942931,-0.730778203
Brandon Drury,,24,ARI,OF,64,259,20,1,,289,-4.314328993,-1.017490179,-0.302267791,-0.790539829,-1.391729216,-1.021807287,-0.807984871
Marcus Semien,,26,OAK,SS,8,260,21,1,206,195,-2.567587557,1.0611072,-1.437598064,0.033808129,-0.497505546,-0.752893375,0.0866013
Dylan Bundy,Target,24,BAL,SP,100,261,21,1,258,301,-4.65709618,-1.523765074,-0.110113272,-0.483225038,-0.229532693,-2.187788032,-1.646437145
Jason Heyward,,27,CHC,OF,52,262,21,1,285,226,-3.166891868,0.129946946,-0.576220318,-1.21702719,-0.891335911,-0.953870461,0.471562012
Collin McHugh,Target,29,HOU,SP,53,263,21,1,200,153,-1.633537969,1.499793137,0.774115832,-0.483225038,0.443611887,-1.504727807,-0.863312843
Ian Kennedy,,32,KC,SP,66,264,21,1,252,196,-2.624354682,0.508976424,0.265916302,-0.483225038,0.641960485,-1.930512977,-1.118493454
Michael Montgomery,,27,CHC,SP,73,264,21,0.999999981,,224,-3.164808344,-0.031477238,-0.411289259,-0.483225038,-0.688418851,-0.405296654,-1.176578542
Joe Panik,,26,SF,2B,24,266,21,0.999999999,250,277,-4.062801154,-0.61570381,0.100641658,-1.451837195,-0.907175287,-1.20896117,-0.59546916
Sandy Leon,,28,BOS,C,25,267,21,0.999999964,,421,-10.65656387,-3.058561791,-0.946189964,-2.048676837,-3.49912467,-3.165459725,-0.99711268
Wilson Ramos,Injury,29,TB,C,12,268,21,1,238,376,-7.245917644,0.35208444,-0.495492768,-0.996581091,-2.596483319,-2.134160285,-1.023200182
Trevor Bauer,,26,CLE,SP,87,269,21,1,268,263,-3.811150232,-0.677819126,0.005770823,-0.483225038,0.010704503,-1.791833563,-1.552566956
Robert Gsellman,,23,NYM,SP,92,270,21,0.999979437,,273,-4.0104001,-0.877068994,-0.373770692,-0.483225038,-0.77955785,-1.002723417,-1.371123103
Chris Carter,,30,NYY,1B,14,271,21,0.999999999,248,205,-2.696795278,0,-2.21423429,1.261341775,-0.632703293,-0.326259242,-0.784940228
Gio Gonzalez,,31,WAS,SP,57,272,21,1,254,169,-1.952299451,1.181031655,0.414492454,-0.483225038,0.361076313,-0.796343731,-1.448299449
Tommy Joseph,,25,PHI,1B,16,273,22,1,179,230,-3.237982144,-0.541186867,-0.585954713,0.416858097,-1.492980974,-0.647196681,-0.928707872
Lance Lynn,,29,STL,SP,145,274,22,0.999999999,282,428,,,,,,,
Tom Murphy,Injury,25,COL,C,37,275,22,1,,428,,,,,,,
Yangervis Solarte,,29,SD,3B,21,276,22,1,,268,-3.924079671,-0.603528754,-0.047397091,-0.882412005,-1.343912494,-0.739711668,-0.910646414
Mike Zunino,,26,SEA,C,15,277,22,1,,399,-8.201537719,-0.603535636,-2.491577952,-1.107692411,-1.923360666,-1.655603613,-1.023303077
Travis D'Arnaud,,28,NYM,C,16,278,22,1,260,402,-8.408238885,-0.810236802,-0.872775977,-1.318185378,-2.767570326,-2.505227402,-0.944479803
Ervin Santana,,34,MIN,SP,90,279,22,1,,267,-3.899506968,-0.766175862,0.349156183,-0.483225038,0.258088688,-2.277346573,-1.746180228
Jorge Soler,Cold,25,KC,DH,13,280,22,1,,343,-5.73624928,-2.824998972,-1.054672842,-0.465388366,-1.821777503,-1.555040671,-0.839369899
Jeanmar Gomez,,29,PHI,RP,57,281,22,0.998770122,,428,,,,,,,
Tyler Glasnow,,23,PIT,SP,82,282,22,1,284,246,-3.518849561,-0.385518455,-0.403655882,-0.483225038,-0.282198985,-0.799091122,-1.550678535
Josh Harrison,,29,PIT,2B,22,283,22,1,246,261,-3.771441835,-0.32434449,0.559015496,-1.80177608,-1.615500664,-1.532914551,0.619733964
Jordan Zimmermann,,30,DET,SP,95,284,22,0.999999929,296,283,-4.210944499,-1.077613393,0.23909285,-0.483225038,-0.424258918,-2.136206456,-1.406346936
Cameron Rupp,,28,PHI,C,21,285,22,1,291,414,-9.479949039,-1.881946955,-1.577923377,-1.141774601,-3.089388004,-2.722149807,-0.94871325
James McCann,,26,DET,C,20,286,23,1,234,411,-9.258530512,-1.660528428,-1.269718243,-1.459432587,-3.157443752,-2.529546477,-0.842389453
Daniel Norris,Target,23,DET,SP,86,286,23,1,,262,-3.785819594,-0.652488488,-0.298820187,-0.483225038,-0.392808866,-1.299717226,-1.311248276
Michael Conforto,,24,NYM,OF,78,288,23,1,276,358,-6.221258184,-2.92441937,-0.668779103,-1.007465034,-1.849927621,-1.858879354,-0.836207072
Jason Hammel,,34,KC,SP,99,289,23,1,253,299,-4.501820196,-1.36848909,-0.062939647,-0.483225038,-0.493881808,-2.309628051,-1.152145652
Josh Bell,,24,PIT,1B,17,290,23,1,,256,-3.683178283,-0.986383006,0.474879969,-1.922441276,-0.75589238,-0.876676877,-0.60304772
Zach Davies,,24,MIL,SP,75,291,23,1,,227,-3.183738917,-0.050407811,0.121077637,-0.483225038,0.017463553,-1.606360293,-1.232694776
Manuel Margot,,22,SD,OF,69,291,23,1,,317,-4.991582013,-1.694743199,-0.733534612,-2.284551883,-1.582102102,-2.073498833,1.682105416
Alex Cobb,,29,TB,SP,80,293,23,1,298,241,-3.457545859,-0.324214753,-0.275573094,-0.483225038,-0.714923381,-0.626475558,-1.357348787
Jung-Ho Kang,,29,PIT,3B,19,294,23,1,228,236,-3.380820469,-0.060269552,-0.586752334,-0.362746834,-0.92087295,-0.820031287,-0.690417064
Francisco Liriano,,33,TOR,SP,71,295,23,1,,219,-3.133331106,0,0.03364272,-0.483225038,0.327153693,-1.091269298,-1.919633183
Aaron Judge,,24,NYY,OF,67,296,23,0.999999958,,305,-4.793197179,-1.496358365,-1.339360575,-1.107692411,-1.094012036,-0.641055372,-0.611076785
Brett Gardner,,33,NYY,OF,47,297,23,1,300,209,-2.871391162,0.425447652,-0.768667569,-1.469281146,-0.042104994,-1.077217507,0.485880053
Alcides Escobar,,30,KC,SS,18,298,23,0.999999972,237,308,-4.833124896,-1.204430139,-0.61525149,-1.996281265,-1.43250374,-1.599185209,0.810096807
Leonys Martin,,29,SEA,OF,66,299,24,1,,304,-4.733472382,-1.436633568,-1.507572133,-1.212309568,-1.585597962,-1.765273247,1.337280528
Cesar Hernandez,,26,PHI,2B,21,300,24,1,271,249,-3.546265722,-0.099168377,0.087364966,-2.077955056,-0.487170223,-1.966594897,0.898089489
Michael Wacha,,25,STL,SP,85,301,24,0.999999894,,253,-3.625642017,-0.492310911,-0.106348644,-0.483225038,-0.214224382,-1.419848671,-1.401995282
Jeremy Hellickson,,29,PHI,SP,72,302,24,1,275,223,-3.155108789,-0.021777683,0.064580078,-0.483225038,-0.08976103,-1.869482872,-0.777219926
Brandon Phillips,,35,ATL,2B,27,302,24,1,,313,-4.929744503,-1.482647159,0.26479654,-1.549149835,-2.162056975,-1.529095406,0.045761173
Pablo Sandoval,,30,BOS,3B,35,302,24,0.999999993,287,374,-7.155707241,-3.835156324,-0.250488441,-1.469803017,-2.546398034,-1.914707905,-0.974309843
Francisco Cervelli,,31,PIT,C,18,305,24,1,262,406,-8.688614114,-1.090612031,-0.303675713,-2.321753,-2.792116153,-2.62564077,-0.645428478
Austin Hedges,,24,SD,C,17,306,24,0.999999997,,403,-8.45255173,-0.854549646,-1.350740051,-1.560330669,-2.843650738,-1.795729409,-0.902100862
Yulieski Gurriel,,32,HOU,1B,27,307,24,1,,373,-7.111571125,-4.414775848,-0.492304322,-2.103496579,-1.951298307,-1.908046766,-0.656425151
Domingo Santana,,24,MIL,OF,53,308,24,1,297,231,-3.296838814,0,-0.931373743,-0.251541932,-0.917385809,-0.661486309,-0.535051021
Tyler Thornburg,,28,BOS,RP,85,309,24,0.999999888,,428,,,,,,,
Martin Prado,,33,MIA,3B,22,310,24,0.999999996,279,272,-3.982879783,-0.662328865,0.776492503,-1.802246384,-0.873535728,-1.239781273,-0.843808901
Eduardo Rodriguez,,23,BOS,SP,91,310,24,1,,271,-3.975308858,-0.841977752,-0.013540951,-0.483225038,-0.333948491,-1.654754005,-1.489840371
David Peralta,,29,ARI,OF,60,312,25,1,301,266,-3.863486447,-0.566647633,0.379483034,-1.379275366,-1.566765691,-0.892582387,-0.404346037
Mitch Moreland,,31,BOS,1B,35,313,25,1,194,428,,,,,,,
Devin Mesoraco,,28,CIN,C,24,314,25,1,,420,-10.40867172,-2.81066964,-1.240248126,-1.288747714,-3.872873866,-3.104701155,-0.902100862
Corey Dickerson,,27,TB,DH,10,315,25,1,270,288,-4.309909089,-1.398658781,-1.073387543,0.016462398,-1.444416475,-1.072662879,-0.73590459
Eugenio Suarez,,25,CIN,3B,17,316,25,1,239,172,-2.068873542,1.251677376,-1.095487225,-0.071039476,-0.589675905,-0.285123993,-0.027546942
Orlando Arcia,,22,MIL,SS,17,317,25,1,,307,-4.828013349,-1.199318592,-1.504596615,-1.625024968,-1.338832185,-1.313604278,0.954044697
Mike Foltynewicz,,25,ATL,SP,84,318,25,1,,252,-3.596768485,-0.463437379,-0.260694636,-0.483225038,-0.018780601,-1.706531608,-1.127536601
Alex Gordon,,33,KC,OF,62,318,25,1,288,276,-4.059079972,-0.762241158,-1.274981409,-0.446739747,-1.053986309,-1.010923845,-0.272448662
Derek Norris,,28,WAS,C,39,318,25,1,245,428,,,,,,,
Cameron Maybin,,29,LAA,OF,112,321,25,1,,428,,,,,,,
Denard Span,,33,SF,OF,54,322,25,1,,235,-3.371440744,-0.074601929,0.226260598,-1.709536786,-0.450811726,-1.925116979,0.48776415
Joe Musgrove,,24,HOU,SP,81,323,25,1,,242,-3.479475501,-0.346144395,-0.715390265,-0.483225038,-0.734064998,-1.113902343,-0.432892855
Tyler Naquin,,25,CLE,OF,74,323,25,1,,337,-5.538514705,-2.241675891,-0.358457661,-1.320906359,-1.782413011,-1.935136907,-0.141600767
Chris Owings,,25,ARI,SS,22,325,26,0.999999892,,364,-6.57777405,-2.949079293,-0.403094346,-2.056631695,-2.431322586,-2.295621238,0.608895815
Justin Bour,,28,MIA,1B,18,326,26,1,286,274,-4.029115806,-1.332320529,-0.392620564,-0.280990857,-1.399009268,-1.029940716,-0.926554401
Kevin Pillar,,28,TOR,OF,49,326,26,1,,214,-2.979909396,0.316929418,0.063848231,-1.435499073,-1.259176107,-1.055920531,0.706838084
Steven Wright,,32,BOS,SP,102,328,26,0.999999991,,312,-4.921142175,-1.787811069,-0.158433092,-0.483225038,-0.477471976,-1.946034125,-1.855977943
Travis Jankowski,,25,SD,OF,73,329,26,1,,336,-5.521138867,-2.224300053,-1.086691381,-2.396835586,-1.685171252,-2.801500785,2.449060137
Brandon Finnegan,,23,CIN,SP,103,330,26,1,,314,-4.947622974,-1.814291868,0.063536405,-0.483225038,0.15995168,-2.148214598,-2.539671423
Tyler Skaggs,,25,LAA,SP,159,331,26,1,281,428,,,,,,,
Yan Gomes,,29,CLE,C,23,332,26,1,243,418,-10.05301074,-2.455008656,-2.47509905,-1.440322831,-2.74025315,-2.39882145,-0.998514258
Nick Markakis,,33,ATL,OF,56,333,26,1,,245,-3.517012072,-0.220173258,0.159160338,-1.308450922,-0.761539728,-0.685435413,-0.920746347
Chris Tillman,,28,BAL,SP,107,334,26,1,,324,-5.15553809,-2.022206984,0.134444467,-0.483225038,-0.177899046,-2.489481677,-2.139376795
Carter Capps,,26,SD,RP,47,335,26,0.999999956,,428,,,,,,,
Shin-Soo Choo,,34,TEX,OF,51,336,26,1,,220,-3.146236054,0.15060276,-0.458644172,-0.596370705,-0.588014128,-1.174562341,-0.328644708
Travis Shaw,,26,MIL,3B,28,336,26,1,264,333,-5.460285427,-2.13973451,-1.27298527,-0.55135218,-1.852593064,-1.136932504,-0.64642241
Matt Bush,,31,TEX,RP,26,338,27,0.999999989,,218,-3.11747247,0.201796927,-1.437668285,-0.230650064,-1.56055605,-0.005107262,0.116509191
Kyle Barraclough,,26,MIA,RP,41,339,27,0.999999982,,428,,,,,,,
Mitch Haniger,,26,MIL,OF,71,340,27,0.999955016,,331,-5.351162081,-2.054323267,-1.258059855,-1.198220062,-1.435595456,-1.098255745,-0.361030962
Dan Straily,,28,MIA,SP,105,341,27,1,,321,-5.134736221,-2.001405115,-0.234760299,-0.483225038,-0.331264181,-2.398686671,-1.686800032
Adam Conley,,26,MIA,SP,97,342,27,1,,290,-4.33457956,-1.201248454,-0.319505595,-0.483225038,-0.158140583,-1.527787036,-1.845921307
Josh Reddick,,30,HOU,OF,58,343,27,1,289,251,-3.579769404,-0.28293059,-0.171263433,-0.82903972,-1.427667048,-0.863327087,-0.288472115
Kolten Wong,,26,STL,2B,26,344,27,1,,311,-4.906789131,-1.459691787,-0.577222239,-1.351162309,-1.751989249,-1.506986016,0.280570681
Chris Devenski,,26,HOU,SP,76,345,27,0.999999998,,228,-3.184551349,-0.051220243,-1.280061048,-0.483225038,-1.114328146,-0.521843735,0.214906618
Bartolo Colon,,43,ATL,SP,83,346,27,1,,247,-3.523207137,-0.389876031,-0.045616935,-0.483225038,-0.645069963,-1.682409575,-0.666885625
Matt Andriese,,27,TB,SP,121,347,27,0.999999943,283,428,,,,,,,
Lucas Giolito,,22,CHW,SP,133,348,27,1,,428,,,,,,,
David Phelps,,30,MIA,RP,76,349,27,0.999995713,,428,,,,,,,
Zack Cozart,,31,CIN,SS,23,350,27,1,,368,-6.830614575,-3.201919819,-1.213205285,-1.186686432,-1.936902128,-1.907360815,-0.586459915
Tyson Ross,,29,TEX,SP,154,350,27,1,,428,,,,,,,
Brad Ziegler,,37,MIA,RP,90,352,28,0.999999995,,428,,,,,,,
Huston Street,,33,LAA,RP,38,353,28,0.999996329,,351,-5.893903127,-2.574633731,-1.759883812,0.274499886,-2.323257814,-1.318048429,-0.767212959
Danny Valencia,,32,SEA,3B,30,353,28,0.999999997,,344,-5.772957405,-2.452406488,-0.530091314,-0.868856555,-1.93658507,-1.541962882,-0.895461584
Luis Severino,,23,NYY,RP,32,355,28,1,,260,-3.767300551,-0.448031154,-0.368775404,-0.483225038,-0.37188484,-1.439347295,-1.104067973
Joe Mauer,,33,MIN,1B,19,356,28,1,293,284,-4.212919901,-1.516124624,-0.031217779,-1.540736843,-0.923785502,-0.893548322,-0.823631456
Josh Tomlin,,32,CLE,SP,161,357,28,0.999999996,,428,,,,,,,
Melvin Upton,,32,TOR,OF,81,357,28,1,,382,-7.396927492,-4.100088678,-1.856429758,-1.125769926,-2.532051579,-2.40538784,0.52271161
Brandon Moss,,33,KC,1B,20,359,28,1,,293,-4.375328052,-1.678532775,-2.063735101,0.454827372,-1.068967102,-0.752431618,-0.945021603
Hector Rondon,,29,CHC,RP,24,359,28,0.99999927,,197,-2.624924115,0.694345281,-1.422047497,0.442883202,-1.739621267,-0.162881355,0.256742801
Matt Duffy,,26,TB,3B,25,361,28,1,244,325,-5.18592077,-1.865369852,-0.202532139,-1.848166572,-1.775036872,-1.497578911,0.137393725
Tyler Flowers,,31,ATL,C,22,362,28,1,,417,-9.867780226,-2.269778142,-1.173486421,-1.41532036,-3.466112911,-2.803399497,-1.009461037
Carl Edwards,,25,CHC,RP,37,363,28,0.999964027,,298,-4.492577578,-1.173308182,-1.625431287,-0.483225038,-1.580470491,-0.418915718,-0.384535043
Tyler Anderson,,27,COL,SP,120,364,29,1,,428,,,,,,,
Danny Espinosa,,29,LAA,2B,29,365,29,1,,389,-7.646276783,-4.199179439,-3.197679336,-0.410062147,-1.940803655,-1.813476385,-0.28425526
Clay Buchholz,,32,PHI,SP,101,366,29,0.999999976,,309,-4.852980929,-1.719649823,-0.689812273,-0.483225038,-1.07377732,-1.625142716,-0.981023581
Freddy Galvis,,27,PHI,SS,26,367,29,1,,380,-7.342592934,-3.713898177,-1.143113221,-1.310451218,-2.434177304,-2.319863097,-0.134988095
Blake Swihart,,24,BOS,OF,124,368,29,0.999999979,,428,,,,,,,
Luke Weaver,,23,STL,SP,98,368,29,0.999999354,,292,-4.345311132,-1.211980026,-1.048874656,-0.483225038,-0.947616687,-1.217863598,-0.647731151
Andrew Triggs,,28,OAK,SP,93,370,29,0.999988481,,279,-4.165725091,-1.032393985,-0.359654121,-0.483225038,-0.655140881,-1.688124156,-0.979580894
Santiago Casilla,,36,OAK,RP,48,371,29,0.99985398,,428,,,,,,,
Jaime Garcia,,30,ATL,SP,62,372,29,1,,183,-2.351348282,0.781982824,-0.143596058,-0.483225038,-0.403947081,-0.45734578,-0.863234325
Howie Kendrick,,33,PHI,OF,109,373,29,1,,428,,,,,,,
Andrew Toles,,24,LAD,OF,83,373,29,1,,384,-7.518809874,-4.22197106,-0.214786751,-2.556134838,-2.693511321,-2.872475576,0.818098611
Joaquin Benoit,,39,PHI,RP,43,375,29,1,,428,,,,,,,
Jayson Werth,,37,WAS,OF,65,376,29,1,,295,-4.434695565,-1.137856751,-1.269634061,-0.616372753,-1.022032853,-0.868090017,-0.658565881
Jurickson Profar,,24,TEX,OF,87,377,30,1,,395,-8.004920021,-4.708081207,-0.929840982,-1.786431787,-2.370035526,-2.387009327,-0.5316024
Steven Souza,,27,TB,OF,123,378,30,1,,428,,,,,,,
Ryan Zimmerman,,32,WAS,1B,25,378,30,1,,357,-6.155927637,-3.45913236,-1.079169554,-0.812835973,-2.030888965,-1.444852489,-0.788180655
Wei-Yin Chen,,31,MIA,SP,49,380,30,1,280,146,-1.252223698,1.881107408,0.381213698,-0.483225038,-0.15630684,-0.985660447,-0.00824507
Jhonny Peralta,,34,STL,3B,41,381,30,1,,428,,,,,,,
Chris Herrmann,,29,ARI,C,33,382,30,0.999999969,,428,,,,,,,
Ben Revere,,28,LAA,OF,120,383,30,1,,428,,,,,,,
Lucas Duda,,31,NYM,1B,23,384,30,1,,353,-5.958665014,-3.261869737,-1.391876806,-1.107692411,-1.453918971,-1.092639492,-0.912537335
Jeremy Jeffress,,29,TEX,RP,63,385,30,0.999999946,,428,,,,,,,
Jose De Leon,,24,TB,RP,52,386,30,1,,428,,,,,,,
Scott Kazmir,,33,LAD,SP,141,387,30,0.999999978,,428,,,,,,,
Michael Saunders,,30,PHI,OF,75,387,30,1,,340,-5.604901503,-2.308062689,-1.146204666,-0.497136276,-1.504414616,-1.719216893,-0.737929053
Zack Wheeler,Injury,26,NYM,SP,165,389,30,0.999999998,,428,,,,,,,
Yunel Escobar,,34,LAA,3B,29,390,31,1,,339,-5.584892769,-2.264341852,0.489487684,-1.838149362,-1.455967911,-1.87060758,-0.909655602
Jorge Polanco,,23,MIN,SS,19,391,31,1,,326,-5.18849538,-1.559800624,-0.078252013,-1.684358412,-1.760812375,-1.729925871,0.064853291
Brad Brach,,30,BAL,RP,45,392,31,0.999999795,,428,,,,,,,
Adonis Garcia,,31,ATL,3B,24,393,31,0.999999909,,323,-5.148421784,-1.827870867,-0.255509569,-1.046934075,-1.972982988,-1.237924454,-0.635070697
CC Sabathia,,36,NYY,SP,104,394,31,1,,318,-5.014666924,-1.881335818,-0.179851266,-0.483225038,-0.334285399,-2.129380605,-1.887924616
Blake Treinen,,28,WAS,RP,36,395,31,0.999992905,,296,-4.487111033,-1.167841636,-1.527104491,-0.230650064,-1.717693704,-0.12644408,-0.885218694
Daniel Hudson,,30,PIT,RP,61,396,31,0.999999893,,428,,,,,,,
Tyler Chatwood,,27,COL,SP,128,397,31,0.999999596,,428,,,,,,,
Ryan Schimpf,,29,SD,2B,28,398,31,0.999999999,,319,-5.066170361,-1.619073017,-2.495831368,0.139031281,-1.089053363,-0.73262688,-0.887690031
Arodys Vizcaino,,26,ATL,RP,88,399,31,1,,428,,,,,,,
Luke Gregerson,,32,HOU,RP,28,400,31,0.999995672,,237,-3.43990913,-0.120639733,-1.557937995,0.274499886,-1.64254345,-0.440117914,-0.073809657
Steve Pearce,,33,TOR,1B,24,401,31,1,,355,-6.123833461,-3.427038183,-0.434458389,-0.739364335,-2.141860821,-1.915573677,-0.89257624
Tyler Saladino,,27,CHW,2B,39,402,31,0.999999893,,428,,,,,,,
Trevor Plouffe,,30,OAK,3B,42,403,32,0.999999873,,428,,,,,,,
Edinson Volquez,,33,MIA,SP,164,404,32,1,,428,,,,,,,
Marwin Gonzalez,,28,HOU,SS,29,405,32,1,,405,-8.60479792,-4.976103163,-0.66569644,-1.839162127,-2.894113048,-2.804827501,-0.400998803
Ryan Dull,,27,OAK,RP,54,406,32,0.999999999,,428,,,,,,,
Ricky Nolasco,,34,LAA,SP,77,407,32,0.999999978,,229,-3.198417888,-0.065086782,0.244025549,-0.483225038,-0.216773192,-1.711247483,-1.031197722
Matt Adams,,28,STL,1B,32,,,,,428,,,,,,,
Ozzie Albies,,20,ATL,SS,31,,,,,428,,,,,,,
Jorge Alfaro,,23,PHI,C,31,,,,,428,,,,,,,
Anthony Alford,,22,TOR,OF,94,,,,,428,,,,,,,
Abraham Almonte,,27,CLE,OF,93,,,,,419,-10.11972155,-6.82288274,-0.621399376,-2.556134838,-3.437866265,-3.321999735,-0.182321339
Albert Almora,,22,CHC,OF,88,,,,,396,-8.120724639,-4.823885824,-0.374444493,-2.284551883,-2.721459705,-2.45197852,-0.288290037
Yonder Alonso,,29,OAK,1B,29,,,,,378,-7.289876094,-4.593080816,-0.339580643,-1.792164096,-2.341764387,-2.182787085,-0.633579881
Aaron Altherr,,26,PHI,OF,95,,,,,428,,,,,,,
Pedro Alvarez,,30,BAL,DH,16,,,,,428,,,,,,,
Norichika Aoki,,35,HOU,OF,96,,,,,428,,,,,,,
Pedro Baez,,29,LAD,RP,39,,,,,428,,,,,,,
Andrew Bailey,,32,LAA,RP,40,,,,,428,,,,,,,
Homer Bailey,,30,CIN,SP,109,,,,,329,-5.340784951,-2.207453845,-1.038350454,-0.483225038,-1.090947984,-1.572580251,-1.155681223
Jett Bandy,,27,MIL,C,26,,,,,422,-10.66083774,-3.062835661,-1.281268546,-1.696038734,-3.764659738,-3.073972339,-0.844898389
Tucker Barnhart,,26,CIN,C,27,,,,,424,-11.1574168,-3.559414715,-0.794148977,-2.270197396,-3.814109492,-3.339511362,-0.939449571
Franklin Barreto,,21,OAK,SS,32,,,,,428,,,,,,,
Jake Barrett,,25,ARI,RP,42,,,,,428,,,,,,,
Cody Bellinger,,21,LAD,1B,33,,,,,428,,,,,,,
Jose Berrios,,22,MIN,SP,111,,,,,341,-5.607260587,-2.473929481,-0.655925405,-0.483225038,-0.55783491,-2.023699962,-1.886575271
Chad Bettis,,27,COL,SP,122,,,,,428,,,,,,,
Brad Boxberger,,28,TB,RP,44,,,,,428,,,,,,,
Matt Boyd,,26,DET,SP,110,,,,,338,-5.558441907,-2.425110801,-0.621715947,-0.483225038,-1.07887498,-2.316891615,-1.057734326
Archie Bradley,,24,ARI,SP,123,,,,,428,,,,,,,
Lewis Brinson,,22,MIL,OF,97,,,,,428,,,,,,,
Ryan Buchter,,30,SD,RP,46,,,,,428,,,,,,,
Billy Burns,,27,KC,OF,91,,,,,412,-9.431970729,-6.135131915,-0.472257366,-2.766603841,-3.5289471,-3.547482623,0.883320201
Mauricio Cabrera,,23,ATL,SP,124,,,,,428,,,,,,,
Andrew Cashner,,30,TEX,SP,126,,,,,428,,,,,,,
Jason Castro,,29,MIN,C,19,,,,,410,-9.186765564,-1.58876348,-2.004116104,-1.21555157,-2.680236315,-2.388748203,-0.898113373
Luis Cessa,,24,NYY,SP,117,,,,,366,-6.797354057,-3.664022951,-1.179029559,-0.483225038,-1.509721172,-2.385224401,-1.240153887
Jhoulys Chacin,,29,SD,SP,127,,,,,428,,,,,,,
Jesse Chavez,,33,LAA,RP,49,,,,,428,,,,,,,
Robinson Chirinos,,32,TEX,C,32,,,,,428,,,,,,,
Lonnie Chisenhall,,28,CLE,OF,77,,,,,354,-5.961801872,-2.664963058,-0.307896419,-1.461406664,-2.167034102,-1.507313062,-0.518151624
Tony Cingrani,,27,CIN,RP,50,,,,,428,,,,,,,
Steve Cishek,Injury,30,SEA,RP,35,,,,,287,-4.279349034,-0.960079638,-1.708710303,0.190308227,-1.874304766,-0.508305698,-0.378336495
Patrick Corbin,,27,ARI,SP,129,,,,,428,,,,,,,
J.P. Crawford,,22,PHI,SS,33,,,,,428,,,,,,,
Cheslor Cuthbert,,24,KC,3B,36,,,,,400,-8.207884458,-4.887333541,-0.389840721,-1.761609101,-2.748867385,-2.53180684,-0.775760412
Grant Dayton,,29,LAD,RP,51,,,,223,428,,,,,,,
Delino Deshields Jr.,,24,TEX,OF,99,,,,,428,,,,,,,
Rafael Devers,,20,BOS,3B,38,,,,,428,,,,,,,
Alex Dickerson,,26,SD,OF,100,,,,,428,,,,,,,
R.A. Dickey,,42,ATL,SP,96,,,,,285,-4.21699556,-1.083664454,0.087307738,-0.483225038,-0.17387259,-2.151460543,-1.495745126
Derek Dietrich,,27,MIA,2B,35,,,,,428,,,,,,,
Sean Doolittle,,30,OAK,RP,53,,,,,428,,,,,,,
Brett Eibner,,28,LAD,OF,101,,,,,428,,,,,,,
Eduardo Escobar,,28,MIN,SS,30,,,,,415,-9.596853248,-5.968158491,-0.721913358,-2.059130638,-3.210105589,-2.76771078,-0.837992884
Anderson Espinoza,,19,SD,SP,130,,,,,428,,,,,,,
Andre Ethier,,34,LAD,OF,102,,,,,428,,,,,,,
Michael Feliz,,23,HOU,RP,55,,,,,428,,,,,,,
Mike Fiers,,31,HOU,SP,88,,,,,264,-3.812956528,-0.679625422,0.178945831,-0.483225038,-0.220427687,-2.365022602,-0.923227032
Derek Fisher,,19,HOU,OF,103,,,,,428,,,,,,,
Doug Fister,,33,N/A,SP,131,,,,,428,,,,,,,
Wilmer Flores,,25,NYM,3B,32,,,,,360,-6.451680301,-3.131129384,-0.430161954,-0.910736415,-2.384645691,-1.811545673,-0.914590569
Nick Franklin,,26,TB,OF,104,,,,,428,,,,,,,
Adam Frazier,,25,PIT,OF,92,,,,,413,-9.455648788,-6.158809974,0.019841883,-2.827717793,-3.11720779,-3.520868395,-0.009696692
Clint Frazier,,22,NYY,OF,105,,,,,428,,,,,,,
David Freese,,33,PIT,3B,33,,,,,361,-6.474993243,-3.154442326,-0.719526676,-1.323717246,-2.038784473,-1.369468836,-1.023496013
Yovani Gallardo,,31,SEA,SP,119,,,,,377,-7.259141699,-4.125810593,-0.450855732,-0.483225038,-0.976437355,-2.599775466,-2.748848107
Joey Gallo,,23,TEX,DH,15,,,,,386,-7.570650755,-4.659400447,-1.684252533,-1.017164759,-2.345693561,-1.800867419,-0.722672483
Ben Gamel,,24,SEA,OF,90,,,,,409,-9.135443899,-5.838605085,-0.545746524,-2.284551883,-3.144841774,-3.017491237,-0.14281248
Avisail Garcia,,25,CHW,OF,70,,,,,320,-5.082752758,-1.785913944,-0.653964333,-0.770788838,-1.772275913,-1.422879167,-0.462844508
Scooter Gennett,,26,MIL,2B,30,,,,,390,-7.750823082,-4.303725738,-0.293545475,-1.624880162,-2.635355218,-2.65345943,-0.543582797
Kyle Gibson,,29,MIN,SP,132,,,,,428,,,,,,,
Mychal Givens,,26,BAL,RP,56,,,,,428,,,,,,,
Miguel Gonzalez,,32,CHW,SP,134,,,,,428,,,,,,,
Nick Gordon,,21,MIN,SS,34,,,,,428,,,,,,,
Kendall Graveman,,26,OAK,SP,113,,,,,345,-5.812742212,-2.679411106,0.060224214,-0.483225038,-0.561702488,-2.562466862,-2.265572037
Chad Green,,25,NYY,SP,106,,,,,322,-5.1466408,-2.013309694,-0.756708499,-0.483225038,-0.935561687,-1.85335641,-1.117789165
A.J. Griffin,,29,TEX,SP,135,,,,,428,,,,,,,
Jason Grilli,,40,TOR,RP,58,,,,,428,,,,,,,
Robbie Grossman,,27,MIN,DH,14,,,,,381,-7.393994204,-4.482743896,-0.933072045,-1.595034766,-2.200951159,-2.392977787,-0.271958448
Brandon Guyer,,31,CLE,OF,86,,,,,394,-7.958127286,-4.661288472,-0.213961576,-1.883981425,-2.767951929,-2.594758779,-0.497473577
Brad Hand,,27,SD,SP,136,,,,,428,,,,,,,
Alen Hanson,,24,PIT,2B,32,,,,,404,-8.541763873,-5.094666528,-0.791692272,-2.375079534,-3.260318576,-3.243176715,1.128503225
Ian Happ,,22,CHC,OF,106,,,,,428,,,,,,,
J.J. Hardy,,34,BAL,SS,27,,,,,385,-7.52050651,-3.891811753,-1.093696837,-1.170948264,-2.320519488,-1.911849568,-1.023492353
Will Harris,,32,HOU,RP,27,,,,265,232,-3.319269396,0,-1.572940004,-0.062266747,-1.594867068,-0.058036199,-0.031159377
Chase Headley,,32,NYY,3B,26,,,,,328,-5.279156243,-1.958605326,-1.076324165,-0.941131181,-1.464039575,-1.224912169,-0.572749154
Adeiny Hechavarria,,27,MIA,SS,28,,,,,387,-7.58435327,-3.955658513,-0.554031711,-2.275202677,-2.272901462,-1.903367353,-0.578850067
Liam Hendriks,,28,OAK,RP,59,,,,,428,,,,,,,
Aaron Hicks,,27,NYY,OF,85,,,,,393,-7.943796521,-4.646957707,-1.355491229,-1.538621145,-2.309770218,-2.375250721,-0.364663208
Derek Holland,,30,CHW,SP,137,,,,,428,,,,,,,
Brock Holt,,28,BOS,3B,39,,,,,428,,,,,,,
Brent Honeywell,,22,TB,SP,138,,,,,428,,,,,,,
Nick Hundley,,33,SF,C,34,,,,,428,,,,,,,
Drew Hutchison,,26,PIT,SP,139,,,,,428,,,,,,,
Chris Iannetta,,33,ARI,C,35,,,,,428,,,,,,,
Jose Iglesias,,27,DET,SS,21,,,,,363,-6.486823531,-2.858128775,0.02356169,-2.163763303,-2.236342845,-2.002976584,-0.107302489
Jon Jay,,32,CHC,OF,107,,,,,428,,,,,,,
JaCoby Jones,,24,DET,3B,40,,,,,428,,,,,,,
Matt Joyce,,32,OAK,OF,108,,,,,428,,,,,,,
Nate Karns,,29,KC,SP,140,,,,,428,,,,,,,
Hyun-soo Kim,,29,BAL,OF,76,,,,,352,-5.895529739,-2.598690925,0.549367554,-1.418134771,-2.119083146,-2.208371922,-0.699307454
Corey Knebel,,25,MIL,RP,67,,,,,428,,,,,,,
Tom Koehler,,30,MIA,SP,142,,,,,428,,,,,,,
Chad Kuhl,,24,PIT,SP,112,,,,,342,-5.726655491,-2.593324385,-0.739599928,-0.483225038,-1.404312043,-1.904203426,-1.195315056
Brett Lawrie,,27,CHW,2B,36,,,,,428,,,,,,,
Mike Leake,,29,STL,SP,78,,,,,234,-3.343093789,-0.209762683,0.430181942,-0.483225038,-0.429975837,-1.821152419,-1.038922436
Colby Lewis,,37,TEX,SP,143,,,,,428,,,,,,,
Adam Lind,,33,SEA,1B,34,,,,,428,,,,,,,
Rymer Liriano,,25,CHW,OF,110,,,,,428,,,,,,,
Reynaldo Lopez,,23,CHW,SP,144,,,,,428,,,,,,,
Michael Lorenzen,,25,CIN,RP,68,,,,,428,,,,,,,
Jed Lowrie,,32,OAK,2B,33,,,,,408,-9.004910283,-5.557812938,-0.850522918,-1.939638871,-2.768056641,-2.448253999,-0.998437854
Martin Maldonado,,30,LAA,C,36,,,,,428,,,,,,,
Francis Martes,,21,HOU,SP,146,,,,,428,,,,,,,
Jefry Marte,Sleeper,25,LAA,OF,111,,,,,428,,,,,,,
Ketel Marte,,23,ARI,SS,35,,,,,428,,,,,,,
Jorge Mateo,,21,NYY,SS,36,,,,,428,,,,,,,
Trevor May,,27,MIN,RP,71,,,,,428,,,,,,,
Brandon McCarthy,,33,LAD,SP,147,,,,,428,,,,,,,
Jake McGee,,30,COL,RP,72,,,,,428,,,,,,,
Austin Meadows,,21,PIT,OF,113,,,,,428,,,,,,,
Jordy Mercer,,30,PIT,SS,24,,,,,371,-6.952267725,-3.323572968,-0.728910878,-1.497458405,-2.233089907,-1.658585619,-0.834222916
Whit Merrifield,,28,KC,2B,31,,,,,398,-8.167959125,-4.720861781,-0.447371344,-2.362664959,-2.668336193,-3.040830591,0.351243962
Alex Meyer,,27,LAA,SP,148,,,,,428,,,,,,,
Shelby Miller,,26,ARI,SP,108,,,,,327,-5.222407068,-2.089075962,-0.149604736,-0.483225038,-0.35932832,-2.092091977,-2.138156996
Ariel Miranda,,28,SEA,SP,114,,,,,346,-5.842175766,-2.70884466,-1.166531552,-0.483225038,-1.409392004,-1.68440242,-1.098624751
Raul Mondesi,,21,KC,2B,37,,,,,428,,,,,,,
Miguel Montero,,33,CHC,C,28,,,,,425,-11.34653792,-3.748535834,-1.280058892,-1.966703053,-3.892678506,-3.25368224,-0.953415226
Logan Morrison,,29,TB,1B,36,,,,,428,,,,,,,
Charlie Morton,,33,HOU,SP,149,,,,,428,,,,,,,
Steven Moya,,25,DET,OF,114,,,,,428,,,,,,,
Omar Narvaez,,25,CHW,C,38,,,,,428,,,,,,,
Jimmy Nelson,,27,MIL,SP,118,,,,,372,-7.001974099,-3.868642993,-0.667656878,-0.483225038,-0.260248525,-2.820407225,-2.770436434
Juan Nicasio,,30,PIT,SP,94,,,,,280,-4.170465237,-1.037134131,-1.546767309,-0.39903338,-1.277978972,-0.267032115,-0.679653461
Brandon Nimmo,,24,NYM,OF,115,,,,,428,,,,,,,
Peter O'Brien,,26,KC,OF,116,,,,,428,,,,,,,
Darren O'Day,,34,BAL,RP,73,,,,,428,,,,,,,
Paulo Orlando,,31,KC,OF,82,,,,,383,-7.474672072,-4.177833258,-0.168805452,-2.108629962,-2.925622423,-2.50340187,0.231787636
Angel Pagan,,35,N/A,OF,117,,,,,428,,,,,,,
Byung-ho Park,,30,MIN,1B,26,,,,,370,-6.8671169,-4.170321622,-1.450799504,-0.936306862,-1.788440613,-1.977878896,-0.713691024
Jarrett Parker,,28,SF,OF,84,,,,,391,-7.901638459,-4.604799645,-1.565854422,-1.469803017,-2.385167924,-2.044495164,-0.436317932
Gerardo Parra,,29,COL,OF,118,,,,,428,,,,,,,
Wily Peralta,,27,MIL,SP,151,,,,,428,,,,,,,
Luis Perdomo,,32,N/A,SP,152,,,,,428,,,,,,,
Martin Perez,,25,TEX,SP,115,,,,,362,-6.479635056,-3.34630395,0.208747912,-0.483225038,-0.732996872,-2.365495854,-3.106665203
Roberto Perez,,28,CLE,C,29,,,,,426,-11.87958005,-4.28157797,-1.513716533,-2.012968928,-3.819611353,-3.535462823,-0.997820417
Glen Perkins,,34,MIN,RP,75,,,,,428,,,,,,,
Jace Peterson,,26,ATL,2B,34,,,,,416,-9.599305057,-6.152207712,-1.093876134,-2.308186684,-3.03404954,-2.993062372,-0.170130327
Josh Phegley,,29,OAK,C,40,,,,,428,,,,,,,
Kevin Quackenbush,,28,SD,RP,77,,,,,428,,,,,,,
Roman Quinn,,23,PHI,OF,119,,,,,428,,,,,,,
Colby Rasmus,,30,TB,OF,80,,,,,367,-6.81623886,-3.519400046,-2.416482547,-0.259719566,-1.91628409,-1.533021664,-0.690730993
A.J. Reed,,23,HOU,1B,31,,,,,407,-8.910112858,-6.213317581,-0.901494113,-2.012968928,-2.474635226,-2.472307616,-1.048706976
Alex Reyes,Injury,22,STL,SP,153,,,,175,428,,,,,,,
Mark Reynolds,,33,COL,1B,37,,,,,428,,,,,,,
Felipe Rivero,,25,PIT,RP,34,,,,,278,-4.098669646,-0.77940025,-1.635739739,-0.39903338,-1.476347876,-0.133349659,-0.454198992
Victor Robles,,19,WAS,OF,121,,,,,428,,,,,,,
Brendan Rodgers,,20,COL,SS,37,,,,,428,,,,,,,
Sean Rodriguez,,31,ATL,2B,38,,,,,428,,,,,,,
Bruce Rondon,,26,DET,RP,80,,,,,428,,,,,,,
Eddie Rosario,,25,MIN,OF,68,,,,,315,-4.957461616,-1.660622802,-0.545799193,-1.047549385,-1.685861385,-1.511114781,-0.167136872
Trevor Rosenthal,,26,STL,RP,81,,,,,428,,,,,,,
Ryan Rua,,27,TEX,OF,122,,,,,428,,,,,,,
Carlos Ruiz,,38,SEA,C,30,,,,,427,-12.74367656,-5.145674473,-0.867904421,-2.581703774,-4.51913247,-3.933767806,-0.841168087
Hyun-Jin Ryu,,30,LAD,SP,155,,,,,428,,,,,,,
Anibal Sanchez,,33,DET,SP,156,,,,,428,,,,,,,
Hector Santiago,,29,MIN,SP,157,,,,,428,,,,,,,
Luis Sardinas,,23,SD,SS,38,,,,,428,,,,,,,
Scott Schebler,,26,CIN,OF,59,,,,,255,-3.681806492,-0.384967678,-1.028455357,-0.529023723,-1.050300014,-0.769898596,-0.304128802
James Shields,,35,CHW,SP,158,,,,,428,,,,,,,
Kevin Siegrist,,27,STL,RP,82,,,,,428,,,,,,,
Andrelton Simmons,,27,LAA,SS,20,,,,,348,-5.857953492,-2.229258735,-0.206738801,-2.046556206,-1.80055334,-1.526051553,-0.278053593
Dominic Smith,,21,NYM,1B,38,,,,,428,,,,,,,
Mallex Smith,,23,TB,OF,89,,,,,401,-8.237366024,-4.94052721,-0.94336234,-2.558555266,-3.060950124,-3.55273791,1.878239616
Seth Smith,,34,BAL,OF,72,,,,,335,-5.509735224,-2.212896409,-0.659707663,-0.885270491,-1.583595254,-1.357062775,-1.02409904
Justin Smoak,,30,TOR,1B,30,,,,,397,-8.141339386,-5.444544109,-1.670071598,-0.8134261,-2.691601458,-1.952964275,-1.013275955
Joakim Soria,,32,KC,RP,83,,,,,428,,,,,,,
Geovany Soto,,34,CHW,C,41,,,,,428,,,,,,,
Cory Spangenberg,,26,SD,2B,40,,,,,428,,,,,,,
Brock Stewart,,25,LAD,SP,160,,,,,428,,,,,,,
Drew Storen,,29,CIN,RP,84,,,,,428,,,,,,,
Matt Strahm,,25,KC,RP,22,,,,,189,-2.456449979,0.862819417,-1.2917771,-0.39903338,-0.377631222,0.300681486,-0.688689763
Hunter Strickland,,28,SF,RP,29,,,,,239,-3.448670411,-0.129401015,-1.570308237,-0.314841722,-1.671719626,0.05903747,0.049161704
Pedro Strop,,31,CHC,RP,33,,,,242,275,-4.049916832,-0.730647436,-1.659227489,-0.483225038,-1.751186229,-0.16926773,0.012989654
Andrew Susac,,27,MIL,C,42,,,,,428,,,,,,,
Kurt Suzuki,,33,ATL,C,43,,,,,428,,,,,,,
Michael Taylor,,26,WAS,OF,125,,,,,428,,,,,,,
Trayce Thompson,,26,LAD,OF,126,,,,,428,,,,,,,
Carlos Torres,,34,MIL,RP,86,,,,,428,,,,,,,
Koji Uehara,,41,CHC,RP,87,,,,219,428,,,,,,,
Chase Utley,,38,LAD,2B,41,,,,,428,,,,,,,
Luis Valbuena,,31,LAA,3B,34,,,,,369,-6.840772636,-3.520221718,-1.676566958,-0.778425452,-1.866703814,-1.614394917,-0.904681495
Jason Vargas,,34,KC,SP,162,,,,,428,,,,,,,
Kennys Vargas,,26,MIN,DH,12,,,,,316,-4.961794461,-2.050544153,-1.16489514,-0.202415894,-1.705811798,-0.86634131,-1.022330319
Christian Vazquez,,26,BOS,C,44,,,,,428,,,,,,,
Yordano Ventura,,25,N/A,SP,163,,,,,428,,,,,,,
Dan Vogelbach,,24,SEA,1B,28,,,,,375,-7.204717045,-4.507921768,-1.119023264,-1.650858321,-1.834053693,-1.66148234,-0.939299428
Forrest Wall,,21,COL,2B,42,,,,,428,,,,,,,
Jesse Winker,,23,CIN,OF,127,,,,,428,,,,,,,
Matt Wisler,,24,ATL,SP,116,,,,,365,-6.717485163,-3.584154057,-0.863857794,-0.483225038,-1.256966775,-2.612725709,-1.500709846
Tony Wolters,,24,COL,C,45,,,,,428,,,,,,,
Alex Wood,Sleeper,26,LAD,RP,89,,,,,428,,,,,,,
David Wright,Injury,34,NYM,3B,37,,,,,423,-10.73743631,-7.416885394,-0.72508479,-2.465607186,-3.50948428,-3.388867741,-0.648392315
Bradley Zimmer,,24,CLE,OF,128,,,,,428,,,,,,,