Name,Team,G,PA,AB,H,2B,3B,HR,R,RBI,BB,SO,HBP,SB,CS,AVG,OBP,SLG,OPS,wOBA,Fld,BsR,WAR,ADP,playerid
Mike Trout,Angels,157,658,517,153,28,4,40,114,101,124,135,10,23,6,0.295,0.437,0.595,1.032,0.427,0.3,3.6,9.2,1.1,10155
Juan Soto,Nationals,152,637,539,158,30,3,32,97,101,92,122,2,7,3,0.294,0.397,0.538,0.935,0.395,-4.2,0.4,4.8,34.4,20123
Bryce Harper,,150,630,506,136,29,1,34,98,100,113,146,4,12,5,0.269,0.403,0.532,0.935,0.393,-3.5,0.8,5,20.7,11579
J.D. Martinez,Red Sox,155,651,576,169,35,2,39,98,117,66,163,4,4,2,0.293,0.366,0.565,0.931,0.389,-0.1,-1.8,4,5.6,6184
Mookie Betts,Red Sox,162,679,591,178,43,4,29,115,95,76,92,5,27,7,0.301,0.382,0.532,0.913,0.386,16.5,5.3,7.3,2,13611
Christian Yelich,Brewers,155,651,567,169,35,4,27,98,94,72,136,6,17,5,0.297,0.38,0.519,0.898,0.383,2.3,2.7,5.3,7.8,11477
Giancarlo Stanton,Yankees,145,609,530,138,25,1,44,94,113,67,179,7,3,1,0.261,0.349,0.563,0.912,0.381,1.6,-0.2,4.2,22.8,4949
Joey Votto,Reds,155,651,525,149,28,2,21,86,81,114,108,7,4,1,0.284,0.415,0.466,0.881,0.38,1.8,-3,3.9,67.7,4314
Jose Ramirez,Indians,155,651,562,162,41,4,28,100,94,77,75,5,25,8,0.289,0.377,0.524,0.901,0.38,3.4,3.7,6.3,3.9,13510
Freddie Freeman,Braves,157,658,565,165,39,3,27,91,93,80,132,8,8,3,0.292,0.384,0.513,0.897,0.379,4.9,0.4,4.5,20.5,5361
Nolan Arenado,Rockies,155,651,578,166,38,4,36,97,112,62,114,3,3,2,0.287,0.357,0.55,0.907,0.379,6.3,-0.5,4.9,7.9,9777
Aaron Judge,Yankees,153,644,535,137,23,1,38,99,99,96,201,6,8,3,0.255,0.372,0.517,0.888,0.377,6.7,0.4,5.3,17,15640
Anthony Rizzo,Cubs,155,651,548,153,33,2,28,89,98,78,89,19,8,4,0.279,0.384,0.501,0.885,0.375,4.7,-1.4,4.3,36,3473
Kris Bryant,Cubs,155,651,552,151,33,4,28,94,86,76,145,16,6,4,0.273,0.373,0.498,0.872,0.372,0.7,1.7,5.4,33.4,15429
Alex Bregman,Astros,155,651,562,156,39,3,25,95,91,75,88,8,11,5,0.278,0.369,0.494,0.863,0.37,-2.2,0.7,5.5,13.4,17678
Nelson Cruz,Twins,150,630,553,152,24,1,36,83,112,59,135,12,1,0,0.274,0.355,0.517,0.871,0.369,0,-2.4,2.8,96.8,2434
Josh Donaldson,Braves,133,560,473,124,26,2,27,80,78,77,121,5,4,1,0.262,0.368,0.493,0.861,0.369,2.3,0.2,4.4,102,5038
Daniel Murphy,Rockies,147,616,561,175,40,3,22,84,91,44,73,5,4,1,0.311,0.363,0.51,0.873,0.369,-1.2,-0.5,2,70.2,4316
Paul Goldschmidt,Cardinals,157,658,553,151,29,3,27,92,90,93,157,7,12,4,0.273,0.382,0.484,0.866,0.368,3.5,1.4,4.2,19.1,9218
Charlie Blackmon,Rockies,150,630,563,165,29,6,26,101,73,51,119,9,12,6,0.293,0.358,0.505,0.864,0.368,-0.7,0.7,2.7,27.4,7859
Shohei Ohtani,Angels,125,525,464,126,26,2,28,77,86,54,149,3,12,4,0.271,0.348,0.515,0.864,0.366,0,0.7,2.8,180.3,19755
Shohei Ohtani,Angels,125,525,464,126,26,2,28,77,86,54,149,3,12,4,0.271,0.348,0.515,0.864,0.366,0,0.7,2.8,180.3,19755
Joey Gallo,Rangers,155,651,548,120,23,3,46,99,104,92,236,8,8,3,0.219,0.338,0.526,0.865,0.366,-2.4,1.9,3.6,104,14128
Francisco Lindor,Indians,145,609,539,155,33,3,26,93,80,56,84,5,18,7,0.288,0.357,0.506,0.863,0.366,9.7,1,6,10.5,12916
Justin Turner,Dodgers,153,644,559,161,36,1,21,83,86,63,90,16,5,1,0.289,0.373,0.474,0.847,0.364,2.1,-0.1,5.2,109.9,5235
Vladimir Guerrero Jr.,Blue Jays,142,595,531,158,31,2,24,81,85,50,79,6,5,3,0.297,0.36,0.497,0.857,0.364,-2.2,-0.2,4.3,39.2,sa920245
Anthony Rendon,Nationals,153,644,561,160,40,2,23,87,91,69,98,7,5,2,0.284,0.366,0.485,0.851,0.364,6,1.2,5.2,44.5,12861
Rhys Hoskins,Phillies,155,651,556,139,29,2,35,92,107,81,152,8,5,3,0.25,0.351,0.5,0.851,0.363,2.1,0.6,3.6,40.7,16472
Cody Bellinger,Dodgers,150,630,550,145,28,5,33,88,98,72,148,3,12,3,0.263,0.35,0.512,0.862,0.362,3.2,1.8,4.4,45.9,15998
Eloy Jimenez,White Sox,137,574,529,154,29,3,27,72,80,37,110,4,1,2,0.291,0.34,0.513,0.853,0.361,-3.4,-0.3,3,117.7,sa830373
Ronald Acuna Jr.,Braves,155,651,581,161,31,5,30,94,84,57,166,6,25,11,0.278,0.345,0.501,0.846,0.361,1.3,1.1,3.8,9.2,18401
Matt Carpenter,Cardinals,148,623,515,130,33,2,25,93,73,94,142,7,4,2,0.252,0.372,0.471,0.843,0.36,-5.3,-0.2,3.8,73.2,8090
Manny Machado,Padres,153,644,574,161,32,2,31,85,93,61,104,3,10,3,0.28,0.349,0.507,0.856,0.359,5.4,0,5.2,16.4,11493
Jose Altuve,Astros,153,644,576,176,33,3,17,90,77,54,80,8,21,6,0.306,0.37,0.464,0.834,0.359,-2.6,1,4.8,14.2,5417
Trevor Story,Rockies,153,644,582,155,36,5,34,88,103,52,184,6,20,6,0.267,0.33,0.519,0.849,0.358,-0.2,1.8,3.8,17.6,12564
Yasiel Puig,Reds,142,595,528,142,28,2,29,78,88,58,121,4,15,7,0.27,0.345,0.494,0.839,0.357,2.9,-0.6,3.2,75.4,14225
Andrew McCutchen,Phillies,142,595,506,131,26,2,25,79,77,76,133,7,11,6,0.259,0.361,0.464,0.825,0.356,-1.8,-1,2.8,142.9,9847
Andrew Benintendi,Red Sox,153,644,563,160,37,5,18,95,81,68,103,4,19,6,0.285,0.363,0.463,0.826,0.355,1.9,1.8,3.6,28.5,17901
Joc Pederson,Dodgers,96,404,346,84,20,2,20,54,57,49,91,5,4,3,0.244,0.345,0.488,0.833,0.355,-1.2,-0.1,2.2,362.7,11899
Eugenio Suarez,Reds,150,630,549,143,26,2,29,82,95,67,150,8,4,2,0.261,0.348,0.477,0.826,0.353,-0.7,-1,3.7,54.8,12552
Miguel Cabrera,Tigers,155,651,567,158,31,1,24,77,87,75,128,4,1,1,0.279,0.365,0.464,0.828,0.352,-0.1,-3.7,2.4,166.7,1744
Khris Davis,Athletics,157,658,580,141,27,1,41,90,113,64,189,9,1,1,0.243,0.324,0.508,0.832,0.352,0,-1.7,2.4,44,9112
Corey Seager,Dodgers,152,637,566,160,36,3,21,87,82,58,121,6,4,1,0.282,0.352,0.468,0.821,0.351,3.4,1.3,5.2,83.3,13624
Jesse Winker,Reds,133,560,480,135,27,0,15,69,62,69,89,4,3,2,0.281,0.374,0.434,0.808,0.351,-3.7,-0.7,2,198.8,13590
Xander Bogaerts,Red Sox,153,644,576,164,37,3,20,88,89,57,114,6,10,3,0.285,0.353,0.463,0.816,0.35,-2.5,1.9,4.2,47.8,12161
Nicholas Castellanos,Tigers,153,644,587,162,37,5,25,76,90,46,146,5,3,2,0.276,0.333,0.488,0.82,0.348,-8.9,-0.9,2.1,93.7,11737
Michael Conforto,Mets,155,651,557,138,29,1,30,84,92,80,163,8,4,3,0.247,0.348,0.465,0.814,0.348,2.1,0.4,3.7,109.6,16376
David Peralta,Diamondbacks,152,637,575,162,31,5,23,80,78,50,124,6,5,2,0.282,0.343,0.472,0.815,0.348,0,0.6,2.8,138.1,2136
Carlos Correa,Astros,153,644,559,147,31,2,25,87,99,74,140,4,6,1,0.263,0.351,0.461,0.812,0.348,-2.1,1.1,4.7,50.2,14162
Yasmani Grandal,Brewers,114,480,407,97,19,1,23,57,67,67,122,2,2,2,0.238,0.347,0.457,0.804,0.348,0.9,-2.4,3.4,130.1,11368
Kyle Schwarber,Cubs,137,574,485,115,18,2,31,79,82,81,167,4,4,2,0.237,0.348,0.475,0.823,0.348,0.9,0.4,2.7,214.3,16478
George Springer,Astros,153,644,560,146,27,2,26,97,77,70,134,8,8,5,0.261,0.349,0.452,0.802,0.347,-2.5,0.1,3.7,64.8,12856
Marcell Ozuna,Cardinals,150,630,577,163,27,3,26,76,96,46,122,3,2,2,0.283,0.338,0.474,0.812,0.347,3.1,0,3.2,77.8,10324
Gary Sanchez,Yankees,131,550,488,120,23,0,32,77,93,51,136,6,3,1,0.246,0.323,0.491,0.814,0.347,-3.8,-0.3,3.5,58.5,11442
Luke Voit,Yankees,118,497,441,116,21,2,22,65,72,46,118,6,1,1,0.263,0.34,0.466,0.806,0.347,0.2,0,1.9,192.3,14811
Adam Eaton,Nationals,147,616,539,156,30,5,11,82,57,57,107,12,12,5,0.289,0.368,0.423,0.791,0.346,4.5,1.7,3.1,205.3,11205
Mike Moustakas,Brewers,145,609,553,146,29,1,33,75,98,44,100,6,2,1,0.264,0.322,0.497,0.82,0.346,-2.1,-1.7,3,151.6,4892
Carlos Santana,Indians,150,630,526,129,28,2,23,80,83,95,96,3,4,1,0.245,0.361,0.436,0.797,0.346,0.1,-0.3,1.7,201,2396
Max Muncy,Dodgers,134,562,476,114,21,2,26,74,76,76,149,5,3,1,0.24,0.349,0.456,0.805,0.346,-0.9,0.3,2.4,109.4,13301
J.T. Realmuto,Phillies,130,544,495,135,29,3,22,69,77,36,111,8,5,2,0.273,0.33,0.48,0.81,0.345,2.1,0.9,4.3,51.4,11739
Jose Abreu,White Sox,150,630,573,159,34,2,26,76,91,39,123,13,2,0,0.277,0.335,0.48,0.815,0.345,-0.9,-1.2,2,86,15676
Aaron Hicks,Yankees,150,630,536,134,25,3,25,86,81,83,124,3,12,5,0.25,0.351,0.445,0.796,0.345,1.3,1.6,4,121.9,5297
Matt Olson,Athletics,155,651,565,136,30,1,33,86,94,74,170,6,2,1,0.24,0.333,0.473,0.806,0.345,5.9,-0.7,3.2,113.7,14344
David Dahl,Rockies,142,595,548,149,29,5,27,75,92,40,153,2,13,6,0.272,0.322,0.493,0.815,0.345,1.4,0.7,1.7,72.5,13744
Steve Pearce,Red Sox,82,343,302,79,16,1,13,43,47,32,65,6,0,1,0.261,0.34,0.457,0.797,0.343,-0.8,-0.6,0.9,534.7,9957
Wilmer Flores,Diamondbacks,144,604,554,156,35,1,23,70,89,37,73,6,2,1,0.282,0.33,0.475,0.805,0.343,-4.3,-1.6,2.6,417.3,5827
Josh Bell,Pirates,147,616,535,143,29,4,18,75,77,73,110,2,4,4,0.267,0.354,0.439,0.793,0.343,-3.3,-2.1,1.6,269.7,13145
Travis Shaw,Brewers,152,637,557,140,30,1,29,80,93,70,136,5,6,2,0.251,0.337,0.465,0.802,0.342,0.4,-0.2,3.3,99.7,11982
Javier Baez,Cubs,152,637,592,161,31,5,31,86,99,33,165,6,18,7,0.272,0.316,0.501,0.817,0.342,-0.1,2,3.9,16.6,12979
Brandon Belt,Giants,150,630,537,135,32,4,20,75,71,83,153,6,5,2,0.251,0.355,0.435,0.79,0.341,8,0.1,3,393.7,10264
Eric Thames,Brewers,55,231,199,46,10,1,12,31,32,27,72,3,4,1,0.232,0.331,0.472,0.803,0.341,-0.7,0.1,0.9,443,3711
Ryan Braun,Brewers,133,560,505,135,28,2,24,74,82,46,110,4,13,5,0.267,0.331,0.473,0.804,0.341,-1.4,-0.8,1.8,202.2,3410
Jose Martinez,Cardinals,111,466,420,120,23,1,13,55,60,39,84,2,3,1,0.287,0.348,0.439,0.787,0.341,-1.8,-0.3,1.7,223.2,7996
C.J. Cron,Twins,112,469,425,111,24,1,22,57,71,30,109,10,2,2,0.26,0.32,0.479,0.799,0.341,0.8,-0.9,1.5,259.6,12546
Tommy Pham,Rays,138,581,500,127,20,4,21,83,67,69,157,7,16,6,0.253,0.35,0.432,0.782,0.34,3.1,1.6,3.1,56.4,2967
Edwin Encarnacion,Mariners,137,574,491,116,18,1,29,73,87,71,132,6,2,0,0.237,0.337,0.454,0.791,0.34,0,-2.2,1.7,129.6,2151
Jesus Aguilar,Brewers,150,630,559,140,27,1,32,80,102,59,163,6,0,0,0.25,0.325,0.473,0.798,0.34,2.4,-0.9,2,80.8,11342
Mitch Haniger,Mariners,153,644,567,148,31,3,24,81,83,61,146,10,8,4,0.26,0.339,0.451,0.79,0.34,3,-0.4,3.4,95.4,14274
Trea Turner,Nationals,153,644,580,163,30,7,17,92,68,53,120,4,41,10,0.281,0.343,0.446,0.789,0.34,1.7,5.3,4.4,8,16252
Matt Chapman,Athletics,155,651,577,141,34,4,30,88,87,62,178,7,4,3,0.244,0.322,0.472,0.794,0.34,9.6,0.9,4.9,111.5,16505
Rafael Devers,Red Sox,133,560,512,137,30,1,25,72,81,43,129,1,6,3,0.268,0.324,0.478,0.803,0.339,-4.2,0.5,2.4,151.6,17350
Gleyber Torres,Yankees,150,630,560,146,25,3,27,75,90,57,148,6,11,5,0.261,0.332,0.459,0.791,0.339,-6.3,-0.3,2.8,65.3,16997
Stephen Piscotty,Athletics,153,644,571,148,37,2,23,79,84,57,133,10,4,3,0.259,0.335,0.449,0.784,0.338,1.7,-1.3,2.8,156.4,13367
Asdrubal Cabrera,Rangers,142,595,539,148,33,2,20,72,76,45,109,5,2,1,0.275,0.334,0.454,0.788,0.338,-5,-1.4,2,231.7,4962
Shin-Soo Choo,Rangers,152,637,541,136,25,1,20,85,65,79,148,10,7,3,0.252,0.356,0.414,0.77,0.338,0,-0.3,1.1,289.3,3174
Ryan Zimmerman,Nationals,129,540,486,127,27,1,23,67,83,43,114,4,3,1,0.261,0.324,0.468,0.792,0.338,-2.6,-0.3,1.1,348.5,4220
Jung Ho Kang,Pirates,44,185,163,42,9,1,7,22,24,15,42,5,2,1,0.257,0.335,0.444,0.78,0.338,-0.1,-0.2,0.9,522.9,17182
Tyler O'Neill,Cardinals,24,100,90,22,4,0,6,13,16,8,31,1,1,0,0.248,0.311,0.485,0.795,0.338,0,0.2,0.4,387.5,15711
Lorenzo Cain,Brewers,150,630,559,160,27,3,13,86,55,58,104,6,23,6,0.285,0.358,0.416,0.773,0.338,7.3,2.7,4.1,60.5,9077
Franmil Reyes,Padres,133,560,502,128,21,1,27,71,78,51,149,3,1,1,0.255,0.325,0.466,0.791,0.338,-1.9,-0.2,2,229.3,14566
Dan Vogelbach,Mariners,27,112,96,24,4,0,4,14,14,15,25,1,0,0,0.248,0.35,0.423,0.774,0.338,0,-0.1,0.4,599.9,14130
Buster Posey,Giants,130,547,482,139,27,1,11,61,61,55,66,5,4,1,0.288,0.364,0.417,0.78,0.338,7.5,-1.4,4.3,145.1,9166
Miguel Andujar,Yankees,145,609,567,158,37,2,24,76,87,30,97,5,3,2,0.278,0.317,0.477,0.794,0.337,-5.4,0.2,2,80.2,15878
Justin Smoak,Blue Jays,153,644,557,131,29,1,29,78,88,79,168,3,1,1,0.236,0.333,0.449,0.782,0.337,1.4,-2.3,2,230.8,9054
Nick Senzel,Reds,109,456,410,111,26,3,13,55,55,39,105,3,12,5,0.272,0.337,0.448,0.785,0.337,1.7,0.3,2.4,219.1,sa873264
Michael Brantley,Astros,142,595,536,152,31,2,16,75,74,48,66,4,11,3,0.284,0.344,0.437,0.78,0.337,-0.5,1.1,2.3,119.6,4106
Steven Souza Jr.,Diamondbacks,133,560,487,119,24,4,22,68,72,62,162,7,11,4,0.243,0.334,0.443,0.777,0.337,-1.1,1.4,1.9,319.1,5667
Nomar Mazara,Rangers,153,644,581,154,28,3,26,76,93,52,134,6,2,1,0.266,0.33,0.456,0.786,0.337,-0.5,-0.8,1.7,159.3,14553
Randal Grichuk,Blue Jays,130,546,501,122,32,3,30,72,82,35,160,6,4,2,0.243,0.299,0.497,0.796,0.336,3,0.6,2.5,250.8,10243
Gregory Polanco,Pirates,92,385,342,88,20,3,14,49,51,38,79,2,9,3,0.258,0.333,0.454,0.787,0.335,1.6,0.7,1.6,247.6,12907
Miguel Sano,Twins,142,595,518,120,24,1,30,76,86,69,213,3,1,0,0.231,0.324,0.458,0.781,0.335,-3.1,-1.2,2.4,212.9,12164
Kyle Tucker,Astros,33,140,126,33,7,1,6,18,19,11,30,1,4,2,0.26,0.322,0.46,0.783,0.334,0.5,0.1,0.6,287.5,18345
Yoenis Cespedes,Mets,20,85,77,20,4,0,4,11,13,6,21,1,1,0,0.256,0.316,0.477,0.793,0.334,0.4,0.1,0.4,512.6,13110
Jorge Soler,Royals,138,581,504,124,26,0,22,66,66,65,170,6,5,2,0.246,0.337,0.431,0.768,0.334,-0.1,-0.2,1.1,404.6,14221
Max Kepler,Twins,147,616,541,136,32,4,21,77,75,64,110,5,7,4,0.25,0.332,0.443,0.775,0.334,5.1,0.8,2.7,248.6,12144
Corey Dickerson,Pirates,142,595,557,155,36,5,20,71,71,30,112,4,6,3,0.279,0.318,0.471,0.789,0.334,3.2,-0.7,2.3,204.7,10762
Brandon Nimmo,Mets,150,630,528,127,27,5,16,79,56,83,163,13,9,5,0.24,0.356,0.4,0.756,0.334,-4,0.4,2.3,167.8,12927
Tyler White,Astros,137,574,506,128,25,2,22,70,79,56,121,6,3,2,0.253,0.332,0.439,0.771,0.334,0,-0.2,1.6,254.7,15564
Robinson Cano,Mets,150,630,572,157,31,1,21,75,82,47,87,6,1,1,0.275,0.334,0.445,0.779,0.333,-0.5,-1.9,3,128,3269
Justin Upton,Angels,150,630,554,132,26,1,30,81,90,66,190,6,9,3,0.239,0.324,0.45,0.774,0.333,-0.9,1,2.5,97.7,5222
Peter Alonso,Mets,112,470,414,99,20,1,22,56,65,43,118,8,1,2,0.24,0.322,0.454,0.776,0.333,1.2,-0.3,1.6,259,sa873981
Jake Lamb,Diamondbacks,142,595,514,124,27,4,22,74,81,71,158,5,5,3,0.241,0.336,0.439,0.775,0.333,2.8,0.5,1.8,276.5,13329
Brian Dozier,Nationals,133,560,493,121,27,3,22,73,73,57,115,5,10,4,0.246,0.328,0.446,0.774,0.333,-2.1,1.3,2.4,138.4,9810
Ketel Marte,Diamondbacks,152,637,573,160,32,9,12,78,62,54,88,3,10,3,0.279,0.341,0.431,0.772,0.333,-0.5,0.7,2.9,224.3,13613
Matt Adams,Nationals,58,245,223,56,12,0,12,29,40,19,58,2,0,0,0.253,0.314,0.471,0.785,0.333,0.8,-0.2,0.8,542.7,9393
Wil Myers,Padres,135,567,501,123,27,2,23,73,73,58,154,4,18,5,0.245,0.325,0.449,0.774,0.332,-0.2,2.1,2.1,111.4,10047
Eddie Rosario,Twins,153,644,602,166,33,4,25,86,87,34,123,1,9,5,0.276,0.314,0.469,0.783,0.332,4.2,2,2.7,88.4,12155
Ozzie Albies,Braves,155,651,599,163,34,6,20,88,76,40,110,5,16,4,0.272,0.322,0.452,0.773,0.332,6.6,2.5,3.8,59,16556
Justin Bour,Angels,97,406,353,85,14,1,19,47,60,48,102,1,1,0,0.241,0.332,0.445,0.777,0.332,-0.6,-1.5,1,426.1,9744
Marwin Gonzalez,Twins,120,504,453,120,26,2,16,58,63,41,107,4,5,3,0.266,0.332,0.437,0.768,0.331,0.2,-0.7,1.9,247.1,5497
Matt Kemp,Reds,37,154,141,37,8,0,7,18,24,10,37,0,0,0,0.264,0.313,0.468,0.781,0.331,-0.6,-0.8,0.4,304.7,5631
Garrett Hampson,Rockies,63,263,236,68,12,3,4,32,24,22,44,1,14,4,0.286,0.347,0.413,0.76,0.331,1,1.3,0.9,194.3,19262
Willson Contreras,Cubs,114,480,421,108,23,3,14,53,59,47,106,8,4,2,0.256,0.339,0.421,0.76,0.331,-0.5,-1.6,2.7,141.4,11609
Ryan McMahon,Rockies,139,583,528,142,31,4,18,67,72,45,155,4,8,3,0.269,0.328,0.445,0.772,0.331,0,0.5,1.5,461.8,15112
Didi Gregorius,Yankees,70,294,269,72,13,1,11,37,41,18,38,3,4,2,0.269,0.32,0.453,0.773,0.33,0.8,0.5,1.7,396.3,6012
Eric Hosmer,Padres,155,651,581,155,28,2,21,78,80,64,129,1,7,3,0.267,0.338,0.429,0.767,0.33,0.1,-1,1.5,177.4,3516
Starling Marte,Pirates,153,644,591,164,32,4,17,83,72,34,121,13,35,13,0.278,0.33,0.435,0.766,0.33,1.9,2.2,3.4,35.8,9241
Enrique Hernandez,Dodgers,105,443,388,96,20,2,17,56,54,48,91,2,3,1,0.247,0.329,0.441,0.77,0.33,-0.3,1,2,306.7,10472
Nathaniel Lowe,Rays,75,315,282,74,13,1,11,38,38,29,68,2,1,1,0.261,0.332,0.433,0.764,0.329,-0.1,-0.1,0.8,545.6,sa918283
Ian Happ,Cubs,106,447,383,90,18,2,18,55,54,56,146,3,8,4,0.234,0.334,0.431,0.765,0.328,-1.9,-0.2,1.4,270.2,17919
Maikel Franco,Phillies,140,590,541,142,27,1,26,67,88,40,90,3,1,0,0.262,0.313,0.461,0.775,0.328,-4.5,-0.9,2,320.7,12179
Chris Iannetta,Rockies,76,320,272,64,14,0,11,34,37,40,81,4,0,0,0.236,0.341,0.41,0.752,0.328,-1.8,-1.1,1,436.6,8267
Christin Stewart,Tigers,100,420,369,88,16,2,18,51,56,42,104,5,1,1,0.239,0.321,0.438,0.759,0.328,-2.8,-0.1,1,403.2,17714
Mike Tauchman,Rockies,24,99,89,24,5,1,2,12,11,8,19,0,3,2,0.274,0.338,0.419,0.757,0.327,0.3,-0.1,0.1,598.9,15274
Eduardo Escobar,Diamondbacks,148,623,565,147,37,5,21,72,80,47,123,5,3,3,0.26,0.319,0.451,0.77,0.327,1.2,-0.1,2.6,182.8,6153
Yonder Alonso,White Sox,142,595,523,127,22,0,25,70,74,65,135,3,1,0,0.243,0.327,0.429,0.756,0.327,-1.2,-0.9,1.1,333.1,2530
Derek Dietrich,Reds,30,128,113,28,6,1,4,15,15,9,32,5,0,0,0.25,0.327,0.429,0.756,0.327,-0.8,0,0.3,548.5,10542
Trey Mancini,Orioles,148,623,570,148,26,4,25,71,77,43,154,5,1,1,0.259,0.314,0.447,0.762,0.327,-6.5,-0.2,1.1,245,15149
Logan Morrison,,117,490,427,98,19,1,22,57,66,54,114,6,3,1,0.229,0.322,0.435,0.757,0.327,-0.7,-0.2,0.9,596.5,9205
Willians Astudillo,Twins,30,127,120,34,6,0,4,14,16,3,7,2,2,1,0.286,0.314,0.45,0.764,0.327,0.4,-0.1,0.6,245.6,15608
Scott Schebler,Reds,86,361,322,78,16,2,15,43,48,29,86,7,4,2,0.243,0.317,0.444,0.761,0.326,-3.1,0.3,0.9,376.4,12225
Francisco Cervelli,Pirates,110,462,392,100,17,2,9,47,49,54,98,11,3,3,0.254,0.357,0.376,0.733,0.326,-2.2,-1.2,2.3,269.9,5275
A.J. Pollock,Dodgers,142,595,538,139,30,4,20,80,70,43,115,7,19,5,0.258,0.318,0.442,0.76,0.326,1.6,2.2,3.1,114.3,9256
Scooter Gennett,Reds,147,616,567,153,29,3,21,75,83,39,127,4,5,2,0.27,0.32,0.441,0.761,0.326,-4.3,-0.5,1.9,89.7,10339
Josh Fuentes,Rockies,7,29,27,8,2,0,1,3,3,1,6,0,0,0,0.282,0.316,0.443,0.76,0.326,0.1,0,0,999,sa829934
Kendrys Morales,Blue Jays,150,630,563,140,26,0,27,71,87,55,135,5,2,1,0.249,0.32,0.44,0.76,0.326,0,-3.8,0.6,507,8610
Willie Calhoun,Rangers,78,329,302,81,17,1,12,39,41,21,45,2,2,1,0.268,0.319,0.443,0.762,0.326,-1.6,0.1,0.4,456.6,17838
Jonathan Schoop,Twins,117,490,457,120,26,1,21,60,71,22,110,6,1,1,0.263,0.303,0.461,0.764,0.326,-0.9,-0.7,1.9,183.8,11265
Greg Bird,Yankees,43,182,158,36,8,0,8,21,25,20,46,2,0,0,0.225,0.316,0.439,0.755,0.325,0,-0.1,0.3,521.5,14131
Jake Bauers,Indians,147,616,533,129,32,2,18,75,76,71,142,4,16,9,0.243,0.334,0.411,0.745,0.325,1.1,0.4,1.2,237,15194
Clint Frazier,Yankees,20,84,75,18,4,1,3,11,10,8,23,1,1,0,0.242,0.316,0.44,0.756,0.325,-0.7,0,0.2,539.1,15983
Raimel Tapia,Rockies,64,270,251,72,15,4,5,32,29,14,51,2,9,3,0.288,0.327,0.431,0.758,0.325,-0.2,0.8,0.4,499.9,14350
Jackie Bradley Jr.,Red Sox,150,630,555,137,33,4,19,82,78,58,154,10,14,3,0.247,0.328,0.425,0.752,0.325,4.4,2.3,3.1,224.9,12984
Jeff McNeil,Mets,73,307,280,77,14,4,7,37,32,19,40,5,5,2,0.275,0.329,0.424,0.753,0.325,-0.7,1.1,1.3,345.9,15362
Domingo Santana,Mariners,143,602,522,122,24,1,23,68,68,70,210,6,7,3,0.234,0.329,0.418,0.746,0.325,-3.1,0.5,1.8,243,10348
Brian Anderson,Marlins,153,644,569,148,30,4,15,75,67,57,132,12,3,2,0.261,0.338,0.404,0.742,0.324,2.9,-0.3,3.2,302.5,18289
Ian Desmond,Rockies,124,520,471,123,20,4,17,64,69,39,125,5,16,5,0.261,0.322,0.428,0.75,0.324,-3.9,1.3,0.6,143.2,6885
Jean Segura,Phillies,152,637,590,169,30,3,14,82,61,33,83,7,21,9,0.287,0.33,0.419,0.749,0.324,-4.9,0.8,2.6,63.9,5933
Brandon Lowe,Rays,58,245,217,53,12,1,8,29,29,23,61,2,3,2,0.246,0.322,0.426,0.747,0.324,-0.6,0,0.9,545.9,18882
Hunter Renfroe,Padres,75,313,289,72,15,1,16,37,46,18,81,3,2,1,0.248,0.296,0.468,0.765,0.323,0.3,0,1,199.6,15464
Ben Zobrist,Cubs,100,418,367,97,20,3,8,48,43,44,55,2,3,2,0.264,0.343,0.396,0.739,0.323,-0.7,-0.7,1.2,464.9,7435
Victor Robles,Nationals,144,603,540,143,30,6,12,69,63,41,111,13,31,13,0.266,0.332,0.411,0.743,0.323,4,0.6,2.5,99,18363
Jurickson Profar,Athletics,147,616,544,137,31,4,15,77,65,55,95,10,8,2,0.252,0.331,0.41,0.741,0.323,-1.7,1.1,2.7,126.9,10815
Odubel Herrera,Phillies,147,616,561,149,28,4,18,70,69,44,132,7,9,4,0.265,0.324,0.427,0.751,0.323,0.6,0.9,2.3,245.2,11476
Josh Reddick,Astros,92,385,346,91,16,2,12,47,47,34,59,1,5,2,0.264,0.329,0.42,0.749,0.323,1.1,0.6,1.4,499.7,3892
Jedd Gyorko,Cardinals,61,256,228,57,10,1,9,28,33,24,54,1,1,1,0.251,0.323,0.423,0.746,0.323,0.1,-0.6,1,577,10816
Carlos Gonzalez,,125,525,477,121,28,2,19,64,67,42,123,2,4,1,0.254,0.315,0.442,0.757,0.323,0.1,0.1,1.3,505.9,7287
Rougned Odor,Rangers,152,637,580,144,29,3,27,82,83,41,146,9,15,9,0.249,0.307,0.449,0.756,0.323,-1.8,0.4,1.9,133.2,12282
Danny Jansen,Blue Jays,107,448,392,98,23,1,12,52,50,41,73,10,4,1,0.25,0.333,0.404,0.737,0.322,-2,0.4,2.4,192.4,16535
Ji-Man Choi,Rays,100,420,362,86,19,1,14,46,49,50,110,3,3,2,0.237,0.331,0.41,0.741,0.322,-0.1,-0.4,0.7,536.4,5452
Mitch Moreland,Red Sox,83,350,312,76,18,1,12,41,48,32,82,3,1,0,0.245,0.32,0.43,0.75,0.322,2.3,-0.8,0.6,508,3086
Nick Markakis,Braves,150,630,558,154,33,1,11,66,71,62,89,4,1,1,0.275,0.349,0.395,0.744,0.322,-2.2,-1.4,0.9,347.6,5930
Paul DeJong,Cardinals,143,602,548,137,29,2,24,72,83,39,157,9,2,2,0.25,0.308,0.443,0.752,0.322,1.1,-0.1,2.9,187.4,18015
Yuli Gurriel,Astros,133,560,522,145,35,1,14,65,74,25,71,7,4,1,0.278,0.317,0.433,0.749,0.322,-3.6,-0.7,0.9,194.7,19198
Tyler Austin,Twins,17,70,63,15,3,0,3,8,10,6,23,0,0,0,0.235,0.302,0.451,0.753,0.322,0,0,0.1,569.5,11850
Dexter Fowler,Cardinals,84,354,303,72,14,3,9,44,37,43,80,4,6,2,0.239,0.339,0.392,0.731,0.321,-1.7,0.8,1,532.9,4062
Whit Merrifield,Royals,152,637,581,161,35,3,12,78,58,43,104,5,31,9,0.278,0.33,0.411,0.741,0.321,2.7,3.4,3.1,30.4,11281
Nick Williams,Phillies,111,465,426,108,19,4,18,54,62,29,125,6,4,3,0.254,0.308,0.442,0.75,0.321,-1.3,-0.3,0.9,509.9,14330
Robbie Grossman,Athletics,45,189,161,40,9,0,3,21,18,24,37,1,1,1,0.249,0.349,0.373,0.722,0.321,-1.8,-0.3,0.3,598.9,5254
Adam Frazier,Pirates,145,610,547,149,31,5,10,72,58,48,87,6,9,7,0.273,0.337,0.401,0.738,0.321,-0.7,-0.2,2.2,379.3,15223
Kolten Wong,Cardinals,117,490,428,111,23,3,11,53,52,41,76,13,9,4,0.259,0.339,0.401,0.74,0.321,2.3,0.8,2.2,533.4,12532
Johan Camargo,Braves,95,398,360,94,21,2,11,44,48,31,82,3,1,1,0.261,0.322,0.424,0.746,0.321,0.4,-0.3,1.4,406,14950
Jason Heyward,Cubs,125,525,468,124,24,3,11,60,58,48,73,4,5,2,0.264,0.336,0.397,0.733,0.32,9.1,1,2.2,535.6,4940
Cesar Hernandez,Phillies,153,644,555,144,20,5,10,78,50,78,131,4,17,6,0.259,0.352,0.37,0.722,0.32,-2.1,0.9,2.2,169.5,10556
Evan Gattis,,83,350,319,77,15,1,17,39,55,24,77,3,1,1,0.242,0.298,0.455,0.753,0.32,0,-0.9,0.2,565.9,11003
Mark Trumbo,Orioles,142,595,547,133,22,1,29,70,80,42,150,2,1,0,0.243,0.298,0.448,0.746,0.32,0,-1.1,0.5,509.7,6876
Joe Panik,Giants,133,560,501,138,27,4,9,62,52,46,53,5,5,2,0.276,0.34,0.397,0.737,0.32,-0.4,0,2.2,570.6,11936
Hanley Ramirez,Indians,12,49,44,11,2,0,2,6,7,4,10,1,1,0,0.248,0.318,0.425,0.743,0.32,-0.3,-0.1,0.1,596.2,8001
Alex Verdugo,Dodgers,82,345,314,85,17,1,8,38,36,26,48,2,5,2,0.272,0.329,0.407,0.736,0.319,-1.1,0.3,0.8,442.7,17027
Howie Kendrick,Nationals,40,166,152,42,8,1,3,19,17,11,32,2,3,1,0.279,0.332,0.404,0.736,0.319,-0.9,-0.2,0.3,597.3,4229
Brock Holt,Red Sox,60,252,221,58,12,1,4,27,27,25,51,4,5,3,0.263,0.345,0.38,0.725,0.319,-1.5,-0.4,0.5,577.9,9345
Kurt Suzuki,Nationals,73,307,278,73,15,0,9,33,41,17,40,8,0,0,0.263,0.321,0.415,0.736,0.319,-1.2,-0.9,1.3,335,8259
Ben Gamel,Brewers,29,121,109,29,6,1,2,14,12,10,25,1,2,1,0.267,0.332,0.403,0.735,0.319,-0.2,0.2,0.3,595,12160
Austin Meadows,Rays,130,546,500,129,29,3,18,63,66,35,105,4,16,5,0.259,0.309,0.437,0.746,0.319,-1,1.3,1.5,189.8,15672
Lonnie Chisenhall,Pirates,76,320,289,76,17,2,8,34,38,23,58,3,3,1,0.263,0.323,0.418,0.74,0.319,-0.4,0.8,0.8,561.6,7571
Jason Kipnis,Indians,147,616,546,136,33,2,17,73,69,56,122,6,8,3,0.25,0.324,0.409,0.733,0.319,-0.5,1,2.1,426.1,9776
Michael Chavis,Red Sox,3,14,13,3,1,0,1,2,2,1,4,0,0,0,0.245,0.299,0.444,0.743,0.319,0,0,0,597.5,sa828673
Jorge Polanco,Twins,147,616,558,149,30,5,13,73,69,46,105,3,14,7,0.268,0.324,0.41,0.735,0.319,-5.2,0.2,2.1,225.7,13152
Christian Walker,Diamondbacks,43,180,163,40,9,1,7,21,24,13,50,2,1,0,0.243,0.303,0.441,0.744,0.318,0,0,0.3,597.6,13419
Matt Holliday,,50,210,183,44,9,0,7,23,25,23,51,2,0,0,0.241,0.328,0.401,0.729,0.318,-3.8,-0.7,0,999,1873
Chris Taylor,Dodgers,138,581,519,129,30,6,14,71,60,51,154,6,12,6,0.248,0.32,0.41,0.73,0.318,-0.8,1.5,2.3,231.5,13757
Denard Span,,83,350,312,81,15,3,8,42,34,31,53,3,6,3,0.258,0.328,0.399,0.727,0.318,-2.2,0.2,0.5,598.4,8347
Yandy Diaz,Rays,107,448,386,103,16,2,4,49,36,55,90,2,3,2,0.266,0.359,0.353,0.711,0.318,0.5,-0.5,0.9,472.6,16578
Melky Cabrera,Pirates,38,160,148,42,9,1,3,17,19,9,20,1,1,0,0.282,0.325,0.409,0.734,0.318,-0.6,-0.7,0.3,595.5,4022
Ramon Laureano,Athletics,125,525,468,115,24,4,15,65,56,45,141,7,17,5,0.246,0.318,0.412,0.73,0.317,4.5,2,2.8,182.4,17128
Rowdy Tellez,Blue Jays,5,21,19,5,1,0,1,2,3,2,4,0,0,0,0.252,0.311,0.428,0.739,0.317,0,0,0,553.5,15679
Logan Forsythe,Rangers,8,35,30,8,2,0,1,4,3,4,8,0,0,0,0.251,0.344,0.371,0.715,0.317,0,0,0.1,999,7185
Colin Moran,Pirates,120,505,456,120,21,2,14,54,61,40,103,4,1,2,0.264,0.325,0.409,0.733,0.317,-1.3,-1.2,1.5,494.1,16909
Jose Osuna,Pirates,24,99,91,24,6,0,3,11,12,6,18,1,1,1,0.263,0.311,0.426,0.736,0.316,-0.2,-0.1,0.1,999,12937
DJ LeMahieu,Yankees,135,567,510,138,23,2,11,72,55,46,87,3,8,4,0.271,0.333,0.391,0.723,0.316,4.7,-0.7,2.1,249.8,9874
Kyle Seager,Mariners,150,630,568,138,32,1,23,70,83,50,125,7,2,2,0.244,0.31,0.428,0.738,0.316,1.5,-1.4,2.7,272.8,9785
Adalberto Mondesi,Royals,155,651,604,155,30,7,24,83,78,30,164,4,49,12,0.257,0.294,0.449,0.743,0.316,2.6,5.9,3.6,41.5,13769
Yoan Moncada,White Sox,153,644,563,132,25,5,20,77,63,71,200,3,18,7,0.235,0.322,0.402,0.724,0.316,-1.7,1.5,2.4,160.9,17232
Tyler Flowers,Braves,87,367,319,77,15,0,10,35,41,33,96,12,1,0,0.241,0.332,0.382,0.714,0.316,-1.8,-0.7,1.4,444.6,9134
Jeimer Candelario,Tigers,150,630,556,132,33,3,18,75,67,62,153,7,3,1,0.237,0.319,0.406,0.725,0.316,1.4,0.5,2.4,440.2,13621
Teoscar Hernandez,Blue Jays,100,420,380,90,20,3,17,51,51,33,124,3,8,4,0.236,0.3,0.436,0.736,0.315,-1.4,-0.2,0.6,349.9,13066
Dustin Pedroia,Red Sox,132,553,494,134,23,1,10,62,58,51,67,2,5,3,0.272,0.34,0.38,0.719,0.315,4,-1.9,1.8,547.8,8370
Franchy Cordero,Padres,49,206,189,47,8,2,7,24,26,14,70,1,6,2,0.247,0.303,0.431,0.734,0.315,-0.3,0.7,0.7,416.3,14567
Mark Canha,Athletics,47,196,175,42,10,0,7,24,24,15,46,4,1,1,0.239,0.31,0.422,0.732,0.315,-0.9,-0.1,0.4,594.8,11445
Ronald Guzman,Rangers,133,560,504,125,22,3,18,63,66,45,136,7,2,1,0.249,0.317,0.41,0.728,0.315,2.9,0.2,0.6,485.5,14388
Wilson Ramos,Mets,91,384,355,92,16,0,14,38,54,25,70,1,0,0,0.26,0.307,0.429,0.736,0.315,0,-2.2,1.9,134.1,1433
Avisail Garcia,Rays,67,280,257,66,11,2,9,33,36,17,70,3,2,1,0.258,0.311,0.423,0.734,0.315,-0.3,-0.3,0.3,391.3,5760
Ender Inciarte,Braves,153,644,586,164,27,5,9,77,56,45,85,4,23,11,0.279,0.333,0.39,0.723,0.315,5.7,1.4,2.6,135.3,4922
Daniel Robertson,Rays,90,378,324,78,15,1,8,42,35,41,89,9,2,2,0.24,0.337,0.37,0.707,0.315,1.9,-0.2,1.7,546.2,14145
Jay Bruce,Mariners,100,420,376,88,19,2,17,47,57,39,99,1,3,2,0.234,0.307,0.428,0.735,0.315,-1.4,-0.7,0.6,299,9892
Brett Gardner,Yankees,92,385,335,82,14,3,9,52,34,40,72,4,10,2,0.246,0.332,0.383,0.715,0.315,3,1.8,1.3,410.6,9927
Jose Bautista,,83,350,293,61,14,0,12,44,39,50,93,5,3,2,0.21,0.331,0.38,0.711,0.314,0,-1.1,0,999,1887
Eduardo Nunez,Red Sox,43,182,172,48,10,1,4,21,21,7,25,1,5,2,0.282,0.314,0.416,0.729,0.314,-0.3,0,0.4,427.4,6848
Victor Caratini,Cubs,44,183,164,42,9,1,4,20,20,15,37,2,0,0,0.259,0.326,0.395,0.721,0.314,-1,0,0.7,583.5,14968
Ramon Urias,Cardinals,7,28,25,6,1,0,1,3,3,2,6,1,0,0,0.255,0.318,0.403,0.721,0.314,-0.1,0,0.1,999,sa597169
Salvador Perez,Royals,127,534,503,127,25,1,24,57,75,19,105,8,1,1,0.253,0.289,0.451,0.739,0.314,6.4,-2.2,2.9,120.1,7304
Mark Zagunis,Cubs,12,49,42,10,2,0,1,6,5,6,13,1,1,0,0.232,0.34,0.364,0.704,0.314,-0.2,0,0.1,999,16565
Marcus Semien,Athletics,153,644,579,145,31,2,18,77,69,56,130,2,13,4,0.25,0.316,0.407,0.723,0.314,-3.9,1.1,2.6,227,12533
Ryan O'Hearn,Royals,138,581,516,119,27,3,21,64,69,56,156,4,2,0,0.231,0.308,0.418,0.726,0.314,-1.5,-0.1,0.4,401.6,16442
Yonathan Daza,Rockies,8,35,33,10,2,0,0,4,3,1,6,0,1,1,0.295,0.325,0.399,0.724,0.314,0.1,-0.1,0,999,sa597083
Andrelton Simmons,Angels,155,651,598,166,30,3,11,72,70,41,57,4,11,4,0.277,0.326,0.396,0.722,0.313,14.2,0.3,4.4,237.3,10847
Jordan Luplow,Indians,117,490,435,105,23,3,14,60,59,45,106,5,7,4,0.242,0.318,0.404,0.722,0.313,2.5,-0.5,0.9,594.6,16424
Elvis Andrus,Rangers,155,651,594,160,34,4,12,77,66,45,96,4,15,7,0.269,0.322,0.398,0.72,0.313,-3.3,1,1.8,178.7,8709
Austin Riley,Braves,19,79,72,18,4,0,3,9,10,5,23,1,0,0,0.248,0.304,0.427,0.731,0.313,0.1,0,0.2,556.8,sa874756
Kole Calhoun,Angels,150,630,557,134,24,3,20,78,72,60,141,5,6,2,0.241,0.318,0.403,0.721,0.313,3.8,0.4,1.9,459.4,11200
Jed Lowrie,Mets,142,598,527,129,29,2,15,67,62,62,111,3,0,0,0.244,0.326,0.389,0.715,0.313,0.4,-1.1,2.1,291.5,4418
Zack Cozart,Angels,150,630,563,138,28,5,18,77,64,53,104,6,3,1,0.245,0.315,0.407,0.722,0.313,6,-0.4,3,491.5,2616
Curtis Granderson,Marlins,124,520,444,99,21,3,15,62,50,66,129,5,4,1,0.223,0.327,0.384,0.711,0.313,-4,-0.1,0.8,576.5,4747
Todd Frazier,Mets,69,290,253,56,11,0,12,33,38,29,68,4,4,2,0.221,0.31,0.409,0.719,0.312,0.9,-0.2,0.9,531,785
Adam Jones,,150,630,589,156,28,1,21,70,72,29,106,6,4,1,0.265,0.304,0.422,0.726,0.312,-9.7,0.3,1,373.3,6368
Billy McKinney,Blue Jays,100,420,377,89,19,4,14,49,46,34,104,3,2,1,0.236,0.303,0.421,0.724,0.312,1.1,-0.4,0.8,556.8,15654
Aledmys Diaz,Astros,32,133,123,32,7,0,4,16,16,8,20,1,1,1,0.258,0.305,0.422,0.727,0.312,-0.7,-0.3,0.4,495.1,15937
Evan Longoria,Giants,150,630,579,148,33,3,19,66,76,38,117,6,3,1,0.256,0.306,0.424,0.73,0.312,0.2,0.1,2.1,421.9,9368
David Freese,Dodgers,55,231,205,50,9,1,6,25,29,19,60,5,0,0,0.245,0.324,0.389,0.712,0.311,0.3,-0.9,0.4,592.5,9549
Yadier Molina,Cardinals,118,495,455,121,23,1,13,50,63,28,67,6,5,3,0.266,0.313,0.406,0.72,0.311,4.9,-2.5,2.5,147.2,7007
Daniel Descalso,Cubs,63,263,224,51,10,2,7,30,30,34,65,2,1,1,0.227,0.33,0.377,0.708,0.311,-1.5,0.1,0.5,595.3,8392
Austin Dean,Marlins,95,400,359,94,18,3,9,41,42,26,68,4,3,2,0.261,0.315,0.4,0.715,0.31,-1.9,0,0.6,594.8,18288
Brandon Crawford,Giants,152,637,571,145,33,4,15,64,72,52,129,6,5,4,0.255,0.321,0.406,0.727,0.31,6.3,-0.4,3.1,487.6,5343
Russell Martin,Dodgers,53,224,190,41,7,0,7,25,24,28,56,4,1,1,0.216,0.327,0.369,0.696,0.31,0.7,-1,1.1,519.5,4616
Tyler Naquin,Indians,132,553,502,131,24,3,14,62,61,40,147,4,7,4,0.26,0.317,0.401,0.718,0.31,-1.7,0.3,0.3,588.9,13359
Michael Reed,Twins,7,28,24,6,1,0,1,3,3,3,8,0,1,0,0.233,0.332,0.37,0.702,0.31,-0.1,0,0,999,13228
Franklin Barreto,Athletics,50,210,191,45,8,1,9,25,26,13,66,3,4,2,0.236,0.295,0.427,0.722,0.31,0.6,0.2,0.7,531.1,15519
Daniel Palka,White Sox,108,455,414,94,15,2,23,54,62,35,152,2,4,3,0.226,0.288,0.442,0.73,0.31,-3.5,-0.4,0.3,355.6,14897
Ryon Healy,Mariners,83,350,328,82,15,1,14,37,46,18,79,2,0,0,0.251,0.292,0.431,0.723,0.31,-1.6,-0.8,0.3,457.6,15447
Renato Nunez,Orioles,140,588,536,127,25,1,24,66,73,41,148,5,2,0,0.238,0.296,0.425,0.721,0.31,-0.8,-0.3,1.6,513,14503
Alex Avila,Diamondbacks,91,383,316,66,12,1,11,35,37,61,136,2,1,0,0.208,0.337,0.354,0.692,0.31,0.5,-1.3,1.2,598.5,7476
Neil Walker,Marlins,114,479,422,103,17,2,13,51,51,47,94,4,1,1,0.244,0.324,0.388,0.712,0.31,-0.8,-0.1,0.7,533.5,7539
Nicky Delmonico,White Sox,55,231,205,47,10,2,7,26,25,21,58,2,1,1,0.232,0.31,0.405,0.715,0.31,-1,-0.1,0.2,600,13157
Matt Duffy,Rays,83,350,317,86,15,1,5,38,32,26,61,4,7,3,0.271,0.331,0.373,0.705,0.31,1.4,-0.1,1.2,514.8,13836
LaMonte Wade,Twins,2,7,6,2,0,0,0,1,1,1,1,0,0,0,0.252,0.333,0.37,0.704,0.31,0,0,0,999,sa856280
A.J. Reed,Astros,10,42,37,8,2,0,2,5,6,4,13,0,0,0,0.223,0.302,0.416,0.718,0.31,0,0,0,598.7,16246
Phillip Ervin,Reds,29,121,107,25,5,1,3,13,14,11,30,2,4,2,0.236,0.315,0.394,0.709,0.309,0.2,0.2,0.2,594.7,14738
Noel Cuevas,Rockies,34,144,134,37,6,2,3,16,15,7,28,1,3,2,0.274,0.313,0.405,0.718,0.309,0.2,-0.1,0,999,11894
Kevin Cron,Diamondbacks,15,64,59,14,3,0,3,7,8,4,18,1,0,0,0.239,0.291,0.431,0.722,0.309,0.1,0,0.1,600.8,sa597807
Jose Peraza,Reds,145,609,565,158,25,5,11,69,57,27,73,7,23,8,0.28,0.319,0.396,0.715,0.309,-1.7,2,1.9,96.3,13593
Chad Pinder,Athletics,40,168,153,37,8,1,6,20,19,10,47,3,1,1,0.242,0.3,0.416,0.716,0.309,0.4,-0.2,0.4,510.7,15191
Tony Kemp,Astros,72,301,269,72,11,2,4,35,28,25,40,2,10,4,0.267,0.332,0.37,0.703,0.309,-1.8,0.1,0.6,593,14894
Matt Davidson,Rangers,23,98,87,19,4,0,4,11,13,9,32,1,0,0,0.223,0.299,0.414,0.713,0.309,-0.2,-0.1,0,587.5,7226
Devon Travis,Blue Jays,83,350,327,85,19,2,9,41,40,17,62,3,4,2,0.261,0.301,0.417,0.718,0.309,-2.5,0.2,0.8,580.8,13862
Bobby Bradley,Indians,7,28,25,6,1,0,1,3,4,2,8,0,0,0,0.225,0.292,0.431,0.723,0.309,0.1,0,0,999,sa828799
David Bote,Cubs,26,108,97,24,5,1,3,12,13,8,27,1,1,1,0.242,0.308,0.405,0.713,0.308,0.3,0,0.3,590.4,14593
Dustin Fowler,Athletics,32,133,126,33,6,2,4,15,16,5,27,1,4,2,0.263,0.294,0.427,0.721,0.308,-0.7,0.1,0.3,558.5,17098
Austin Barnes,Dodgers,91,384,329,78,16,1,7,44,38,45,84,6,8,2,0.237,0.338,0.357,0.695,0.308,0.6,0.2,1.9,374.5,12158
Andy Young,Diamondbacks,7,29,26,6,1,0,1,3,3,2,7,1,0,0,0.245,0.306,0.403,0.709,0.308,0,0,0.1,999,sa919031
Cedric Mullins II,Orioles,150,630,575,145,30,4,16,75,62,43,113,4,17,6,0.252,0.307,0.405,0.711,0.308,-1.9,1.6,1.8,293.6,17929
Keston Hiura,Brewers,5,21,19,5,1,0,0,2,2,1,5,0,0,0,0.258,0.309,0.401,0.71,0.308,0,0,0,454.1,sa3004043
Yangervis Solarte,Giants,68,287,263,67,14,1,7,29,33,19,39,2,1,1,0.257,0.311,0.399,0.71,0.308,-1,-1.3,0.5,538,5352
Brian McCann,Braves,61,256,225,52,7,1,9,28,32,24,48,5,0,1,0.23,0.314,0.388,0.702,0.307,-1,-1,0.8,492.7,4810
Jonathan Villar,Orioles,138,581,522,129,22,2,16,67,55,50,156,3,36,10,0.248,0.316,0.387,0.703,0.307,-5,2.8,1.6,82.2,10071
Manuel Margot,Padres,117,490,448,116,22,7,10,52,47,33,84,2,14,7,0.26,0.31,0.403,0.714,0.307,4.4,0.1,1.8,278,14712
Carter Kieboom,Nationals,3,14,13,3,1,0,0,2,1,1,3,0,0,0,0.25,0.313,0.391,0.704,0.307,0,0,0,589.9,sa917937
Aaron Altherr,Phillies,55,230,202,44,10,1,7,26,29,23,69,3,4,2,0.22,0.309,0.395,0.703,0.307,0.1,-0.1,0.4,999,11270
Omar Narvaez,Mariners,107,448,394,99,16,1,8,43,38,47,80,2,1,1,0.252,0.333,0.36,0.693,0.307,-5.8,-0.9,1.6,297.3,13338
D.J. Stewart,Orioles,98,413,363,84,16,1,13,46,45,40,99,6,10,4,0.231,0.314,0.388,0.702,0.307,-1.4,0.3,0.4,589.2,17766
Jake Cave,Twins,43,182,166,41,8,1,5,21,21,12,53,2,2,1,0.248,0.304,0.407,0.711,0.306,-0.4,0,0.3,539,14477
Starlin Castro,Marlins,152,637,591,158,30,2,15,66,65,37,120,3,5,3,0.267,0.311,0.398,0.709,0.306,-3.2,-0.9,1.5,334.7,4579
Harrison Bader,Cardinals,139,582,526,128,23,3,18,67,62,39,166,11,15,7,0.244,0.308,0.399,0.707,0.306,6.1,1.6,2.3,177.3,18030
Austin Slater,Giants,104,435,391,100,20,2,8,44,44,34,108,5,8,4,0.256,0.322,0.377,0.699,0.306,0.7,0.3,0.7,599.3,16153
Mallex Smith,Mariners,153,644,575,150,26,9,6,75,47,53,130,6,43,14,0.26,0.328,0.366,0.694,0.306,0.7,4,2.6,99.8,13608
Tucker Barnhart,Reds,114,480,423,106,22,2,9,43,48,47,87,3,2,2,0.25,0.327,0.377,0.704,0.306,5.7,-1.8,2.2,269.9,10200
Ian Kinsler,Padres,124,519,468,115,23,1,13,64,45,41,71,6,13,6,0.246,0.313,0.386,0.699,0.306,5,0.4,2,446.5,6195
Addison Russell,Cubs,88,371,331,81,18,1,9,40,42,32,82,4,3,1,0.244,0.316,0.39,0.705,0.306,4.6,0.5,1.7,561,14106
Luis Urias,Padres,132,554,484,119,22,5,7,62,44,55,110,8,4,2,0.247,0.331,0.357,0.687,0.305,2.8,0.2,2.1,418.1,16622
Mitch Garver,Twins,41,174,155,37,9,1,4,19,20,16,42,1,1,0,0.241,0.314,0.386,0.7,0.305,-0.8,-0.1,0.6,420.7,15161
Kevin Plawecki,Indians,76,320,283,69,14,1,8,34,37,27,66,6,1,1,0.243,0.318,0.383,0.701,0.305,-0.5,-0.7,1.1,558.6,13807
Kevin Kiermaier,Rays,145,609,549,132,24,9,15,72,58,46,140,8,19,7,0.24,0.307,0.398,0.705,0.305,14.1,2.7,3.5,336.2,11038
Cameron Maybin,Giants,29,120,106,27,5,1,2,13,10,12,24,1,4,2,0.251,0.328,0.363,0.691,0.305,-0.8,0.2,0.2,597.5,5223
Jose Pirela,Padres,12,50,46,12,3,0,1,5,5,3,9,0,1,0,0.259,0.311,0.39,0.701,0.305,-0.1,-0.1,0.1,597.2,5485
Carson Kelly,Diamondbacks,53,224,198,48,10,1,5,23,22,21,38,2,0,0,0.244,0.322,0.371,0.694,0.305,1,-0.1,0.9,462.5,13620
Austin Hays,Orioles,12,49,46,12,2,0,2,5,6,2,10,0,1,0,0.255,0.286,0.426,0.712,0.304,0.2,0,0.1,552.4,19363
J.D. Davis,Mets,20,85,77,18,4,0,3,9,10,6,22,1,0,0,0.24,0.3,0.404,0.704,0.304,0,0,0.1,598.4,16219
Cory Spangenberg,Brewers,19,80,73,18,3,1,2,9,8,6,23,1,2,1,0.245,0.306,0.394,0.7,0.304,-0.2,0.3,0.2,594.9,12294
Anthony Santander,Orioles,13,56,52,13,3,0,2,6,6,3,11,1,1,0,0.252,0.297,0.41,0.707,0.304,-0.2,0,0,999,14551
Albert Almora Jr.,Cubs,112,470,435,118,25,2,8,52,48,25,79,2,3,2,0.271,0.311,0.391,0.701,0.303,1.9,-0.7,1.1,559.9,14109
Josh Harrison,Tigers,133,560,513,134,26,3,11,63,55,27,98,12,8,3,0.261,0.31,0.39,0.699,0.303,-1.9,1,1.3,515.7,8202
Elias Diaz,Pirates,38,160,148,39,8,0,3,16,18,10,27,1,1,0,0.262,0.31,0.388,0.698,0.303,0.2,-0.2,0.6,334.9,11680
Dwight Smith Jr.,Blue Jays,13,56,50,12,3,0,1,6,6,5,11,0,1,0,0.244,0.312,0.382,0.695,0.303,0,0,0.1,999,13473
Tim Locastro,Diamondbacks,3,14,13,3,1,0,0,1,1,1,2,1,1,0,0.256,0.322,0.364,0.686,0.303,-0.1,0,0,999,15124
Joe McCarthy,Rays,17,70,61,14,3,0,2,8,7,7,17,1,2,1,0.229,0.319,0.367,0.686,0.303,-0.2,0.1,0.1,999,sa858039
Troy Tulowitzki,Yankees,75,315,287,70,11,0,11,34,40,23,64,3,1,0,0.243,0.302,0.398,0.7,0.303,-0.1,-0.7,0.9,494.1,3531
Scott Heineman,Rangers,3,14,13,3,1,0,0,2,1,1,3,0,0,0,0.253,0.313,0.381,0.694,0.303,0,0,0,999,sa827137
Adam Duvall,Braves,50,209,190,43,10,1,8,23,30,14,55,3,2,1,0.229,0.289,0.419,0.708,0.303,0.5,0.3,0.2,572,10950
Kevin Pillar,Blue Jays,145,609,569,147,37,2,14,68,62,26,103,7,14,5,0.259,0.297,0.405,0.703,0.303,5.7,1.9,2.3,322.9,12434
Garrett Cooper,Marlins,51,215,195,49,11,1,5,21,23,15,48,2,1,1,0.25,0.309,0.387,0.697,0.303,0.2,0,0.3,999,15279
Travis d'Arnaud,Mets,50,211,192,46,9,1,7,21,25,15,39,2,0,0,0.241,0.299,0.403,0.702,0.303,-0.6,-0.3,0.9,579.7,7739
Socrates Brito,Diamondbacks,44,186,172,43,8,2,5,20,20,11,46,1,3,1,0.252,0.298,0.403,0.701,0.302,0.1,0.2,0.3,999,12944
Willy Adames,Rays,148,623,556,137,21,4,13,68,61,57,159,3,10,6,0.247,0.319,0.373,0.692,0.302,-4,0.1,1.8,230.8,15986
Lourdes Gurriel Jr.,Blue Jays,75,315,294,75,14,1,10,36,36,14,65,3,4,2,0.257,0.295,0.409,0.704,0.302,-2.6,-0.2,0.7,268.8,19238
Leonys Martin,Indians,117,490,446,110,21,3,13,58,49,34,123,4,15,6,0.247,0.304,0.392,0.696,0.302,4.8,1.3,1.6,408.3,11846
Nick Martini,Athletics,68,287,250,61,11,2,4,32,24,31,62,3,3,1,0.245,0.331,0.347,0.679,0.302,1.3,0.1,0.5,574.3,12005
Pablo Reyes,Pirates,35,148,134,34,7,1,3,16,14,10,27,1,4,2,0.255,0.31,0.382,0.692,0.301,0.6,-0.2,0.3,999,16357
Byron Buxton,Twins,125,525,479,115,23,5,15,64,57,35,155,5,20,4,0.24,0.296,0.402,0.698,0.301,8.9,3.9,2.4,168.4,14161
Robinson Chirinos,Astros,91,384,331,67,13,1,15,43,47,37,127,12,1,0,0.201,0.302,0.38,0.682,0.301,-0.2,-1,1.6,242.8,3142
Mac Williamson,Giants,127,533,480,110,22,1,19,58,60,41,145,7,4,2,0.229,0.297,0.398,0.695,0.301,-0.6,-0.2,0.4,571.8,14158
Yairo Munoz,Cardinals,62,261,240,61,12,1,6,28,30,17,53,2,5,3,0.256,0.308,0.391,0.699,0.301,-1.7,-0.2,0.3,485.7,16313
Derek Fisher,Astros,17,70,62,13,2,0,3,8,8,7,23,1,2,1,0.217,0.299,0.392,0.691,0.301,0.2,0.1,0.1,999,16192
Ty France,Padres,2,7,6,1,0,0,0,1,1,0,1,0,0,0,0.238,0.308,0.378,0.686,0.301,0,0,0,599,sa876140
Amed Rosario,Mets,152,637,593,157,27,9,11,71,60,32,121,4,25,10,0.264,0.304,0.396,0.7,0.301,-1.4,1.7,2.2,143.3,15518
Curt Casali,Reds,3,13,11,3,1,0,0,1,1,1,3,0,0,0,0.234,0.307,0.38,0.688,0.3,-0.1,0,0,594.9,12510
Preston Tucker,White Sox,15,63,57,13,3,0,2,7,7,5,15,1,0,0,0.227,0.291,0.404,0.696,0.3,-0.7,0,0,999,13633
Dansby Swanson,Braves,125,525,467,115,25,4,11,54,56,49,115,2,8,3,0.245,0.318,0.388,0.706,0.3,2.3,1,1.6,440.4,18314
Ildemaro Vargas,Diamondbacks,17,70,65,18,3,1,1,7,7,3,7,0,1,0,0.27,0.308,0.383,0.691,0.3,0,0,0.1,999,13324
Greg Garcia,Padres,43,179,153,37,7,1,2,17,13,21,36,3,2,1,0.24,0.339,0.329,0.668,0.3,-0.2,0.2,0.4,999,10951
Jorge Bonifacio,Royals,27,112,100,24,5,1,3,12,11,10,30,1,0,0,0.235,0.306,0.382,0.688,0.3,0,0,-0.1,600,12174
Drew Ferguson,Giants,22,92,81,19,4,0,1,10,8,9,23,1,2,1,0.24,0.324,0.352,0.676,0.3,-0.1,-0.1,0.1,999,sa875766
Yan Gomes,Nationals,73,307,282,68,15,0,10,32,38,17,81,5,0,0,0.24,0.292,0.403,0.695,0.3,1.9,-0.2,1.2,216.1,9627
Welington Castillo,White Sox,99,416,382,91,16,0,15,42,49,27,114,4,1,0,0.239,0.292,0.402,0.694,0.3,0.1,-1.1,1.6,230.7,3256
Alex Gordon,Royals,148,623,547,128,25,1,15,64,58,58,149,12,10,3,0.234,0.318,0.364,0.682,0.3,9,0.5,1.3,544.2,5209
Jason Martin,Pirates,5,21,19,5,1,0,1,2,2,1,5,0,0,0,0.244,0.298,0.395,0.693,0.299,-0.1,-0.1,0,999,sa737834
Tom Murphy,Rockies,15,64,59,13,3,0,2,7,9,4,22,1,1,0,0.226,0.277,0.424,0.702,0.299,-0.4,0,0.1,570.9,13499
Mikie Mahtook,Tigers,83,350,319,76,13,4,10,38,38,23,90,5,5,2,0.236,0.295,0.399,0.694,0.299,0.2,0.1,-0.1,598.9,13130
Nick Solak,Rays,3,14,12,3,0,0,0,2,1,1,3,0,0,0,0.24,0.314,0.364,0.678,0.299,-0.1,0,0,999,sa874054
Brandon Drury,Blue Jays,88,371,336,81,20,1,8,37,37,27,89,4,2,1,0.242,0.304,0.384,0.688,0.299,-1.3,-0.6,0.5,574.3,11615
Dylan Cozens,Phillies,12,50,44,9,2,0,2,6,7,5,20,0,1,0,0.202,0.285,0.41,0.695,0.299,0,0.1,0,999,15115
Manny Pina,Brewers,24,102,93,23,5,0,2,11,11,7,20,1,1,0,0.249,0.305,0.387,0.691,0.299,1.2,-0.1,0.4,509.7,2829
Patrick Wisdom,Rangers,17,70,63,14,3,0,2,8,8,5,22,1,1,0,0.227,0.293,0.396,0.689,0.299,0.2,0.1,0,595.8,13602
Breyvic Valera,Giants,7,28,25,7,1,0,0,3,2,2,3,0,0,0,0.264,0.321,0.357,0.679,0.298,0,-0.1,0.1,999,12758
Justin Williams,Cardinals,3,14,13,3,1,0,0,1,2,1,3,0,0,0,0.253,0.299,0.389,0.688,0.298,0,0,0,999,15490
Max Moroff,Indians,43,182,155,33,7,1,4,21,20,23,54,1,2,1,0.213,0.319,0.351,0.67,0.298,0.2,0,0.4,999,14556
Fernando Tatis Jr.,Padres,58,245,222,50,10,2,8,28,27,19,76,2,7,3,0.227,0.293,0.397,0.689,0.298,-0.3,0.1,0.7,308.7,sa919910
Niko Goodrum,Tigers,103,434,394,92,20,3,12,46,47,33,118,3,10,4,0.234,0.297,0.391,0.688,0.298,-3.3,0.6,0.3,313.4,12092
Devin Mesoraco,Mets,8,32,28,6,1,0,1,3,3,3,7,1,0,0,0.216,0.301,0.385,0.686,0.298,-0.4,0,0.1,598.8,5666
Keibert Ruiz,Dodgers,6,26,24,6,1,0,1,3,3,1,3,0,0,0,0.258,0.304,0.383,0.687,0.298,0.1,0,0.1,596.3,sa872528
Chris Davis,Orioles,140,588,513,102,17,0,27,64,73,64,217,7,2,1,0.199,0.294,0.39,0.685,0.298,0.7,-0.2,-0.1,550.5,9272
Matt Beaty,Dodgers,2,7,6,2,0,0,0,1,1,0,1,0,0,0,0.256,0.306,0.379,0.685,0.298,0,0,0,999,sa602895
Andrew Knizner,Cardinals,8,32,29,8,1,0,1,3,3,2,5,0,0,0,0.261,0.312,0.371,0.682,0.298,0.1,0,0.1,588.4,sa857827
Chris Young,,50,210,187,40,9,1,7,24,22,19,52,2,2,1,0.217,0.294,0.389,0.683,0.298,-2,0,-0.1,999,3882
Joey Rickard,Orioles,105,441,396,96,20,2,9,47,39,36,95,4,8,3,0.243,0.311,0.37,0.68,0.298,-0.3,0.9,0.4,999,13277
Luis Arraez,Twins,2,7,6,2,0,0,0,1,1,0,1,0,0,0,0.276,0.316,0.366,0.683,0.298,0,0,0,999,sa828153
Nick Ahmed,Diamondbacks,148,622,568,137,31,5,16,64,68,42,123,4,7,5,0.241,0.296,0.398,0.694,0.298,5.6,-0.3,1.9,497.9,12147
Francisco Mejia,Padres,80,337,311,77,16,1,9,35,34,18,66,4,1,1,0.248,0.295,0.396,0.691,0.298,0.6,0.1,1.3,261.5,16403
Kevin Kramer,Pirates,24,99,90,22,5,1,2,10,10,6,24,1,2,1,0.249,0.305,0.379,0.684,0.298,-0.1,0,0.2,999,17689
Mike Zunino,Rays,107,448,402,84,18,0,21,47,56,34,156,8,1,0,0.208,0.279,0.408,0.688,0.298,0.5,-0.6,1.8,246.4,13265
Alex Blandino,Reds,15,64,56,13,3,0,1,6,6,6,17,1,1,1,0.228,0.315,0.356,0.672,0.297,0,-0.1,0.1,601,16271
J.P. Crawford,Mariners,117,490,425,95,17,4,9,51,45,54,115,5,6,3,0.225,0.318,0.347,0.665,0.297,-0.5,0.1,1.6,545.3,15491
Corban Joseph,Orioles,3,14,13,3,1,0,0,1,1,1,2,0,0,0,0.258,0.307,0.373,0.681,0.297,-0.1,0,0,999,5503
Ronny Rodriguez,Tigers,20,84,79,20,4,1,2,9,9,3,17,0,2,1,0.256,0.287,0.404,0.691,0.297,-0.5,-0.1,0.1,999,11875
Domingo Leyba,Diamondbacks,2,7,6,2,0,0,0,1,1,0,1,0,0,0,0.25,0.307,0.37,0.677,0.297,0,0,0,999,sa736654
Guillermo Heredia,Rays,33,140,123,30,5,0,2,14,11,12,22,3,1,1,0.247,0.324,0.343,0.666,0.296,-0.4,-0.2,0.1,999,18721
Chance Sisco,Orioles,61,256,227,54,10,0,5,25,24,20,74,6,1,1,0.237,0.315,0.354,0.669,0.296,-1,-0.1,0.8,550.5,15694
Ke'Bryan Hayes,Pirates,3,14,13,3,1,0,0,1,1,1,3,0,0,0,0.25,0.314,0.359,0.673,0.296,0.1,0,0,593.7,sa874730
Albert Pujols,Angels,97,406,377,93,14,0,14,41,56,24,59,2,1,0,0.246,0.291,0.399,0.69,0.296,-0.1,-2.1,-0.2,512,1177
Yolmer Sanchez,White Sox,148,623,567,138,28,7,11,65,60,42,134,6,12,6,0.244,0.301,0.378,0.679,0.296,2.8,-0.3,1.5,544.8,11602
Isiah Kiner-Falefa,Rangers,59,247,223,57,10,1,3,25,21,18,39,4,5,3,0.258,0.32,0.347,0.668,0.296,-1,-0.2,0.4,284.6,16512
Jacoby Ellsbury,Yankees,17,70,63,15,3,0,1,8,6,6,12,1,2,1,0.246,0.315,0.356,0.671,0.295,-0.3,0.2,0.1,999,4727
Sam Travis,Red Sox,2,7,6,2,0,0,0,1,1,1,2,0,0,0,0.247,0.306,0.367,0.673,0.295,0,0,0,999,16263
Joey Wendle,Rays,125,525,484,124,27,4,9,55,52,27,103,7,11,3,0.256,0.302,0.381,0.684,0.295,3.3,0.8,1.6,210.9,13853
Delino DeShields,Rangers,117,490,422,101,19,3,5,65,34,53,114,4,26,8,0.238,0.326,0.333,0.658,0.295,-0.6,3.5,0.8,370.4,11379
Jonathan Lucroy,Angels,91,384,347,87,17,1,7,39,40,28,59,4,1,0,0.25,0.311,0.366,0.677,0.295,0.3,-1,1.4,310.9,7870
Marco Hernandez,Red Sox,2,7,7,2,0,0,0,1,1,0,2,0,0,0,0.263,0.296,0.386,0.682,0.295,-0.1,0,0,999,13154
Jose Iglesias,Reds,33,140,130,34,8,0,2,14,13,7,17,2,3,2,0.263,0.307,0.369,0.675,0.295,1.5,0,0.4,592.2,10231
Rio Ruiz,Orioles,40,168,152,36,7,1,4,18,17,14,38,1,1,1,0.237,0.303,0.375,0.677,0.295,0.7,0,0.2,999,14103
Troy Stokes Jr.,Brewers,3,14,12,3,1,0,0,2,1,1,4,0,0,0,0.214,0.295,0.379,0.674,0.295,0.1,0,0,999,sa828871
Connor Joe,Reds,14,57,50,11,2,0,1,6,6,6,14,1,0,0,0.224,0.309,0.359,0.668,0.295,-0.1,-0.1,0,999,sa827153
Tim Anderson,White Sox,152,637,601,152,28,4,17,73,65,25,161,4,23,7,0.252,0.286,0.399,0.685,0.294,-3.3,2,1.6,134.3,15172
Hernan Perez,Brewers,66,279,262,67,12,2,7,29,31,13,56,1,9,3,0.254,0.288,0.397,0.686,0.294,-0.5,0.9,0.4,399.7,5751
Roman Quinn,Phillies,65,274,247,60,9,4,5,29,25,21,70,2,17,6,0.241,0.304,0.368,0.672,0.294,-2,1,0.3,475.4,13546
Max Stassi,Astros,53,224,198,42,9,0,8,25,26,20,67,4,1,0,0.213,0.295,0.373,0.669,0.294,-0.2,-0.1,0.8,562.4,10059
Jordy Mercer,Tigers,117,490,440,109,23,2,9,49,48,39,87,5,2,1,0.248,0.314,0.373,0.687,0.294,-3.3,0.1,0.9,582.9,6547
Alen Hanson,Giants,14,57,53,13,2,1,1,6,6,3,12,0,2,1,0.249,0.289,0.393,0.682,0.294,0.1,0.1,0.1,558,12926
Jarrod Dyson,Diamondbacks,62,262,232,57,9,3,2,31,20,22,39,4,17,4,0.247,0.321,0.345,0.666,0.293,3.5,2,0.6,571.4,4866
Austin Allen,Padres,3,13,12,3,1,0,0,1,1,1,3,0,0,0,0.238,0.29,0.39,0.68,0.293,-0.1,0,0,999,sa875025
Tony Wolters,Rockies,61,256,223,52,9,3,3,26,25,27,53,4,2,1,0.233,0.323,0.346,0.669,0.293,2.7,0.1,0.6,600.2,11470
Erik Kratz,Brewers,12,51,47,11,2,0,2,5,6,3,11,1,0,0,0.235,0.291,0.382,0.673,0.293,0.3,-0.1,0.2,999,4403
Kevan Smith,Angels,46,192,177,46,8,0,4,19,20,10,31,3,0,0,0.258,0.305,0.365,0.67,0.293,-1.8,-0.3,0.5,587.8,12284
Brandon Phillips,,17,70,65,17,3,0,1,8,7,3,11,1,1,1,0.26,0.3,0.373,0.673,0.293,-0.1,-0.2,0.1,999,791
Brian Goodwin,Royals,67,280,252,58,13,1,8,30,29,22,80,2,6,2,0.228,0.294,0.381,0.674,0.293,-0.5,0.1,0,599.3,12858
Taylor Ward,Angels,23,98,87,20,3,0,3,11,10,9,24,1,2,0,0.233,0.308,0.356,0.664,0.293,-0.3,0.2,0.2,599.1,17548
Hunter Dozier,Royals,142,595,542,124,30,3,16,61,59,46,175,2,5,3,0.229,0.291,0.383,0.674,0.293,-6,-0.9,-0.1,536.8,15117
Tim Beckham,Mariners,50,210,192,45,9,1,6,22,22,14,58,2,2,1,0.235,0.29,0.384,0.674,0.293,-2.2,-0.2,0.3,520.4,7949
Bradley Zimmer,Indians,42,175,156,35,7,1,5,20,18,15,62,2,8,2,0.225,0.3,0.367,0.667,0.293,1.7,0.8,0.4,531.8,16221
Luis Rengifo,Angels,5,21,19,5,1,0,0,2,2,2,4,0,1,0,0.243,0.309,0.358,0.666,0.293,-0.1,0,0,600.6,sa826671
Steven Duggar,Giants,125,525,471,115,26,4,6,52,43,46,145,3,13,6,0.243,0.312,0.354,0.667,0.293,-2.1,0.6,0.7,504.7,17719
Zack Collins,White Sox,3,13,11,2,0,0,0,1,1,2,5,0,0,0,0.19,0.311,0.342,0.653,0.293,-0.1,0,0,597.8,sa738390
Shed Long,Mariners,3,14,13,3,1,0,0,1,1,1,4,0,0,0,0.234,0.3,0.369,0.669,0.293,0,0,0,999,sa738578
Jace Peterson,,17,70,60,14,3,0,1,7,6,8,15,0,2,1,0.226,0.321,0.334,0.656,0.292,-0.3,0,0.1,999,12325
Carlos Gomez,,83,350,312,69,15,1,9,36,36,23,100,11,9,4,0.222,0.297,0.366,0.663,0.292,1.7,0.3,0.2,600.3,4881
Pat Valaika,Rockies,27,114,106,25,6,0,4,12,13,6,28,0,1,1,0.238,0.278,0.402,0.68,0.292,0.3,0,0,999,14885
Mitch Walding,Phillies,19,78,68,13,2,0,3,8,9,9,30,1,0,0,0.199,0.296,0.366,0.662,0.292,0.3,0,0.1,999,13006
Michael A. Taylor,Nationals,55,233,213,50,10,1,6,25,24,17,73,1,12,4,0.235,0.293,0.384,0.677,0.292,0.9,1.1,0.4,490.6,11489
Gerardo Parra,Giants,98,411,380,98,21,2,6,42,39,23,76,4,7,3,0.259,0.305,0.368,0.673,0.292,0.7,-0.7,0.2,584.7,8553
Austin Hedges,Padres,73,307,283,65,13,1,12,30,39,18,82,2,2,1,0.228,0.277,0.41,0.687,0.292,2.4,-0.1,1.2,326.1,12976
Ehire Adrianza,Twins,10,42,38,9,2,0,1,5,4,3,8,0,1,0,0.248,0.306,0.364,0.669,0.292,0,0,0.1,598.9,8418
Dominic Smith,Mets,3,14,13,3,1,0,0,1,1,1,3,0,0,0,0.239,0.292,0.38,0.672,0.292,0,0,0,600.7,15653
Tommy La Stella,Angels,45,189,169,41,8,0,3,19,17,16,30,2,1,1,0.246,0.317,0.343,0.66,0.292,-1.4,-0.3,0.2,999,12371
Bryan Reynolds,Pirates,2,7,6,2,0,0,0,1,1,1,2,0,0,0,0.246,0.304,0.367,0.671,0.292,0,0,0,999,sa873683
Lane Thomas,Cardinals,3,14,13,3,1,0,0,1,2,1,4,0,0,0,0.233,0.291,0.381,0.671,0.292,0,0,0,999,sa828962
Miguel Rojas,Marlins,64,268,245,64,11,1,4,25,25,15,33,4,3,1,0.261,0.31,0.36,0.67,0.292,1.4,-0.5,0.7,578.1,7802
Pablo Sandoval,Giants,14,58,53,13,2,0,2,5,6,4,11,1,0,0,0.24,0.294,0.381,0.675,0.292,-0.3,-0.2,0,600.7,5409
Matt Wieters,Cardinals,30,128,114,27,5,0,3,12,14,11,25,1,0,0,0.234,0.304,0.364,0.669,0.292,0.1,-0.3,0.4,566.8,4298
Freddy Galvis,Blue Jays,100,420,386,96,19,3,8,43,43,26,86,2,7,3,0.247,0.296,0.378,0.674,0.291,1,0.4,1.1,537.5,6609
Tzu-Wei Lin,Red Sox,3,14,13,3,1,0,0,2,1,1,3,0,0,0,0.25,0.307,0.358,0.665,0.291,0,0,0,999,14678
Brandon Dixon,Tigers,23,98,91,21,5,0,3,11,11,5,30,1,2,1,0.233,0.281,0.397,0.677,0.291,0.7,0.1,0,999,15214
T.J. Rivera,Mets,7,29,27,7,1,0,1,3,3,1,5,0,0,0,0.262,0.299,0.372,0.671,0.291,0,0,0,999,12495
Jose Reyes,,33,140,127,30,6,1,3,16,13,11,22,0,4,1,0.238,0.299,0.37,0.669,0.291,-1,0.3,0.1,999,1736
Leury Garcia,White Sox,60,252,234,60,9,2,5,26,25,11,60,3,8,3,0.256,0.297,0.372,0.669,0.291,0.9,0.4,0.4,587.2,5913
Martin Prado,Marlins,80,334,308,80,15,1,4,31,30,21,50,2,1,1,0.259,0.308,0.356,0.664,0.291,1.6,-1,0.1,598.3,3312
Drew Robinson,Cardinals,15,65,57,12,2,0,2,7,7,7,23,0,1,1,0.206,0.29,0.374,0.664,0.291,-0.1,0,0.1,999,11761
Andrew Toles,Dodgers,27,114,107,27,6,0,2,12,12,5,25,1,2,1,0.251,0.291,0.385,0.676,0.291,0.6,0,0.1,599.3,13414
Myles Straw,Astros,2,7,6,2,0,0,0,1,0,1,1,0,0,0,0.252,0.327,0.322,0.649,0.291,0,0,0,598.8,17620
Dee Gordon,Mariners,153,644,606,169,21,7,4,74,44,21,93,7,39,13,0.28,0.309,0.356,0.665,0.29,-1.1,3.6,1.6,106.5,8203
John Hicks,Tigers,88,368,342,83,16,1,10,38,39,21,96,2,3,2,0.243,0.288,0.381,0.669,0.29,-0.1,-0.5,-0.5,400,12547
Matt Thaiss,Angels,8,35,32,8,2,0,1,4,4,2,7,0,0,0,0.238,0.295,0.37,0.666,0.29,0,0,0,600.2,sa738522
Gordon Beckham,Tigers,3,14,13,3,1,0,0,1,1,1,2,0,0,0,0.239,0.304,0.357,0.661,0.29,0,0,0,999,9015
Travis Jankowski,Padres,37,157,139,34,5,1,1,17,10,15,35,1,8,3,0.243,0.32,0.326,0.647,0.29,0.5,0.6,0.2,539.3,13768
Jason Castro,Twins,99,416,363,77,18,1,10,43,39,45,125,3,1,0,0.213,0.303,0.351,0.654,0.29,4.3,-0.7,1.5,583.6,8722
Christian Vazquez,Red Sox,91,384,355,91,19,1,5,41,35,21,67,4,6,2,0.256,0.303,0.361,0.664,0.29,0.5,-0.3,1,515.4,9774
David Fletcher,Angels,127,532,496,130,26,3,5,55,47,25,62,5,9,3,0.263,0.303,0.36,0.663,0.29,4.4,0.9,1.5,555.8,17992
Chris Shaw,Giants,29,120,111,25,6,0,4,12,14,7,39,1,0,0,0.227,0.277,0.395,0.672,0.29,-0.7,0,-0.1,600.2,17738
Kevin Newman,Pirates,68,287,265,70,14,1,2,28,25,16,38,2,9,4,0.264,0.309,0.354,0.663,0.289,0.2,0.2,0.6,592,17696
Jake Marisnick,Astros,50,210,191,42,9,1,7,27,24,13,67,3,6,3,0.218,0.278,0.391,0.669,0.289,0.8,0.4,0.5,600.2,11339
Kyle Farmer,Reds,39,162,150,37,9,1,3,16,17,9,31,2,1,1,0.244,0.294,0.371,0.664,0.289,-0.2,-0.2,0.3,999,14813
Wilmer Difo,Nationals,42,177,161,40,7,2,3,19,16,13,34,1,5,1,0.249,0.306,0.362,0.668,0.289,0.9,0.4,0.3,593.3,14320
Edwin Rios,Dodgers,2,7,6,2,0,0,0,1,1,0,2,0,0,0,0.236,0.28,0.396,0.676,0.289,0,0,0,999,sa827170
Jose Rondon,White Sox,35,147,137,33,6,1,4,15,16,7,36,1,2,2,0.239,0.28,0.388,0.668,0.288,0.6,-0.2,0.3,999,14140
Spencer Kieboom,Nationals,3,13,11,3,1,0,0,1,1,1,2,0,0,0,0.234,0.309,0.338,0.647,0.288,0,0,0,598.8,13300
Orlando Arcia,Brewers,133,560,517,129,24,2,11,54,54,34,114,3,13,6,0.25,0.298,0.368,0.666,0.288,0.6,0.4,0.9,452.3,13185
Sam Hilliard,Rockies,2,7,6,2,0,0,0,1,1,0,2,0,0,0,0.242,0.296,0.366,0.662,0.288,0,0,0,999,sa829542
Andrew Knapp,Phillies,23,96,84,18,4,1,2,10,9,10,30,1,0,0,0.217,0.304,0.351,0.655,0.288,-0.6,0,0.2,600.6,14942
Jon Jay,White Sox,43,182,163,41,6,1,1,20,12,11,34,5,1,1,0.251,0.316,0.33,0.646,0.288,0.4,-0.1,0.1,596,5227
Chris Herrmann,Athletics,38,160,139,29,6,1,4,18,16,18,44,1,1,0,0.209,0.303,0.347,0.65,0.288,0.2,0.3,0.6,592.5,9284
Greg Allen,Indians,100,420,376,91,17,2,5,47,34,26,90,11,21,7,0.244,0.31,0.339,0.649,0.287,-0.7,1.4,-0.1,280.7,16623
Nick Hundley,Athletics,15,64,59,14,3,0,2,6,7,4,18,0,0,0,0.23,0.281,0.39,0.671,0.287,-0.9,-0.1,0.1,590.5,3376
Adolis Garcia,Cardinals,5,21,20,5,1,0,1,2,3,1,5,0,0,0,0.235,0.273,0.397,0.67,0.287,0,0,0,999,19287
Scott Kingery,Phillies,86,363,336,81,16,2,8,39,35,20,86,3,9,3,0.24,0.287,0.377,0.663,0.287,0.5,1.2,0.4,415,17975
Christian Arroyo,Rays,8,35,32,8,2,0,1,3,3,2,7,0,0,0,0.248,0.295,0.367,0.661,0.287,0.1,-0.1,0.1,598.7,16434
Taylor Davis,Cubs,3,13,12,3,1,0,0,1,1,1,2,0,0,0,0.244,0.304,0.348,0.652,0.287,-0.1,0,0,999,12782
Dalton Pompey,Blue Jays,3,14,13,3,1,0,0,2,1,1,4,0,0,0,0.229,0.298,0.351,0.648,0.286,0.1,0,0,600.6,12797
Ryder Jones,Giants,2,7,6,2,0,0,0,1,1,0,2,0,0,0,0.238,0.286,0.377,0.663,0.286,0,0,0,999,15982
Tyrone Taylor,Brewers,10,42,39,9,2,0,1,4,4,2,8,0,1,0,0.235,0.281,0.379,0.66,0.286,0.1,0,0,999,sa657979
Chris Owings,Royals,97,406,376,93,22,3,7,43,38,23,90,3,13,4,0.247,0.292,0.372,0.664,0.286,-2,0.9,0.2,569.5,10030
Austin Romine,Yankees,30,128,117,28,6,0,3,13,16,8,30,1,1,0,0.235,0.284,0.373,0.657,0.285,0.1,-0.1,0.3,524.6,5491
Mauricio Dubon,Brewers,12,49,45,11,2,0,1,5,5,3,9,0,2,1,0.25,0.292,0.364,0.655,0.285,0.1,0,0.1,595.7,sa738378
Erik Gonzalez,Pirates,109,456,430,109,22,3,9,47,44,17,115,3,9,4,0.253,0.284,0.375,0.659,0.285,-1.3,0.3,0.5,596,13369
Josh Phegley,Athletics,91,384,348,77,21,2,9,40,40,26,89,5,1,0,0.221,0.283,0.373,0.656,0.285,-1.2,-0.4,1,590.3,9308
J.T. Riddle,Marlins,117,490,454,112,19,4,10,45,50,28,96,1,4,3,0.247,0.289,0.371,0.66,0.285,2.2,-0.6,1.1,591.9,17642
Michael Hermosillo,Angels,43,182,162,36,7,1,4,20,17,13,51,4,5,3,0.221,0.294,0.354,0.648,0.285,-0.6,-0.2,0,999,16285
Jose Siri,Reds,3,14,13,3,0,0,0,1,2,1,4,0,1,0,0.224,0.269,0.394,0.663,0.285,0,0,0,999,sa736940
Lewis Brinson,Marlins,142,595,548,124,22,6,17,56,64,36,157,5,8,4,0.226,0.278,0.384,0.662,0.284,0.8,0.5,0.8,492.3,14352
Hanser Alberto,Giants,3,14,13,4,1,0,0,1,1,0,2,0,0,0,0.266,0.288,0.371,0.659,0.284,0.1,0,0,999,11902
Luis Guillorme,Mets,10,43,39,10,2,0,0,4,3,4,6,0,0,0,0.248,0.316,0.32,0.635,0.284,0,0,0.1,999,16451
Zack Granite,Twins,7,28,26,7,1,0,0,3,2,2,4,0,1,0,0.255,0.309,0.335,0.644,0.284,0.1,0,0,601,15343
Ronald Torreyes,Twins,12,49,46,12,2,0,0,5,4,2,6,0,0,0,0.267,0.3,0.35,0.65,0.284,0.2,0,0.1,999,11400
Raudy Read,Nationals,1,6,6,1,0,0,0,1,1,0,1,0,0,0,0.242,0.284,0.371,0.656,0.284,0,0,0,999,15766
David Freitas,Mariners,41,173,157,37,8,0,3,17,15,12,36,2,0,0,0.238,0.296,0.349,0.646,0.284,-0.5,-0.1,0.5,999,10619
Reese McGuire,Blue Jays,23,96,86,20,4,0,2,10,9,7,21,1,1,1,0.227,0.292,0.353,0.646,0.284,0.1,-0.1,0.2,600.1,15674
Luis Alexander Basabe,White Sox,5,21,19,4,1,0,1,2,2,2,7,0,0,0,0.217,0.29,0.355,0.645,0.283,0.1,0,0,999,sa736915
Joey Curletta,Mariners,10,42,37,8,2,0,1,4,5,4,13,0,0,0,0.209,0.286,0.364,0.65,0.283,0,0,-0.1,999,sa658025
Jonathan Davis,Blue Jays,8,35,31,7,1,0,1,4,3,3,8,1,1,0,0.223,0.295,0.346,0.641,0.283,0.2,0,0,999,15104
Oscar Mercado,Indians,17,70,64,15,3,0,1,7,6,5,14,1,3,2,0.24,0.299,0.342,0.641,0.282,0,0,-0.1,598.5,sa737612
Juan Lagares,Mets,67,280,259,65,12,3,4,28,23,13,55,3,6,3,0.251,0.293,0.358,0.651,0.282,3,0.3,0.6,599.3,5384
Tyler Saladino,Brewers,20,86,78,18,3,1,2,9,8,6,20,1,2,1,0.229,0.292,0.348,0.64,0.282,0.1,0.2,0,999,10807
Dawel Lugo,Tigers,3,14,13,3,1,0,0,1,1,0,2,0,0,0,0.26,0.285,0.365,0.65,0.282,0,0,0,999,14713
Austin Jackson,,42,175,159,38,8,1,2,17,15,13,50,1,2,1,0.24,0.299,0.342,0.641,0.282,-2.7,-0.1,-0.2,999,9848
Jesus Sanchez,Rays,2,7,7,2,0,0,0,1,1,0,2,0,0,0,0.241,0.278,0.376,0.653,0.281,0,0,0,999,sa872787
Austin Wynns,Orioles,91,384,351,83,14,0,8,39,36,25,85,3,2,0,0.236,0.291,0.35,0.64,0.281,0.6,-0.1,0.9,583.8,15271
Garrett Stubbs,Astros,8,32,29,7,1,0,0,3,3,3,6,0,0,0,0.232,0.302,0.333,0.636,0.281,0.2,0,0.1,999,sa827172
Kyle Higashioka,Yankees,8,32,29,6,1,0,1,3,4,2,7,0,0,0,0.218,0.273,0.379,0.651,0.281,-0.2,0,0,999,5517
Rosell Herrera,Marlins,29,120,109,26,5,1,1,11,9,9,24,1,3,2,0.24,0.298,0.339,0.638,0.281,0.4,0.1,0.1,999,11611
Billy Hamilton,Royals,142,595,539,130,20,8,5,72,37,46,125,2,44,11,0.242,0.301,0.336,0.637,0.281,6.7,6.4,1.6,156.9,10199
Grayson Greiner,Tigers,114,480,431,95,20,2,10,46,47,41,125,2,1,0,0.221,0.291,0.347,0.638,0.281,2.4,0.2,1.3,533.9,17062
Kelvin Gutierrez,Royals,2,7,6,2,0,0,0,1,1,0,2,0,0,0,0.243,0.29,0.353,0.642,0.281,0,0,0,999,sa736855
Abiatal Avelino,Giants,5,21,20,5,1,0,0,2,2,1,4,0,1,0,0.242,0.285,0.361,0.646,0.281,0,0,0,999,15496
Carlos Tocci,Rangers,17,70,64,16,2,1,0,7,5,4,15,1,1,1,0.253,0.302,0.334,0.636,0.28,0,-0.1,0,999,14558
Roberto Perez,Indians,69,288,247,50,12,1,6,28,31,32,87,2,2,0,0.202,0.295,0.335,0.63,0.28,2.6,-0.3,0.7,591.5,2900
Nick Gordon,Twins,5,21,19,5,1,0,0,2,2,1,4,0,1,0,0.247,0.293,0.349,0.642,0.28,0.1,0,0,599.4,sa828662
Charlie Culberson,Braves,39,165,153,36,7,1,4,17,17,9,39,1,2,1,0.238,0.285,0.367,0.652,0.28,0.6,0,0,576.9,3298
Yu Chang,Indians,2,7,6,1,0,0,0,1,1,1,2,0,0,0,0.217,0.283,0.357,0.64,0.28,0,0,0,598.2,sa830276
Peter O'Brien,Marlins,92,385,347,68,14,1,17,40,46,32,145,3,1,0,0.194,0.265,0.384,0.649,0.28,-3.1,0,-0.6,561.4,13288
Tyler Wade,Yankees,2,7,6,1,0,0,0,1,1,1,2,0,0,0,0.229,0.297,0.336,0.633,0.28,0,0,0,999,15730
Seby Zavala,White Sox,5,19,18,4,1,0,1,2,2,1,6,0,0,0,0.221,0.277,0.364,0.641,0.279,-0.1,0,0,999,sa875572
James McCann,White Sox,46,192,176,40,7,0,5,17,19,12,52,2,0,1,0.23,0.285,0.352,0.637,0.279,1.3,-0.7,0.5,551.5,12859
Jacob Stallings,Pirates,8,32,30,7,2,0,0,3,3,2,7,0,0,0,0.244,0.289,0.352,0.641,0.279,0.2,0,0.1,999,13723
Jason Vosler,Padres,2,7,6,1,0,0,0,1,1,1,2,0,0,0,0.211,0.28,0.359,0.639,0.279,0,0,0,999,sa829190
Cole Tucker,Pirates,8,35,32,7,1,0,0,3,3,3,7,0,2,1,0.236,0.299,0.335,0.634,0.279,0.1,0,0,600.8,sa828671
Blake Swihart,Red Sox,32,134,121,28,6,1,2,15,12,11,36,1,2,1,0.229,0.293,0.336,0.629,0.278,-0.3,0.2,-0.1,542.5,13176
Jacob Nottingham,Brewers,1,6,6,1,0,0,0,1,1,0,2,0,0,0,0.207,0.277,0.359,0.636,0.278,0,0,0,600.9,16448
Pedro Severino,Nationals,1,6,6,1,0,0,0,1,1,0,1,0,0,0,0.235,0.288,0.352,0.639,0.277,0,0,0,999,14523
Isan Diaz,Marlins,2,7,6,1,0,0,0,1,1,1,2,0,0,0,0.208,0.292,0.334,0.626,0.277,0,0,0,999,sa828704
Cam Gallagher,Royals,30,128,117,28,6,0,2,12,12,9,20,1,1,0,0.237,0.292,0.338,0.63,0.277,0.7,0,0.3,600.4,12981
Andrew Stevenson,Nationals,17,71,65,16,2,0,1,7,6,5,17,0,2,1,0.242,0.297,0.33,0.627,0.277,0.1,0,-0.1,999,17932
Richie Martin,Orioles,50,210,191,45,8,2,2,20,16,14,42,3,6,3,0.235,0.295,0.332,0.628,0.277,0.8,0,0.3,586,sa659080
Drew Jackson,Orioles,45,189,168,36,7,0,4,19,16,15,49,4,6,3,0.217,0.294,0.328,0.622,0.277,0.4,0.1,0.1,999,sa659066
Meibrys Viloria,Royals,3,13,12,3,1,0,0,1,1,1,3,0,0,0,0.233,0.286,0.343,0.629,0.276,0.1,0,0,999,17109
Jorge Alfaro,Marlins,122,512,472,109,21,2,11,45,49,24,169,12,3,1,0.23,0.282,0.357,0.639,0.276,-1.6,-0.1,0.9,240.7,12180
JaCoby Jones,Tigers,133,560,510,110,23,5,14,59,53,35,179,8,16,6,0.215,0.274,0.359,0.634,0.276,6,1.1,0.8,585.8,14818
Willi Castro,Tigers,8,35,33,8,1,0,1,3,3,2,8,0,1,0,0.241,0.281,0.353,0.634,0.276,0,0,0,999,sa830274
Martin Maldonado,,76,320,289,63,12,1,8,29,33,18,79,8,1,1,0.217,0.281,0.348,0.628,0.276,3.2,-0.7,0.8,575.6,6887
Dylan Moore,Mariners,42,175,158,35,7,1,4,18,16,12,39,3,5,2,0.219,0.284,0.345,0.629,0.275,0.9,0.2,0.1,999,sa875186
Keon Broxton,Mets,90,380,337,66,12,3,11,39,35,36,149,3,19,6,0.196,0.279,0.345,0.624,0.275,0.6,1.5,0.4,494.6,9253
Jose Lobaton,Mariners,5,19,17,4,1,0,0,2,2,2,5,0,0,0,0.211,0.289,0.339,0.628,0.275,-0.1,0,0,999,4243
Luis Barrera,Athletics,2,7,6,2,0,0,0,1,1,0,1,0,0,0,0.24,0.285,0.344,0.629,0.275,0,0,0,999,sa736690
Adeiny Hechavarria,Mets,12,50,46,12,2,0,1,5,5,3,9,0,0,0,0.248,0.288,0.347,0.635,0.275,0.2,0,0.1,999,10459
Kaleb Cowart,Angels,2,7,6,1,0,0,0,1,1,0,2,0,0,0,0.222,0.28,0.348,0.627,0.274,0,0,0,999,11494
Alex Jackson,Braves,3,13,12,2,1,0,0,1,1,1,4,0,0,0,0.207,0.271,0.363,0.633,0.274,-0.1,0,0,999,sa828663
Michael Perez,Rays,40,166,153,35,7,0,3,16,16,11,40,1,1,1,0.229,0.281,0.345,0.626,0.274,1.3,-0.2,0.4,596.5,12977
Braden Bishop,Mariners,3,14,13,3,1,0,0,1,1,1,3,0,0,0,0.235,0.294,0.322,0.616,0.274,0.1,0,0,999,sa659045
Brett Phillips,Royals,117,490,438,90,16,6,11,49,46,43,178,3,9,3,0.206,0.28,0.346,0.626,0.274,8.5,0.9,0.2,593.9,14735
John Ryan Murphy,Diamondbacks,26,111,102,22,5,0,3,10,11,7,28,1,0,0,0.22,0.273,0.359,0.632,0.274,-0.1,0,0.1,999,10346
Adrian Sanchez,Nationals,12,50,47,12,2,0,1,5,5,2,9,0,1,1,0.247,0.284,0.345,0.629,0.273,0,0,0,999,11338
Sandy Leon,Red Sox,46,192,174,39,8,1,4,20,19,13,48,2,1,0,0.223,0.281,0.342,0.623,0.273,1.6,-0.3,0.3,598.8,5273
Raffy Lopez,Braves,8,34,31,7,1,0,1,3,4,3,11,0,0,0,0.213,0.281,0.349,0.629,0.272,-0.1,0,0,999,12606
Caleb Joseph,Diamondbacks,8,32,30,7,1,0,1,3,3,2,8,0,0,0,0.228,0.272,0.353,0.626,0.272,0.2,0,0,600.5,7087
Thairo Estrada,Yankees,2,7,7,2,0,0,0,1,1,0,1,0,0,0,0.245,0.288,0.331,0.618,0.272,0,0,0,999,sa739620
Victor Reyes,Tigers,47,196,185,47,7,2,2,21,16,8,38,1,6,2,0.252,0.283,0.343,0.626,0.272,0.1,0.2,-0.1,600.3,15487
Eric Haase,Indians,8,32,29,6,1,0,1,3,4,2,12,0,0,0,0.198,0.257,0.371,0.628,0.272,0.1,0,0,999,14111
Edward Olivares,Padres,2,7,7,2,0,0,0,1,1,0,1,0,0,0,0.229,0.27,0.355,0.625,0.271,0,0,0,999,sa832015
Edmundo Sosa,Cardinals,5,21,20,5,1,0,0,2,2,1,4,0,0,0,0.238,0.277,0.344,0.621,0.27,0,0,0,999,17022
Monte Harrison,Marlins,3,14,13,3,0,0,0,1,1,1,5,0,0,0,0.21,0.27,0.343,0.613,0.27,0,0,0,999,sa828691
Skye Bolt,Athletics,2,7,6,1,0,0,0,1,1,1,2,0,0,0,0.209,0.274,0.341,0.616,0.27,0,0,0,999,sa658783
Alcides Escobar,Orioles,67,280,261,64,11,2,3,27,22,12,43,2,4,2,0.245,0.283,0.335,0.617,0.269,-1.1,0.3,0,597.3,6310
Anthony Alford,Blue Jays,17,70,63,14,3,0,1,7,6,5,21,1,2,1,0.216,0.285,0.321,0.606,0.269,0.5,0.1,-0.1,999,14329
Andrew Velazquez,Rays,3,14,13,3,0,0,0,1,1,1,4,0,1,0,0.222,0.273,0.342,0.615,0.269,0,0,0,999,14196
Rene Rivera,Giants,23,96,88,19,4,0,3,8,10,5,29,1,0,0,0.215,0.269,0.351,0.621,0.269,0.4,-0.2,0.1,999,3648
Aramis Garcia,Giants,8,32,30,7,1,0,1,3,3,2,9,0,0,0,0.219,0.265,0.352,0.618,0.269,0,0,0,589,16925
Michael Lorenzen,Reds,4,15,13,3,1,0,0,1,1,1,4,0,0,0,0.213,0.277,0.334,0.612,0.269,0,0,0,598.5,14843
Chad Wallach,Marlins,30,128,114,23,5,0,3,11,11,11,38,2,0,0,0.204,0.279,0.326,0.605,0.269,-0.1,-0.1,0.2,600.6,17161
Beau Taylor,Athletics,8,32,28,6,1,0,0,3,2,3,9,0,0,0,0.209,0.294,0.301,0.595,0.267,0.1,0,0,999,12384
Ryan Cordell,White Sox,8,35,32,7,1,0,1,3,3,2,10,0,1,0,0.212,0.262,0.352,0.614,0.267,0.1,0,-0.1,999,15181
Steve Wilkerson,Orioles,42,175,159,36,6,0,3,16,14,11,47,2,3,2,0.225,0.283,0.317,0.6,0.265,0.7,-0.3,-0.1,999,16041
Luke Maile,Blue Jays,23,96,87,18,4,0,2,9,9,7,25,1,1,0,0.211,0.275,0.325,0.6,0.265,0.5,0,0.1,598.6,13355
Jose Briceno,Angels,15,64,60,13,2,0,2,6,7,3,15,0,1,0,0.216,0.255,0.357,0.612,0.265,0.5,0,0.1,999,13151
Richard Urena,Blue Jays,20,84,79,18,4,0,1,8,8,4,19,0,1,1,0.232,0.268,0.342,0.61,0.264,0.2,0,0,999,16411
Adam Engel,White Sox,122,511,464,97,19,4,9,51,41,31,154,8,19,7,0.21,0.27,0.327,0.597,0.263,0.9,1.5,-0.1,582.5,15082
Luis Torrens,Padres,3,13,12,3,1,0,0,1,1,1,2,0,0,0,0.229,0.273,0.328,0.601,0.262,-0.1,0,0,999,15905
Andrew Romine,,125,525,477,108,18,3,5,54,36,31,125,7,9,4,0.226,0.281,0.308,0.59,0.262,-1.1,0.1,-0.3,999,1159
Ichiro Suzuki,Mariners,2,7,6,1,0,0,0,1,1,0,1,0,0,0,0.233,0.287,0.3,0.587,0.262,0,0,0,999,1101
Kristopher Negron,Mariners,7,28,25,5,1,0,1,3,2,2,9,0,1,0,0.206,0.268,0.323,0.591,0.261,0,0,0,999,5306
Tomas Nido,Mets,3,13,12,3,1,0,0,1,1,1,3,0,0,0,0.225,0.26,0.341,0.601,0.261,0,0,0,999,13755
Sergio Alcantara,Tigers,12,49,45,11,2,0,0,4,3,3,10,0,1,1,0.234,0.286,0.299,0.585,0.26,0.1,-0.1,0,999,sa739641
Eric Stamets,Indians,3,14,13,3,1,0,0,1,1,1,4,0,0,0,0.204,0.263,0.323,0.586,0.258,0.1,0,0,999,sa621787
Jose Trevino,Rangers,30,128,121,28,5,0,2,12,12,6,20,1,1,1,0.228,0.264,0.328,0.592,0.258,1.1,-0.1,0,601,16725
Jorge Mateo,Athletics,3,14,13,3,1,0,0,1,1,1,4,0,1,0,0.213,0.258,0.332,0.59,0.256,0,0,0,599,sa657910
Rajai Davis,Mets,5,21,19,4,1,0,0,2,1,1,5,0,1,0,0.218,0.272,0.306,0.578,0.256,-0.1,0.1,0,595.7,3708
Jeff Mathis,Rangers,91,384,347,72,15,2,5,32,33,29,115,3,1,0,0.208,0.272,0.307,0.579,0.255,4.8,-0.8,0.1,599.3,3448
Magneuris Sierra,Marlins,17,71,67,16,2,1,0,6,5,3,15,0,2,1,0.237,0.272,0.311,0.583,0.255,-0.1,0.1,-0.1,600.4,17023
Blake Trahan,Reds,3,14,13,3,0,0,0,1,1,1,3,0,0,0,0.216,0.283,0.286,0.569,0.255,0,0,0,999,17588
Nick Ciuffo,Rays,6,26,24,5,1,0,0,2,2,1,7,0,0,0,0.214,0.26,0.318,0.578,0.254,0.1,0,0,999,16291
Jhonatan Solano,,76,320,296,66,12,1,4,26,27,15,45,4,1,0,0.225,0.268,0.306,0.574,0.251,-1.4,-0.2,-0.3,999,7515
Bobby Wilson,Tigers,30,128,116,23,5,0,3,11,12,8,33,1,0,0,0.202,0.257,0.31,0.567,0.249,0.3,-0.2,0,999,6564
Rocky Gale,Dodgers,1,6,6,1,0,0,0,1,1,0,1,0,0,0,0.223,0.263,0.302,0.565,0.248,0,0,0,999,10533
Arquimedes Gamboa,Phillies,2,7,6,1,0,0,0,1,1,1,2,0,0,0,0.197,0.264,0.287,0.551,0.246,0,0,0,999,sa877497
Javier Guerra,Padres,3,14,13,2,0,0,0,1,1,1,5,0,0,0,0.189,0.234,0.318,0.552,0.24,0,0,0,999,17292
Terrance Gore,Royals,2,7,6,1,0,0,0,1,0,0,2,0,1,0,0.208,0.27,0.251,0.521,0.237,-0.1,0.1,0,999,13658
